App,Category,Rating,Reviews,Size,Installs,Type,Price,Content Rating,Genres,Last Updated,Current Ver,Android Ver,Installs_num,Price_num,Size_MB,Primary_Genre
Photo Editor & Candy Camera & Grid & ScrapBook,ART_AND_DESIGN,4.1,159,19M,"10,000+",Free,0,Everyone,Art & Design,2018-01-07,1.0.0,4.0.3 and up,10000.0,0.0,19.0,Art & Design
Coloring book moana,ART_AND_DESIGN,3.9,967,14M,"500,000+",Free,0,Everyone,Art & Design;Pretend Play,2018-01-15,2.0.0,4.0.3 and up,500000.0,0.0,14.0,Art & Design
"U Launcher Lite – FREE Live Cool Themes, Hide Apps",ART_AND_DESIGN,4.7,87510,8.7M,"5,000,000+",Free,0,Everyone,Art & Design,2018-08-01,1.2.4,4.0.3 and up,5000000.0,0.0,8.7,Art & Design
Sketch - Draw & Paint,ART_AND_DESIGN,4.5,215644,25M,"50,000,000+",Free,0,Teen,Art & Design,2018-06-08,Varies with device,4.2 and up,50000000.0,0.0,25.0,Art & Design
Pixel Draw - Number Art Coloring Book,ART_AND_DESIGN,4.3,967,2.8M,"100,000+",Free,0,Everyone,Art & Design;Creativity,2018-06-20,1.1,4.4 and up,100000.0,0.0,2.8,Art & Design
Paper flowers instructions,ART_AND_DESIGN,4.4,167,5.6M,"50,000+",Free,0,Everyone,Art & Design,2017-03-26,1.0,2.3 and up,50000.0,0.0,5.6,Art & Design
Smoke Effect Photo Maker - Smoke Editor,ART_AND_DESIGN,3.8,178,19M,"50,000+",Free,0,Everyone,Art & Design,2018-04-26,1.1,4.0.3 and up,50000.0,0.0,19.0,Art & Design
Infinite Painter,ART_AND_DESIGN,4.1,36815,29M,"1,000,000+",Free,0,Everyone,Art & Design,2018-06-14,6.1.61.1,4.2 and up,1000000.0,0.0,29.0,Art & Design
Garden Coloring Book,ART_AND_DESIGN,4.4,13791,33M,"1,000,000+",Free,0,Everyone,Art & Design,2017-09-20,2.9.2,3.0 and up,1000000.0,0.0,33.0,Art & Design
Kids Paint Free - Drawing Fun,ART_AND_DESIGN,4.7,121,3.1M,"10,000+",Free,0,Everyone,Art & Design;Creativity,2018-07-03,2.8,4.0.3 and up,10000.0,0.0,3.1,Art & Design
Text on Photo - Fonteee,ART_AND_DESIGN,4.4,13880,28M,"1,000,000+",Free,0,Everyone,Art & Design,2017-10-27,1.0.4,4.1 and up,1000000.0,0.0,28.0,Art & Design
Name Art Photo Editor - Focus n Filters,ART_AND_DESIGN,4.4,8788,12M,"1,000,000+",Free,0,Everyone,Art & Design,2018-07-31,1.0.15,4.0 and up,1000000.0,0.0,12.0,Art & Design
Tattoo Name On My Photo Editor,ART_AND_DESIGN,4.2,44829,20M,"10,000,000+",Free,0,Teen,Art & Design,2018-04-02,3.8,4.1 and up,10000000.0,0.0,20.0,Art & Design
Mandala Coloring Book,ART_AND_DESIGN,4.6,4326,21M,"100,000+",Free,0,Everyone,Art & Design,2018-06-26,1.0.4,4.4 and up,100000.0,0.0,21.0,Art & Design
3D Color Pixel by Number - Sandbox Art Coloring,ART_AND_DESIGN,4.4,1518,37M,"100,000+",Free,0,Everyone,Art & Design,2018-08-03,1.2.3,2.3 and up,100000.0,0.0,37.0,Art & Design
Learn To Draw Kawaii Characters,ART_AND_DESIGN,3.2,55,2.7M,"5,000+",Free,0,Everyone,Art & Design,2018-06-06,,4.2 and up,5000.0,0.0,2.7,Art & Design
Photo Designer - Write your name with shapes,ART_AND_DESIGN,4.7,3632,5.5M,"500,000+",Free,0,Everyone,Art & Design,2018-07-31,3.1,4.1 and up,500000.0,0.0,5.5,Art & Design
350 Diy Room Decor Ideas,ART_AND_DESIGN,4.5,27,17M,"10,000+",Free,0,Everyone,Art & Design,2017-11-07,1.0,2.3 and up,10000.0,0.0,17.0,Art & Design
FlipaClip - Cartoon animation,ART_AND_DESIGN,4.3,194216,39M,"5,000,000+",Free,0,Everyone,Art & Design,2018-08-03,2.2.5,4.0.3 and up,5000000.0,0.0,39.0,Art & Design
ibis Paint X,ART_AND_DESIGN,4.6,224399,31M,"10,000,000+",Free,0,Everyone,Art & Design,2018-07-30,5.5.4,4.1 and up,10000000.0,0.0,31.0,Art & Design
Logo Maker - Small Business,ART_AND_DESIGN,4.0,450,14M,"100,000+",Free,0,Everyone,Art & Design,2018-04-20,4.0,4.1 and up,100000.0,0.0,14.0,Art & Design
Boys Photo Editor - Six Pack & Men's Suit,ART_AND_DESIGN,4.1,654,12M,"100,000+",Free,0,Everyone,Art & Design,2018-03-20,1.1,4.0.3 and up,100000.0,0.0,12.0,Art & Design
Superheroes Wallpapers | 4K Backgrounds,ART_AND_DESIGN,4.7,7699,4.2M,"500,000+",Free,0,Everyone 10+,Art & Design,2018-07-12,2.2.6.2,4.0.3 and up,500000.0,0.0,4.2,Art & Design
Mcqueen Coloring pages,ART_AND_DESIGN,,61,7.0M,"100,000+",Free,0,Everyone,Art & Design;Action & Adventure,2018-03-07,1.0.0,4.1 and up,100000.0,0.0,7.0,Art & Design
HD Mickey Minnie Wallpapers,ART_AND_DESIGN,4.7,118,23M,"50,000+",Free,0,Everyone,Art & Design,2018-07-07,1.1.3,4.1 and up,50000.0,0.0,23.0,Art & Design
Harley Quinn wallpapers HD,ART_AND_DESIGN,4.8,192,6.0M,"10,000+",Free,0,Everyone,Art & Design,2018-04-25,1.5,3.0 and up,10000.0,0.0,6.0,Art & Design
Colorfit - Drawing & Coloring,ART_AND_DESIGN,4.7,20260,25M,"500,000+",Free,0,Everyone,Art & Design;Creativity,2017-10-11,1.0.8,4.0.3 and up,500000.0,0.0,25.0,Art & Design
Animated Photo Editor,ART_AND_DESIGN,4.1,203,6.1M,"100,000+",Free,0,Everyone,Art & Design,2018-03-21,1.03,4.0.3 and up,100000.0,0.0,6.1,Art & Design
Pencil Sketch Drawing,ART_AND_DESIGN,3.9,136,4.6M,"10,000+",Free,0,Everyone,Art & Design,2018-07-12,6.0,2.3 and up,10000.0,0.0,4.6,Art & Design
Easy Realistic Drawing Tutorial,ART_AND_DESIGN,4.1,223,4.2M,"100,000+",Free,0,Everyone,Art & Design,2017-08-22,1.0,2.3 and up,100000.0,0.0,4.2,Art & Design
Pink Silver Bow Keyboard Theme,ART_AND_DESIGN,4.2,1120,9.2M,"100,000+",Free,0,Everyone,Art & Design,2018-07-12,6.7.12.2018,4.0.3 and up,100000.0,0.0,9.2,Art & Design
Art Drawing Ideas,ART_AND_DESIGN,4.1,227,5.2M,"50,000+",Free,0,Everyone,Art & Design,2018-05-31,1.2,2.3 and up,50000.0,0.0,5.2,Art & Design
Anime Manga Coloring Book,ART_AND_DESIGN,4.5,5035,11M,"100,000+",Free,0,Everyone,Art & Design,2018-07-19,2.20,4.0 and up,100000.0,0.0,11.0,Art & Design
Easy Origami Ideas,ART_AND_DESIGN,4.2,1015,11M,"100,000+",Free,0,Everyone,Art & Design,2018-01-06,1.1.0,4.1 and up,100000.0,0.0,11.0,Art & Design
I Creative Idea,ART_AND_DESIGN,4.7,353,4.2M,"10,000+",Free,0,Teen,Art & Design,2018-04-27,1.6,4.1 and up,10000.0,0.0,4.2,Art & Design
How to draw Ladybug and Cat Noir,ART_AND_DESIGN,3.8,564,9.2M,"100,000+",Free,0,Everyone,Art & Design,2018-07-11,2.1,4.1 and up,100000.0,0.0,9.2,Art & Design
UNICORN - Color By Number & Pixel Art Coloring,ART_AND_DESIGN,4.7,8145,24M,"500,000+",Free,0,Everyone,Art & Design;Creativity,2018-08-02,1.0.9,4.4 and up,500000.0,0.0,24.0,Art & Design
Floor Plan Creator,ART_AND_DESIGN,4.1,36639,Varies with device,"5,000,000+",Free,0,Everyone,Art & Design,2018-07-14,Varies with device,2.3.3 and up,5000000.0,0.0,,Art & Design
PIP Camera - PIP Collage Maker,ART_AND_DESIGN,4.7,158,11M,"10,000+",Free,0,Everyone,Art & Design,2017-11-29,1.3,4.0.3 and up,10000.0,0.0,11.0,Art & Design
How To Color Disney Princess - Coloring Pages,ART_AND_DESIGN,4.0,591,9.4M,"500,000+",Free,0,Everyone,Art & Design,2018-03-31,1,4.0 and up,500000.0,0.0,9.4,Art & Design
Drawing Clothes Fashion Ideas,ART_AND_DESIGN,4.2,117,15M,"10,000+",Free,0,Everyone,Art & Design,2018-07-20,2.0.1,4.0.3 and up,10000.0,0.0,15.0,Art & Design
Sad Poetry Photo Frames 2018,ART_AND_DESIGN,4.5,176,10M,"100,000+",Free,0,Everyone,Art & Design,2018-04-02,1.0,4.0.3 and up,100000.0,0.0,10.0,Art & Design
Textgram - write on photos,ART_AND_DESIGN,4.4,295221,Varies with device,"10,000,000+",Free,0,Everyone,Art & Design,2018-07-30,Varies with device,Varies with device,10000000.0,0.0,,Art & Design
Paint Splash!,ART_AND_DESIGN,3.8,2206,1.2M,"100,000+",Free,0,Everyone,Art & Design;Creativity,2018-04-15,1.46,4.1 and up,100000.0,0.0,1.2,Art & Design
Popsicle Sticks and Similar DIY Craft Ideas,ART_AND_DESIGN,4.2,26,12M,"10,000+",Free,0,Everyone,Art & Design,2018-01-03,1.0.0,4.1 and up,10000.0,0.0,12.0,Art & Design
"Canva: Poster, banner, card maker & graphic design",ART_AND_DESIGN,4.7,174531,24M,"10,000,000+",Free,0,Everyone,Art & Design,2018-07-31,1.6.1,4.1 and up,10000000.0,0.0,24.0,Art & Design
Install images with music to make video without Net - 2018,ART_AND_DESIGN,4.6,1070,26M,"100,000+",Free,0,Everyone,Art & Design,2017-11-14,1.6,4.1 and up,100000.0,0.0,26.0,Art & Design
Little Teddy Bear Colouring Book Game,ART_AND_DESIGN,4.2,85,8.0M,"100,000+",Free,0,Everyone,Art & Design,2017-12-17,2.0.0,4.1 and up,100000.0,0.0,8.0,Art & Design
How To Draw Food,ART_AND_DESIGN,4.3,845,7.9M,"100,000+",Free,0,Everyone,Art & Design,2018-05-28,1.0,2.3 and up,100000.0,0.0,7.9,Art & Design
Monster Truck Stunt 3D 2019,AUTO_AND_VEHICLES,4.2,367,25M,"100,000+",Free,0,Everyone,Auto & Vehicles,2018-05-10,1.0,4.0.3 and up,100000.0,0.0,25.0,Auto & Vehicles
Real Tractor Farming,AUTO_AND_VEHICLES,4.0,1598,56M,"1,000,000+",Free,0,Everyone,Auto & Vehicles,2018-07-26,11.0,4.1 and up,1000000.0,0.0,56.0,Auto & Vehicles
Ultimate F1 Racing Championship,AUTO_AND_VEHICLES,3.8,284,57M,"100,000+",Free,0,Everyone,Auto & Vehicles,2018-07-26,3.0,4.1 and up,100000.0,0.0,57.0,Auto & Vehicles
Used Cars and Trucks for Sale,AUTO_AND_VEHICLES,4.6,17057,Varies with device,"1,000,000+",Free,0,Everyone,Auto & Vehicles,2018-07-30,Varies with device,Varies with device,1000000.0,0.0,,Auto & Vehicles
American Muscle Car Race,AUTO_AND_VEHICLES,3.9,129,35M,"100,000+",Free,0,Everyone,Auto & Vehicles,2018-07-26,3.0,4.1 and up,100000.0,0.0,35.0,Auto & Vehicles
Offroad Oil Tanker Driver Transport Truck 2019,AUTO_AND_VEHICLES,4.3,542,33M,"100,000+",Free,0,Everyone,Auto & Vehicles,2018-07-31,4.0,4.1 and up,100000.0,0.0,33.0,Auto & Vehicles
Tickets SDA 2018 and Exam from the State Traffic Safety Inspectorate with Drom.ru,AUTO_AND_VEHICLES,4.9,10479,33M,"100,000+",Free,0,Everyone,Auto & Vehicles,2018-07-18,1.7.1,4.0 and up,100000.0,0.0,33.0,Auto & Vehicles
Gas Prices (Germany only),AUTO_AND_VEHICLES,4.4,805,5.6M,"50,000+",Free,0,Everyone,Auto & Vehicles,2018-07-29,2.5.1,4.4 and up,50000.0,0.0,5.6,Auto & Vehicles
Extreme Rally Championship,AUTO_AND_VEHICLES,4.2,129,54M,"100,000+",Free,0,Everyone,Auto & Vehicles,2018-07-26,3.0,4.1 and up,100000.0,0.0,54.0,Auto & Vehicles
Restart Navigator,AUTO_AND_VEHICLES,4.0,1403,201k,"100,000+",Free,0,Everyone,Auto & Vehicles,2014-08-26,1.0.1,2.2 and up,100000.0,0.0,0.1962890625,Auto & Vehicles
"REG - Check the regnumber, find information about Swedish vehicles",AUTO_AND_VEHICLES,3.9,3971,3.6M,"100,000+",Free,0,Everyone,Auto & Vehicles,2018-07-30,2.493,4.4 and up,100000.0,0.0,3.6,Auto & Vehicles
CityBus Lviv,AUTO_AND_VEHICLES,4.6,534,5.7M,"10,000+",Free,0,Everyone,Auto & Vehicles,2018-07-08,1.9.1,4.0.3 and up,10000.0,0.0,5.7,Auto & Vehicles
CDL Practice Test 2018 Edition,AUTO_AND_VEHICLES,4.9,7774,17M,"100,000+",Free,0,Everyone,Auto & Vehicles,2018-07-03,1.7,4.2 and up,100000.0,0.0,17.0,Auto & Vehicles
"ezETC (ETC balance inquiry, meter trial, real-time traffic)",AUTO_AND_VEHICLES,4.3,38846,8.6M,"1,000,000+",Free,0,Everyone,Auto & Vehicles,2018-07-28,2.20 Build 02,4.1 and up,1000000.0,0.0,8.6,Auto & Vehicles
Free VIN Report for Used Cars,AUTO_AND_VEHICLES,4.6,2431,2.4M,"100,000+",Free,0,Everyone,Auto & Vehicles,2018-06-12,1.37,4.0 and up,100000.0,0.0,2.4,Auto & Vehicles
DMV Permit Practice Test 2018 Edition,AUTO_AND_VEHICLES,4.9,6090,27M,"100,000+",Free,0,Everyone,Auto & Vehicles,2018-07-03,1.7,4.2 and up,100000.0,0.0,27.0,Auto & Vehicles
Check Vehicle Tax,AUTO_AND_VEHICLES,3.9,295,2.7M,"10,000+",Free,0,Everyone,Auto & Vehicles,2018-07-30,0.2.1,4.4 and up,10000.0,0.0,2.7,Auto & Vehicles
Used Cars Mexico,AUTO_AND_VEHICLES,4.0,190,2.5M,"50,000+",Free,0,Everyone,Auto & Vehicles,2016-10-14,1.0,2.3 and up,50000.0,0.0,2.5,Auto & Vehicles
Ulysse Speedometer,AUTO_AND_VEHICLES,4.3,40211,Varies with device,"5,000,000+",Free,0,Everyone,Auto & Vehicles,2018-07-30,Varies with device,Varies with device,5000000.0,0.0,,Auto & Vehicles
REPUVE,AUTO_AND_VEHICLES,3.9,356,Varies with device,"100,000+",Free,0,Everyone,Auto & Vehicles,2018-05-25,Varies with device,Varies with device,100000.0,0.0,,Auto & Vehicles
Used cars for sale - Trovit,AUTO_AND_VEHICLES,4.2,52530,7.0M,"5,000,000+",Free,0,Everyone,Auto & Vehicles,2018-07-16,4.47.3,4.0.3 and up,5000000.0,0.0,7.0,Auto & Vehicles
"Fines of the State Traffic Safety Inspectorate are official: inspection, payment of fines",AUTO_AND_VEHICLES,4.8,116986,35M,"5,000,000+",Free,0,Everyone,Auto & Vehicles,2018-08-02,1.9.7,4.0.3 and up,5000000.0,0.0,35.0,Auto & Vehicles
SK Enca Direct Malls - Used Cars Search,AUTO_AND_VEHICLES,3.6,1379,16M,"500,000+",Free,0,Everyone,Auto & Vehicles,2018-08-02,2.2.21,4.2 and up,500000.0,0.0,16.0,Auto & Vehicles
"Android Auto - Maps, Media, Messaging & Voice",AUTO_AND_VEHICLES,4.2,271920,16M,"10,000,000+",Free,0,Teen,Auto & Vehicles,2018-07-11,Varies with device,5.0 and up,10000000.0,0.0,16.0,Auto & Vehicles
PDD-UA,AUTO_AND_VEHICLES,4.8,736,Varies with device,"100,000+",Free,0,Everyone,Auto & Vehicles,2018-07-29,2.9,2.3.3 and up,100000.0,0.0,,Auto & Vehicles
Tickets SDA 2019 + Exam RF,AUTO_AND_VEHICLES,4.8,7021,17M,"500,000+",Free,0,Everyone,Auto & Vehicles,2018-07-27,1.79,4.0 and up,500000.0,0.0,17.0,Auto & Vehicles
Super Cars Wallpapers And Backgrounds,AUTO_AND_VEHICLES,4.6,197,3.4M,"50,000+",Free,0,Everyone,Auto & Vehicles,2018-06-14,1.3,4.0 and up,50000.0,0.0,3.4,Auto & Vehicles
"Police Lights, Sirens & Follow Me",AUTO_AND_VEHICLES,4.5,737,8.9M,"100,000+",Free,0,Everyone,Auto & Vehicles,2018-06-08,2.3.5.1,4.1 and up,100000.0,0.0,8.9,Auto & Vehicles
Police Detector (Speed Camera Radar),AUTO_AND_VEHICLES,4.3,3574,3.9M,"1,000,000+",Free,0,Everyone 10+,Auto & Vehicles,2018-07-04,1.6,4.0 and up,1000000.0,0.0,3.9,Auto & Vehicles
Best Car Wallpapers,AUTO_AND_VEHICLES,4.5,994,2.9M,"100,000+",Free,0,Everyone,Auto & Vehicles,2018-03-27,1.6,4.1 and up,100000.0,0.0,2.9,Auto & Vehicles
Tickets + PDA 2018 Exam,AUTO_AND_VEHICLES,4.9,197136,38M,"1,000,000+",Free,0,Everyone,Auto & Vehicles,2018-07-15,8.31,4.1 and up,1000000.0,0.0,38.0,Auto & Vehicles
Pick Your Part Garage,AUTO_AND_VEHICLES,3.9,142,32M,"50,000+",Free,0,Everyone,Auto & Vehicles,2018-07-24,1.1.5.0,6.0 and up,50000.0,0.0,32.0,Auto & Vehicles
PakWheels: Buy & Sell Cars,AUTO_AND_VEHICLES,4.4,15168,37M,"1,000,000+",Free,0,Everyone,Auto & Vehicles,2018-07-27,10.0.2,4.2 and up,1000000.0,0.0,37.0,Auto & Vehicles
Supervision service,AUTO_AND_VEHICLES,4.0,2155,15M,"500,000+",Free,0,Everyone,Auto & Vehicles,2018-07-30,1.10.3,5.0 and up,500000.0,0.0,15.0,Auto & Vehicles
Speed Camera Detector - Traffic & Speed Alert,AUTO_AND_VEHICLES,4.3,138,5.4M,"100,000+",Free,0,Everyone,Auto & Vehicles,2018-07-23,1.0,4.0.3 and up,100000.0,0.0,5.4,Auto & Vehicles
Used car search Goo net whole car Go to net,AUTO_AND_VEHICLES,3.7,5414,18M,"1,000,000+",Free,0,Everyone,Auto & Vehicles,2018-07-23,3.20.1,4.4 and up,1000000.0,0.0,18.0,Auto & Vehicles
CarMax – Cars for Sale: Search Used Car Inventory,AUTO_AND_VEHICLES,4.4,21777,Varies with device,"1,000,000+",Free,0,Everyone,Auto & Vehicles,2018-08-04,Varies with device,Varies with device,1000000.0,0.0,,Auto & Vehicles
BEST CAR SOUNDS,AUTO_AND_VEHICLES,4.3,348,38M,"100,000+",Free,0,Everyone,Auto & Vehicles,2018-07-29,1.0.3,2.3 and up,100000.0,0.0,38.0,Auto & Vehicles
RST - Sale of cars on the PCT,AUTO_AND_VEHICLES,3.2,250,1.1M,"100,000+",Free,0,Everyone,Auto & Vehicles,2018-04-27,1.4,4.0.3 and up,100000.0,0.0,1.1,Auto & Vehicles
AutoScout24 Switzerland – Find your new car,AUTO_AND_VEHICLES,4.6,13372,Varies with device,"1,000,000+",Free,0,Everyone,Auto & Vehicles,2018-08-03,Varies with device,Varies with device,1000000.0,0.0,,Auto & Vehicles
Zona Azul Digital Fácil SP CET - OFFICIAL São Paulo,AUTO_AND_VEHICLES,4.6,7880,Varies with device,"100,000+",Free,0,Everyone,Auto & Vehicles,2018-05-10,4.6.5,Varies with device,100000.0,0.0,,Auto & Vehicles
SMS Park,AUTO_AND_VEHICLES,4.5,3617,7.9M,"100,000+",Free,0,Everyone,Auto & Vehicles,2018-05-16,2.8.2,4.1 and up,100000.0,0.0,7.9,Auto & Vehicles
SKencar,AUTO_AND_VEHICLES,3.7,4806,35M,"1,000,000+",Free,0,Everyone,Auto & Vehicles,2018-07-31,4.0.3,4.0.3 and up,1000000.0,0.0,35.0,Auto & Vehicles
Fuelio: Gas log & costs,AUTO_AND_VEHICLES,4.6,65786,Varies with device,"1,000,000+",Free,0,Everyone,Auto & Vehicles,2018-08-02,Varies with device,4.0.3 and up,1000000.0,0.0,,Auto & Vehicles
auto fines,AUTO_AND_VEHICLES,4.6,31433,17M,"1,000,000+",Free,0,Everyone,Auto & Vehicles,2018-08-02,1.40,4.0.3 and up,1000000.0,0.0,17.0,Auto & Vehicles
"Used car is the first car - used car purchase, used car quotation, dealer information to",AUTO_AND_VEHICLES,4.6,5097,19M,"1,000,000+",Free,0,Everyone,Auto & Vehicles,2018-07-23,1.5.18,4.0.3 and up,1000000.0,0.0,19.0,Auto & Vehicles
All of the parking lot - National Park application (parking lot search / parking sharing / discount payment),AUTO_AND_VEHICLES,4.0,1754,14M,"500,000+",Free,0,Everyone,Auto & Vehicles,2018-06-02,2.3.4,4.0 and up,500000.0,0.0,14.0,Auto & Vehicles
Inquiry Fines and Debits of Vehicles,AUTO_AND_VEHICLES,4.4,2680,2.2M,"500,000+",Free,0,Everyone,Auto & Vehicles,2018-03-20,1.03,4.0.3 and up,500000.0,0.0,2.2,Auto & Vehicles
Gas Station,AUTO_AND_VEHICLES,4.0,1288,4.5M,"100,000+",Free,0,Everyone,Auto & Vehicles,2018-04-21,2.17,4.0 and up,100000.0,0.0,4.5,Auto & Vehicles
Hush - Beauty for Everyone,BEAUTY,4.7,18900,17M,"500,000+",Free,0,Everyone,Beauty,2018-08-02,6.10.1,5.0 and up,500000.0,0.0,17.0,Beauty
"ipsy: Makeup, Beauty, and Tips",BEAUTY,4.9,49790,14M,"1,000,000+",Free,0,Everyone,Beauty,2017-11-09,2.3.0,4.1 and up,1000000.0,0.0,14.0,Beauty
Natural recipes for your beauty,BEAUTY,4.7,1150,9.8M,"100,000+",Free,0,Everyone,Beauty,2018-05-15,4.0,4.1 and up,100000.0,0.0,9.8,Beauty
"BestCam Selfie-selfie, beauty camera, photo editor",BEAUTY,3.9,1739,21M,"500,000+",Free,0,Everyone,Beauty,2018-07-12,1.0.6,4.0.3 and up,500000.0,0.0,21.0,Beauty
Mirror - Zoom & Exposure -,BEAUTY,3.9,32090,Varies with device,"1,000,000+",Free,0,Everyone,Beauty,2016-10-24,Varies with device,Varies with device,1000000.0,0.0,,Beauty
Beauty Selfie Camera,BEAUTY,4.2,2225,52M,"500,000+",Free,0,Everyone,Beauty,2018-02-28,1.6,4.1 and up,500000.0,0.0,52.0,Beauty
Hairstyles step by step,BEAUTY,4.6,4369,14M,"100,000+",Free,0,Everyone,Beauty,2018-07-25,1.9,4.0.3 and up,100000.0,0.0,14.0,Beauty
Filters for Selfie,BEAUTY,4.3,8572,25M,"1,000,000+",Free,0,Everyone,Beauty,2018-05-10,1.1.0,4.0 and up,1000000.0,0.0,25.0,Beauty
Tie - Always be happy,BEAUTY,4.7,964,9.0M,"50,000+",Free,0,Everyone,Beauty,2018-06-21,4.0,4.2 and up,50000.0,0.0,9.0,Beauty
Ulta Beauty,BEAUTY,4.7,42050,Varies with device,"1,000,000+",Free,0,Everyone,Beauty,2018-06-05,5.4,5.0 and up,1000000.0,0.0,,Beauty
Prom MakeUp Tutorial,BEAUTY,4.8,104,12M,"10,000+",Free,0,Everyone,Beauty,2018-06-26,1.3,4.0.3 and up,10000.0,0.0,12.0,Beauty
Selfie Camera,BEAUTY,4.2,17934,Varies with device,"1,000,000+",Free,0,Everyone,Beauty,2017-09-12,Varies with device,Varies with device,1000000.0,0.0,,Beauty
Sweet Selfie Beauty Camera,BEAUTY,4.3,601,35M,"100,000+",Free,0,Everyone,Beauty,2018-06-02,2.0.0,4.0 and up,100000.0,0.0,35.0,Beauty
Colors of white in Urdu,BEAUTY,4.5,36,6.7M,"10,000+",Free,0,Everyone,Beauty,2018-07-26,6.0,4.0 and up,10000.0,0.0,6.7,Beauty
Selfie Camera Photo Editor & Filter & Sticker,BEAUTY,4.1,187,30M,"50,000+",Free,0,Teen,Beauty,2018-07-24,3.0.1,4.0.3 and up,50000.0,0.0,30.0,Beauty
Wrinkles and rejuvenation,BEAUTY,,182,5.7M,"100,000+",Free,0,Everyone 10+,Beauty,2017-09-20,8.0,3.0 and up,100000.0,0.0,5.7,Beauty
Eyes Makeup Beauty Tips,BEAUTY,4.2,30,2.9M,"10,000+",Free,0,Everyone,Beauty,2018-04-09,3.3.9,4.0.3 and up,10000.0,0.0,2.9,Beauty
Photo Editor 2018,BEAUTY,4.5,134,17M,"10,000+",Free,0,Everyone,Beauty,2018-03-01,1.20,4.0.3 and up,10000.0,0.0,17.0,Beauty
Step By Step Eyes Makeup Tutorial,BEAUTY,4.4,74,2.9M,"10,000+",Free,0,Everyone,Beauty,2018-04-05,2.3.09,4.0.3 and up,10000.0,0.0,2.9,Beauty
Beauty Camera - Selfie Camera,BEAUTY,4.0,113715,Varies with device,"10,000,000+",Free,0,Everyone,Beauty,2017-08-03,Varies with device,Varies with device,10000000.0,0.0,,Beauty
Girls Hairstyles,BEAUTY,4.1,3595,Varies with device,"500,000+",Free,0,Everyone,Beauty,2018-05-24,Varies with device,4.0 and up,500000.0,0.0,,Beauty
Mirror Camera (Mirror + Selfie Camera),BEAUTY,4.1,9315,2.6M,"1,000,000+",Free,0,Everyone,Beauty,2017-11-21,1.4.2,4.0 and up,1000000.0,0.0,2.6,Beauty
Beauty Tips - Beauty Tips in Sinhala,BEAUTY,4.4,75,4.2M,"50,000+",Free,0,Everyone,Beauty,2017-10-18,1.0.0,4.0.3 and up,50000.0,0.0,4.2,Beauty
Haircut Tutorials/Haircut Videos,BEAUTY,4.6,38,7.1M,"10,000+",Free,0,Everyone,Beauty,2018-05-29,1.0,4.0 and up,10000.0,0.0,7.1,Beauty
"Sephora: Skin Care, Beauty Makeup & Fragrance Shop",BEAUTY,4.5,26834,57M,"1,000,000+",Free,0,Everyone,Beauty,2018-07-24,18.5,5.0 and up,1000000.0,0.0,57.0,Beauty
Manicure - nail design,BEAUTY,,119,3.7M,"50,000+",Free,0,Everyone,Beauty,2018-07-23,1.3,4.1 and up,50000.0,0.0,3.7,Beauty
"Sticker Camera - Selfie Filters, Beauty Camera",BEAUTY,3.9,2277,22M,"500,000+",Free,0,Everyone,Beauty,2018-07-12,1.1.0,4.0.3 and up,500000.0,0.0,22.0,Beauty
Filters for B Live,BEAUTY,4.4,2280,24M,"500,000+",Free,0,Everyone,Beauty,2018-05-14,1.1.0,4.0 and up,500000.0,0.0,24.0,Beauty
Skin Care and Natural Beauty,BEAUTY,,654,7.4M,"100,000+",Free,0,Teen,Beauty,2018-07-17,1.15,4.1 and up,100000.0,0.0,7.4,Beauty
Facial Wrinkle Reduction,BEAUTY,4.6,184,21M,"10,000+",Free,0,Everyone,Beauty,2018-07-02,1.5,4.1 and up,10000.0,0.0,21.0,Beauty
Makeup Videos,BEAUTY,3.8,9,3.4M,"5,000+",Free,0,Everyone,Beauty,2018-06-07,1.0,4.0 and up,5000.0,0.0,3.4,Beauty
"Secrets of beauty, youth and health",BEAUTY,,77,2.9M,"10,000+",Free,0,Mature 17+,Beauty,2017-08-08,2.0,2.3 and up,10000.0,0.0,2.9,Beauty
Recipes and tips for losing weight,BEAUTY,,35,3.1M,"10,000+",Free,0,Everyone 10+,Beauty,2017-12-11,2.0,3.0 and up,10000.0,0.0,3.1,Beauty
Discover Color,BEAUTY,4.0,364,6.4M,"100,000+",Free,0,Everyone,Beauty,2018-05-24,1.1,4.0.3 and up,100000.0,0.0,6.4,Beauty
Eyeliner step by step 2018,BEAUTY,4.3,18,3.2M,"5,000+",Free,0,Everyone,Beauty,2018-06-01,1.2.13,4.0.3 and up,5000.0,0.0,3.2,Beauty
Dresses Ideas & Fashions +3000,BEAUTY,4.5,473,8.2M,"100,000+",Free,0,Mature 17+,Beauty,2017-03-01,1.0.2.0,1.6 and up,100000.0,0.0,8.2,Beauty
"Lady adviser (beauty, health)",BEAUTY,,30,9.9M,"10,000+",Free,0,Mature 17+,Beauty,2018-01-24,3.0,3.0 and up,10000.0,0.0,9.9,Beauty
Step By Step Hairstyles For Women,BEAUTY,4.1,66,2.9M,"10,000+",Free,0,Everyone,Beauty,2018-04-05,3.1.89,4.0.3 and up,10000.0,0.0,2.9,Beauty
Rainbow Camera,BEAUTY,3.7,3871,23M,"1,000,000+",Free,0,Everyone,Beauty,2018-07-30,2.2.0,4.0 and up,1000000.0,0.0,23.0,Beauty
Methods of teeth whitening,BEAUTY,4.7,257,4.6M,"50,000+",Free,0,Everyone,Beauty,2017-08-07,1.0,4.0.3 and up,50000.0,0.0,4.6,Beauty
Girls hairstyles 2018,BEAUTY,4.2,62,3.1M,"10,000+",Free,0,Everyone,Beauty,2018-05-28,1.9.2,4.0.3 and up,10000.0,0.0,3.1,Beauty
Wattpad 📖 Free Books,BOOKS_AND_REFERENCE,4.6,2914724,Varies with device,"100,000,000+",Free,0,Teen,Books & Reference,2018-08-01,Varies with device,Varies with device,100000000.0,0.0,,Books & Reference
E-Book Read - Read Book for free,BOOKS_AND_REFERENCE,4.5,1857,4.9M,"50,000+",Free,0,Everyone,Books & Reference,2018-08-03,1.3.2,4.4 and up,50000.0,0.0,4.9,Books & Reference
Download free book with green book,BOOKS_AND_REFERENCE,4.6,4478,9.5M,"100,000+",Free,0,Everyone 10+,Books & Reference,2017-07-31,1.1,4.0 and up,100000.0,0.0,9.5,Books & Reference
Wikipedia,BOOKS_AND_REFERENCE,4.4,577550,Varies with device,"10,000,000+",Free,0,Everyone,Books & Reference,2018-08-02,Varies with device,Varies with device,10000000.0,0.0,,Books & Reference
Amazon Kindle,BOOKS_AND_REFERENCE,4.2,814080,Varies with device,"100,000,000+",Free,0,Teen,Books & Reference,2018-07-27,Varies with device,Varies with device,100000000.0,0.0,,Books & Reference
Cool Reader,BOOKS_AND_REFERENCE,4.5,246315,Varies with device,"10,000,000+",Free,0,Everyone,Books & Reference,2015-07-17,Varies with device,1.5 and up,10000000.0,0.0,,Books & Reference
Dictionary - Merriam-Webster,BOOKS_AND_REFERENCE,4.5,454060,Varies with device,"10,000,000+",Free,0,Everyone,Books & Reference,2018-05-18,Varies with device,Varies with device,10000000.0,0.0,,Books & Reference
NOOK: Read eBooks & Magazines,BOOKS_AND_REFERENCE,4.5,155446,Varies with device,"10,000,000+",Free,0,Teen,Books & Reference,2018-04-25,Varies with device,Varies with device,10000000.0,0.0,,Books & Reference
Free Panda Radio Music,BOOKS_AND_REFERENCE,4.5,418,4.2M,"100,000+",Free,0,Everyone,Books & Reference,2018-03-27,2.1,4.1 and up,100000.0,0.0,4.2,Books & Reference
Book store,BOOKS_AND_REFERENCE,4.4,22486,5.4M,"1,000,000+",Free,0,Teen,Books & Reference,2018-06-06,3.2.1,4.0 and up,1000000.0,0.0,5.4,Books & Reference
FBReader: Favorite Book Reader,BOOKS_AND_REFERENCE,4.5,203130,Varies with device,"10,000,000+",Free,0,Everyone,Books & Reference,2018-06-28,Varies with device,Varies with device,10000000.0,0.0,,Books & Reference
English Grammar Complete Handbook,BOOKS_AND_REFERENCE,4.6,1435,2.8M,"500,000+",Free,0,Everyone,Books & Reference,2018-01-21,1.0,4.0 and up,500000.0,0.0,2.8,Books & Reference
Free Books - Spirit Fanfiction and Stories,BOOKS_AND_REFERENCE,4.8,116507,5.0M,"1,000,000+",Free,0,Teen,Books & Reference,2018-08-01,2.0.075,4.0.3 and up,1000000.0,0.0,5.0,Books & Reference
Google Play Books,BOOKS_AND_REFERENCE,3.9,1433233,Varies with device,"1,000,000,000+",Free,0,Teen,Books & Reference,2018-08-03,Varies with device,Varies with device,1000000000.0,0.0,,Books & Reference
AlReader -any text book reader,BOOKS_AND_REFERENCE,4.6,90468,5.9M,"5,000,000+",Free,0,Everyone,Books & Reference,2018-05-27,1.911805270,2.3 and up,5000000.0,0.0,5.9,Books & Reference
Offline English Dictionary,BOOKS_AND_REFERENCE,4.2,860,13M,"100,000+",Free,0,Everyone,Books & Reference,2018-07-17,1.0,4.0.3 and up,100000.0,0.0,13.0,Books & Reference
Oxford Dictionary of English : Free,BOOKS_AND_REFERENCE,4.1,363934,7.1M,"10,000,000+",Free,0,Everyone,Books & Reference,2018-07-11,9.1.363,4.1 and up,10000000.0,0.0,7.1,Books & Reference
Offline: English to Tagalog Dictionary,BOOKS_AND_REFERENCE,4.7,967,6.7M,"500,000+",Free,0,Everyone,Books & Reference,2018-08-04,1.1.6,4.0.3 and up,500000.0,0.0,6.7,Books & Reference
Spanish English Translator,BOOKS_AND_REFERENCE,4.2,87873,Varies with device,"10,000,000+",Free,0,Teen,Books & Reference,2018-05-28,Varies with device,Varies with device,10000000.0,0.0,,Books & Reference
FamilySearch Tree,BOOKS_AND_REFERENCE,4.3,17506,17M,"1,000,000+",Free,0,Everyone,Books & Reference,2018-07-20,2.3.18,4.1 and up,1000000.0,0.0,17.0,Books & Reference
Cloud of Books,BOOKS_AND_REFERENCE,3.3,1862,19M,"1,000,000+",Free,0,Everyone,Books & Reference,2018-04-27,2.2.5,4.1 and up,1000000.0,0.0,19.0,Books & Reference
Recipes of Prophetic Medicine for free,BOOKS_AND_REFERENCE,4.6,2084,6.7M,"500,000+",Free,0,Everyone,Books & Reference,2018-05-17,15.0,2.3 and up,500000.0,0.0,6.7,Books & Reference
ReadEra – free ebook reader,BOOKS_AND_REFERENCE,4.8,47303,21M,"1,000,000+",Free,0,Everyone,Books & Reference,2018-06-02,18.05.31+530,4.1 and up,1000000.0,0.0,21.0,Books & Reference
NOOK App for NOOK Devices,BOOKS_AND_REFERENCE,4.7,19080,Varies with device,"500,000+",Free,0,Everyone,Books & Reference,2018-04-25,Varies with device,Varies with device,500000.0,0.0,,Books & Reference
Anonymous caller detection,BOOKS_AND_REFERENCE,,161,2.7M,"10,000+",Free,0,Everyone,Books & Reference,2018-07-13,1.0,2.3 and up,10000.0,0.0,2.7,Books & Reference
Ebook Reader,BOOKS_AND_REFERENCE,4.1,85842,37M,"5,000,000+",Free,0,Everyone,Books & Reference,2018-06-25,5.0.6,4.0 and up,5000000.0,0.0,37.0,Books & Reference
Litnet - E-books,BOOKS_AND_REFERENCE,4.6,7831,15M,"100,000+",Free,0,Teen,Books & Reference,2018-07-04,1.2.3,4.0 and up,100000.0,0.0,15.0,Books & Reference
Read books online,BOOKS_AND_REFERENCE,4.1,91615,23M,"5,000,000+",Free,0,Mature 17+,Books & Reference,2018-06-29,3.12,4.1 and up,5000000.0,0.0,23.0,Books & Reference
English to Urdu Dictionary,BOOKS_AND_REFERENCE,4.6,4620,19M,"500,000+",Free,0,Everyone,Books & Reference,2017-11-23,2.0,4.0.3 and up,500000.0,0.0,19.0,Books & Reference
eBoox: book reader fb2 epub zip,BOOKS_AND_REFERENCE,4.7,21336,23M,"1,000,000+",Free,0,Everyone,Books & Reference,2018-06-20,1.28,3.0 and up,1000000.0,0.0,23.0,Books & Reference
English Persian Dictionary,BOOKS_AND_REFERENCE,4.5,26875,73M,"500,000+",Free,0,Everyone,Books & Reference,2018-08-01,6.0.8,4.0.3 and up,500000.0,0.0,73.0,Books & Reference
Flybook,BOOKS_AND_REFERENCE,3.9,1778,4.9M,"500,000+",Free,0,Mature 17+,Books & Reference,2014-10-16,1.0.3,2.1 and up,500000.0,0.0,4.9,Books & Reference
All Maths Formulas,BOOKS_AND_REFERENCE,4.4,2709,6.8M,"1,000,000+",Free,0,Everyone,Books & Reference,2018-07-11,1.9,4.4 and up,1000000.0,0.0,6.8,Books & Reference
Ancestry,BOOKS_AND_REFERENCE,4.3,64513,Varies with device,"5,000,000+",Free,0,Everyone,Books & Reference,2018-07-31,Varies with device,Varies with device,5000000.0,0.0,,Books & Reference
HTC Help,BOOKS_AND_REFERENCE,4.2,8342,Varies with device,"10,000,000+",Free,0,Everyone,Books & Reference,2017-08-28,9.00.950462,7.0 and up,10000000.0,0.0,,Books & Reference
English translation from Bengali,BOOKS_AND_REFERENCE,4.5,527,2.9M,"100,000+",Free,0,Everyone,Books & Reference,2018-03-31,14.0,4.0 and up,100000.0,0.0,2.9,Books & Reference
Pdf Book Download - Read Pdf Book,BOOKS_AND_REFERENCE,4.4,1322,3.5M,"100,000+",Free,0,Everyone,Books & Reference,2018-05-28,6.0,4.0.3 and up,100000.0,0.0,3.5,Books & Reference
Free Book Reader,BOOKS_AND_REFERENCE,3.4,1680,4.0M,"100,000+",Free,0,Everyone,Books & Reference,2016-08-20,3.05,4.0.3 and up,100000.0,0.0,4.0,Books & Reference
eBoox new: Reader for fb2 epub zip books,BOOKS_AND_REFERENCE,4.9,2739,21M,"50,000+",Free,0,Everyone,Books & Reference,2018-07-17,2.0,3.0 and up,50000.0,0.0,21.0,Books & Reference
"Only 30 days in English, the guideline is guaranteed",BOOKS_AND_REFERENCE,4.6,1065,2.3M,"500,000+",Free,0,Everyone,Books & Reference,2018-06-16,1.5,3.0 and up,500000.0,0.0,2.3,Books & Reference
Moon+ Reader,BOOKS_AND_REFERENCE,4.4,233757,Varies with device,"10,000,000+",Free,0,Everyone,Books & Reference,2018-05-01,Varies with device,Varies with device,10000000.0,0.0,,Books & Reference
SH-02J Owner's Manual (Android 8.0),BOOKS_AND_REFERENCE,,2,7.2M,"50,000+",Free,0,Everyone,Books & Reference,2018-06-15,3.0,6.0 and up,50000.0,0.0,7.2,Books & Reference
English-Myanmar Dictionary,BOOKS_AND_REFERENCE,4.4,8788,10M,"1,000,000+",Free,0,Everyone,Books & Reference,2018-07-28,2.5.3,4.0 and up,1000000.0,0.0,10.0,Books & Reference
Golden Dictionary (EN-AR),BOOKS_AND_REFERENCE,4.4,51269,6.1M,"1,000,000+",Free,0,Everyone,Books & Reference,2018-07-19,7.0.4.6,4.2 and up,1000000.0,0.0,6.1,Books & Reference
All Language Translator Free,BOOKS_AND_REFERENCE,4.4,30105,2.1M,"1,000,000+",Free,0,Everyone,Books & Reference,2018-07-29,1.15,4.0.3 and up,1000000.0,0.0,2.1,Books & Reference
Azpen eReader,BOOKS_AND_REFERENCE,3.5,156,42M,"500,000+",Free,0,Everyone,Books & Reference,2018-02-15,3.1.7.9,2.2 and up,500000.0,0.0,42.0,Books & Reference
URBANO V 02 instruction manual,BOOKS_AND_REFERENCE,,114,7.3M,"100,000+",Free,0,Everyone,Books & Reference,2015-08-07,1.1,5.1 and up,100000.0,0.0,7.3,Books & Reference
English Dictionary - Offline,BOOKS_AND_REFERENCE,4.4,341157,30M,"10,000,000+",Free,0,Everyone 10+,Books & Reference,2018-03-20,3.9.1,4.2 and up,10000000.0,0.0,30.0,Books & Reference
Visual Voicemail by MetroPCS,BUSINESS,4.1,16129,Varies with device,"10,000,000+",Free,0,Everyone,Business,2018-07-30,Varies with device,Varies with device,10000000.0,0.0,,Business
Indeed Job Search,BUSINESS,4.3,674730,Varies with device,"50,000,000+",Free,0,Everyone,Business,2018-05-21,Varies with device,Varies with device,50000000.0,0.0,,Business
Uber Driver,BUSINESS,4.4,1254730,Varies with device,"10,000,000+",Free,0,Everyone,Business,2018-08-03,Varies with device,Varies with device,10000000.0,0.0,,Business
ADP Mobile Solutions,BUSINESS,4.3,85185,29M,"5,000,000+",Free,0,Everyone,Business,2018-07-17,3.4.2,5.0 and up,5000000.0,0.0,29.0,Business
Snag - Jobs Hiring Now,BUSINESS,4.3,32584,Varies with device,"1,000,000+",Free,0,Everyone,Business,2018-05-04,Varies with device,Varies with device,1000000.0,0.0,,Business
Docs To Go™ Free Office Suite,BUSINESS,4.1,217730,Varies with device,"50,000,000+",Free,0,Everyone,Business,2018-04-02,Varies with device,Varies with device,50000000.0,0.0,,Business
Google My Business,BUSINESS,4.4,70991,Varies with device,"5,000,000+",Free,0,Everyone,Business,2018-07-24,2.19.0.204537701,4.4 and up,5000000.0,0.0,,Business
OfficeSuite : Free Office + PDF Editor,BUSINESS,4.3,1002861,35M,"100,000,000+",Free,0,Everyone,Business,2018-08-02,9.7.14188,4.1 and up,100000000.0,0.0,35.0,Business
USPS MOBILE®,BUSINESS,3.9,16589,9.1M,"1,000,000+",Free,0,Everyone,Business,2018-06-14,4.9.10,4.0.3 and up,1000000.0,0.0,9.1,Business
Job Search by ZipRecruiter,BUSINESS,4.8,148945,25M,"1,000,000+",Free,0,Everyone,Business,2018-07-19,5.2.8,5.0 and up,1000000.0,0.0,25.0,Business
Curriculum vitae App CV Builder Free Resume Maker,BUSINESS,4.5,4458,3.9M,"500,000+",Free,0,Everyone,Business,2018-07-08,3.3,4.1 and up,500000.0,0.0,3.9,Business
Google Primer,BUSINESS,4.4,62272,18M,"10,000,000+",Free,0,Everyone,Business,2018-06-26,3.550.2,4.1 and up,10000000.0,0.0,18.0,Business
Alba Heaven - Alvarez Job Portal Services,BUSINESS,4.0,8941,12M,"5,000,000+",Free,0,Everyone,Business,2018-07-31,4.6.30,4.0.3 and up,5000000.0,0.0,12.0,Business
SuperLivePro,BUSINESS,4.3,46353,21M,"1,000,000+",Free,0,Everyone,Business,2016-04-13,2.8,1.5 and up,1000000.0,0.0,21.0,Business
Facebook Pages Manager,BUSINESS,4.0,1279184,Varies with device,"50,000,000+",Free,0,Everyone,Business,2018-08-02,Varies with device,Varies with device,50000000.0,0.0,,Business
OfficeSuite Pro + PDF (Trial),BUSINESS,4.2,88073,Varies with device,"10,000,000+",Free,0,Everyone,Business,2018-07-09,Varies with device,Varies with device,10000000.0,0.0,,Business
My Space - Employment Center,BUSINESS,4.5,67000,Varies with device,"1,000,000+",Free,0,Everyone,Business,2018-07-17,Varies with device,4.3 and up,1000000.0,0.0,,Business
Box,BUSINESS,4.2,159872,Varies with device,"10,000,000+",Free,0,Everyone,Business,2018-07-31,Varies with device,Varies with device,10000000.0,0.0,,Business
Polaris Office for LG,BUSINESS,4.2,30847,55M,"5,000,000+",Free,0,Everyone,Business,2018-02-08,7.3.21,4.1 and up,5000000.0,0.0,55.0,Business
Call Blocker,BUSINESS,4.6,188841,3.2M,"5,000,000+",Free,0,Everyone,Business,2018-06-21,1.1.13,4.0 and up,5000000.0,0.0,3.2,Business
Jobs in Alabama - Jobs in Alba,BUSINESS,4.1,11622,Varies with device,"5,000,000+",Free,0,Everyone,Business,2018-07-26,Varies with device,Varies with device,5000000.0,0.0,,Business
Square Point of Sale - POS,BUSINESS,4.6,95912,Varies with device,"5,000,000+",Free,0,Everyone,Business,2018-07-30,Varies with device,Varies with device,5000000.0,0.0,,Business
Plugin:AOT v5.0,BUSINESS,3.1,4034,23k,"100,000+",Free,0,Everyone,Business,2015-09-11,3.0.1.11 (Build 311),2.2 and up,100000.0,0.0,0.0224609375,Business
Kariyer.net,BUSINESS,3.9,45964,16M,"1,000,000+",Free,0,Everyone,Business,2018-07-18,5.1.5,4.1 and up,1000000.0,0.0,16.0,Business
SEEK Job Search,BUSINESS,4.3,14955,Varies with device,"1,000,000+",Free,0,Everyone,Business,2018-07-30,Varies with device,Varies with device,1000000.0,0.0,,Business
Become a Job - Find a job or advertise,BUSINESS,4.1,6903,14M,"1,000,000+",Free,0,Everyone,Business,2018-07-10,2.3.6,4.1 and up,1000000.0,0.0,14.0,Business
ZOOM Cloud Meetings,BUSINESS,4.4,31614,37M,"10,000,000+",Free,0,Everyone,Business,2018-07-20,4.1.28165.0716,4.0 and up,10000000.0,0.0,37.0,Business
Easy Installer - Apps On SD,BUSINESS,4.1,23055,Varies with device,"5,000,000+",Free,0,Everyone,Business,2018-06-08,Varies with device,Varies with device,5000000.0,0.0,,Business
Facebook Ads Manager,BUSINESS,4.1,19023,Varies with device,"1,000,000+",Free,0,Everyone,Business,2018-08-01,99.0.0.35.75,4.1 and up,1000000.0,0.0,,Business
"IndiaMART: Search Products, Buy, Sell & Trade",BUSINESS,4.5,207372,11M,"5,000,000+",Free,0,Everyone,Business,2018-08-02,12.2.4,4.0 and up,5000000.0,0.0,11.0,Business
ViettelPost express delivery,BUSINESS,4.4,1225,25M,"100,000+",Free,0,Everyone,Business,2018-08-01,1.0.6.8,4.1 and up,100000.0,0.0,25.0,Business
MyASUS - Service Center,BUSINESS,4.4,380837,7.3M,"10,000,000+",Free,0,Everyone,Business,2018-07-04,3.4.5,4.2 and up,10000000.0,0.0,7.3,Business
Job Korea - Career Jobs,BUSINESS,4.3,10600,6.5M,"1,000,000+",Free,0,Everyone,Business,2018-08-01,2.5.6,4.0 and up,1000000.0,0.0,6.5,Business
"104 Looking for a job - looking for a job, looking for a job, looking for a part-time job, health checkup, resume, treatment room",BUSINESS,4.4,74359,25M,"1,000,000+",Free,0,Everyone,Business,2018-07-27,1.12.5,4.0 and up,1000000.0,0.0,25.0,Business
Myanmar 2D/3D,BUSINESS,4.6,822,3.1M,"100,000+",Free,0,Everyone,Business,2018-06-08,1.5,4.0.3 and up,100000.0,0.0,3.1,Business
Quick PDF Scanner + OCR FREE,BUSINESS,4.2,80805,Varies with device,"5,000,000+",Free,0,Everyone,Business,2018-02-26,Varies with device,4.0.3 and up,5000000.0,0.0,,Business
sABN,BUSINESS,4.4,2287,1.5M,"1,000,000+",Free,0,Everyone,Business,2018-03-26,4.9,2.2 and up,1000000.0,0.0,1.5,Business
ATI Cargoes and Transportation,BUSINESS,4.7,4162,7.5M,"100,000+",Free,0,Everyone,Business,2018-07-24,0.9.4,4.0.3 and up,100000.0,0.0,7.5,Business
Secure Folder,BUSINESS,3.8,14760,8.6M,"50,000,000+",Free,0,Everyone,Business,2018-01-31,1.1.07.6,7.0 and up,50000000.0,0.0,8.6,Business
UPS Mobile,BUSINESS,3.9,23243,Varies with device,"5,000,000+",Free,0,Everyone,Business,2018-06-25,Varies with device,Varies with device,5000000.0,0.0,,Business
Y! Mobile menu,BUSINESS,,9,1.2M,"100,000+",Free,0,Everyone,Business,2018-04-09,1.0.5,6.0 and up,100000.0,0.0,1.2,Business
SignEasy | Sign and Fill PDF and other Documents,BUSINESS,4.3,8978,Varies with device,"1,000,000+",Free,0,Everyone,Business,2018-07-25,Varies with device,Varies with device,1000000.0,0.0,,Business
Genius Scan - PDF Scanner,BUSINESS,4.4,42492,Varies with device,"1,000,000+",Free,0,Everyone,Business,2018-07-11,Varies with device,Varies with device,1000000.0,0.0,,Business
Tiny Scanner - PDF Scanner App,BUSINESS,4.7,286897,39M,"10,000,000+",Free,0,Everyone,Business,2017-05-30,1.2.6,3.0 and up,10000000.0,0.0,39.0,Business
Fast Scanner : Free PDF Scan,BUSINESS,4.5,103755,14M,"10,000,000+",Free,0,Everyone,Business,2018-07-11,3.9.2,4.1 and up,10000000.0,0.0,14.0,Business
Mobile Doc Scanner (MDScan) Lite,BUSINESS,4.2,46505,19M,"1,000,000+",Free,0,Everyone,Business,2018-08-02,3.4.49,4.1 and up,1000000.0,0.0,19.0,Business
TurboScan: scan documents and receipts in PDF,BUSINESS,4.7,11442,6.8M,"100,000+",Paid,$4.99,Everyone,Business,2018-03-25,1.5.2,4.0 and up,100000.0,4.99,6.8,Business
Tiny Scanner Pro: PDF Doc Scan,BUSINESS,4.8,10295,39M,"100,000+",Paid,$4.99,Everyone,Business,2017-04-11,3.4.6,3.0 and up,100000.0,4.99,39.0,Business
Zenefits,BUSINESS,4.2,296,14M,"50,000+",Free,0,Everyone,Business,2018-06-15,3.2.1,4.1 and up,50000.0,0.0,14.0,Business
Google Ads,BUSINESS,4.3,29313,20M,"5,000,000+",Free,0,Everyone,Business,2018-07-30,1.12.0,4.0.3 and up,5000000.0,0.0,20.0,Business
Slack,BUSINESS,4.4,51507,Varies with device,"5,000,000+",Free,0,Everyone,Business,2018-08-02,Varies with device,Varies with device,5000000.0,0.0,,Business
FreshBooks Classic,BUSINESS,4.1,1802,26M,"100,000+",Free,0,Everyone,Business,2018-04-18,1.7.14,4.2 and up,100000.0,0.0,26.0,Business
Insightly CRM,BUSINESS,3.8,1383,51M,"100,000+",Free,0,Everyone,Business,2018-07-12,3.24.1,5.0 and up,100000.0,0.0,51.0,Business
QuickBooks Accounting: Invoicing & Expenses,BUSINESS,4.3,23175,41M,"1,000,000+",Free,0,Everyone,Business,2018-07-13,18.7,4.1 and up,1000000.0,0.0,41.0,Business
HipChat - Chat Built for Teams,BUSINESS,3.8,5868,20M,"500,000+",Free,0,Everyone,Business,2018-07-03,3.19.005,4.1 and up,500000.0,0.0,20.0,Business
Xero Accounting Software,BUSINESS,3.5,2111,Varies with device,"100,000+",Free,0,Everyone,Business,2018-07-30,Varies with device,Varies with device,100000.0,0.0,,Business
"MailChimp - Email, Marketing Automation",BUSINESS,4.1,5448,12M,"500,000+",Free,0,Everyone,Business,2018-07-25,4.9.1,5.0 and up,500000.0,0.0,12.0,Business
Crew - Free Messaging and Scheduling,BUSINESS,4.6,4159,48M,"500,000+",Free,0,Everyone,Business,2018-07-20,6.1.2,4.0.3 and up,500000.0,0.0,48.0,Business
Asana: organize team projects,BUSINESS,4.3,20815,10M,"1,000,000+",Free,0,Everyone,Business,2018-07-26,6.4.4,5.0 and up,1000000.0,0.0,10.0,Business
Google Analytics,BUSINESS,4.5,78662,22M,"1,000,000+",Free,0,Everyone,Business,2018-02-13,3.7.5,4.4 and up,1000000.0,0.0,22.0,Business
AdWords Express,BUSINESS,4.1,7149,11M,"1,000,000+",Free,0,Everyone,Business,2018-07-31,2.6.158,4.0 and up,1000000.0,0.0,11.0,Business
Accounting App - Zoho Books,BUSINESS,4.5,3079,8.5M,"100,000+",Free,0,Everyone,Business,2018-08-02,5.20.7,4.1 and up,100000.0,0.0,8.5,Business
Invoice & Time Tracking - Zoho,BUSINESS,4.6,5800,8.6M,"100,000+",Free,0,Everyone,Business,2018-08-02,5.20.7,4.1 and up,100000.0,0.0,8.6,Business
join.me - Simple Meetings,BUSINESS,4.0,6989,Varies with device,"1,000,000+",Free,0,Everyone,Business,2018-07-16,4.3.0.508,4.4 and up,1000000.0,0.0,,Business
Invoice 2go — Professional Invoices and Estimates,BUSINESS,4.2,16422,28M,"1,000,000+",Free,0,Everyone,Business,2018-08-01,10.46.2,4.1 and up,1000000.0,0.0,28.0,Business
Cisco Webex Meetings,BUSINESS,4.4,108741,28M,"10,000,000+",Free,0,Everyone,Business,2018-07-20,11.1.0,4.3 and up,10000000.0,0.0,28.0,Business
ScreenMeet. Easy Phone Meeting,BUSINESS,4.0,624,9.0M,"100,000+",Free,0,Everyone,Business,2018-03-22,1.2.287,5.0 and up,100000.0,0.0,9.0,Business
Cisco Webex Teams,BUSINESS,4.2,1661,46M,"100,000+",Free,0,Everyone,Business,2018-08-02,3.0.4651,4.4 and up,100000.0,0.0,46.0,Business
Microsoft Remote Desktop,BUSINESS,4.2,97702,Varies with device,"5,000,000+",Free,0,Everyone,Business,2018-07-11,Varies with device,Varies with device,5000000.0,0.0,,Business
Start Meeting,BUSINESS,4.1,308,14M,"50,000+",Free,0,Everyone,Business,2018-05-29,3.1.4.0,4.0.3 and up,50000.0,0.0,14.0,Business
ClickMeeting Webinars,BUSINESS,3.8,5211,26M,"1,000,000+",Free,0,Everyone,Business,2018-07-30,3.3.0,4.0 and up,1000000.0,0.0,26.0,Business
BlueJeans for Android,BUSINESS,3.9,1058,23M,"500,000+",Free,0,Everyone,Business,2018-06-29,2.22.397,5.0 and up,500000.0,0.0,23.0,Business
Skype for Business for Android,BUSINESS,3.9,78172,Varies with device,"10,000,000+",Free,0,Everyone,Business,2018-08-02,Varies with device,Varies with device,10000000.0,0.0,,Business
Verify - Receipts & Expenses,BUSINESS,4.5,413,29M,"10,000+",Free,0,Everyone,Business,2018-07-25,2.0.19,5.0 and up,10000.0,0.0,29.0,Business
LINE WEBTOON - Free Comics,COMICS,4.5,1013635,Varies with device,"10,000,000+",Free,0,Teen,Comics,2018-07-31,Varies with device,Varies with device,10000000.0,0.0,,Comics
Manga Master - Best manga & comic reader,COMICS,4.6,24005,4.9M,"500,000+",Free,0,Adults only 18+,Comics,2018-07-04,1.1.7.0,4.1 and up,500000.0,0.0,4.9,Comics
GANMA! - All original stories free of charge for all original comics,COMICS,4.7,57106,27M,"1,000,000+",Free,0,Teen,Comics,2018-07-23,2.11.3,4.1 and up,1000000.0,0.0,27.0,Comics
Röhrich Werner Soundboard,COMICS,4.7,2249,32M,"500,000+",Free,0,Everyone,Comics,2017-11-16,1.08,4.0.3 and up,500000.0,0.0,32.0,Comics
Unicorn Pokez - Color By Number,COMICS,4.8,516,12M,"50,000+",Free,0,Everyone,Comics;Creativity,2018-08-03,1.0.6,4.4 and up,50000.0,0.0,12.0,Comics
MangaToon - Comics updated Daily,COMICS,3.9,834,15M,"50,000+",Free,0,Mature 17+,Comics,2018-08-01,1.0.8,4.1 and up,50000.0,0.0,15.0,Comics
Manga Net – Best Online Manga Reader,COMICS,4.1,1010,11M,"50,000+",Free,0,Mature 17+,Comics,2018-07-07,1.5,4.1 and up,50000.0,0.0,11.0,Comics
Manga Rock - Best Manga Reader,COMICS,4.4,238970,28M,"1,000,000+",Free,0,Teen,Comics,2018-07-09,3.4.3_world,5.0 and up,1000000.0,0.0,28.0,Comics
Manga - read Thai translation,COMICS,4.6,302,2.2M,"10,000+",Free,0,Teen,Comics,2018-07-03,1.0,4.0 and up,10000.0,0.0,2.2,Comics
The Vietnam Story - Fun Stories,COMICS,4.5,438,3.4M,"10,000+",Free,0,Everyone,Comics,2017-12-27,1.0,2.3 and up,10000.0,0.0,3.4,Comics
Dragon Ball Wallpaper - Ringtones,COMICS,4.7,73,8.3M,"10,000+",Free,0,Everyone,Comics,2018-07-23,1.9,4.0.3 and up,10000.0,0.0,8.3,Comics
Funny Jokes Photos,COMICS,4.4,39,4.3M,"10,000+",Free,0,Everyone 10+,Comics,2018-07-03,1.1,4.2 and up,10000.0,0.0,4.3,Comics
Truyện Vui Tý Quậy,COMICS,4.5,144,4.7M,"10,000+",Free,0,Everyone,Comics,2018-07-19,3.0,4.0.3 and up,10000.0,0.0,4.7,Comics
Comic Es - Shojo manga / love comics free of charge ♪ ♪,COMICS,3.9,2181,10M,"100,000+",Free,0,Teen,Comics,2018-03-05,1.2.12,4.0.3 and up,100000.0,0.0,10.0,Comics
comico Popular Original Cartoon Updated Everyday Comico,COMICS,3.2,93965,15M,"5,000,000+",Free,0,Teen,Comics,2018-07-03,6.3.0,4.0.3 and up,5000000.0,0.0,15.0,Comics
Daily Manga - Comic & Webtoon,COMICS,3.2,1446,7.1M,"100,000+",Free,0,Mature 17+,Comics,2018-05-18,1.0,4.0.3 and up,100000.0,0.0,7.1,Comics
"漫咖 Comics - Manga,Novel and Stories",COMICS,4.1,12088,21M,"1,000,000+",Free,0,Mature 17+,Comics,2018-07-06,2.3.1,4.0.3 and up,1000000.0,0.0,21.0,Comics
Emmanuella Funny Videos 2018,COMICS,4.5,314,6.1M,"100,000+",Free,0,Everyone,Comics,2018-05-23,3.1.0,4.1 and up,100000.0,0.0,6.1,Comics
DC Comics,COMICS,4.2,25671,Varies with device,"1,000,000+",Free,0,Teen,Comics,2018-06-05,Varies with device,Varies with device,1000000.0,0.0,,Comics
Manga Zero - Japanese cartoon and comic reader,COMICS,4.2,15194,15M,"1,000,000+",Free,0,Teen,Comics,2018-07-19,4.7.3,4.2 and up,1000000.0,0.0,15.0,Comics
Marvel Unlimited,COMICS,3.7,22551,11M,"1,000,000+",Free,0,Teen,Comics,2018-07-24,3.16.0,4.4 and up,1000000.0,0.0,11.0,Comics
"Tapas – Comics, Novels, and Stories",COMICS,4.5,29839,29M,"1,000,000+",Free,0,Teen,Comics,2018-07-31,4.1.0,4.4 and up,1000000.0,0.0,29.0,Comics
Children's cartoons (Mithu-Mina-Raju),COMICS,4.6,279,3.3M,"100,000+",Free,0,Everyone,Comics,2017-12-18,1.6,4.0 and up,100000.0,0.0,3.3,Comics
Narrator's Voice,COMICS,4.5,564387,Varies with device,"5,000,000+",Free,0,Everyone,Comics,2018-07-05,Varies with device,Varies with device,5000000.0,0.0,,Comics
【Ranobbe complete free】 Novelba - Free app that you can read and write novels,COMICS,,1330,22M,"50,000+",Free,0,Everyone,Comics,2018-07-03,6.1.1,4.2 and up,50000.0,0.0,22.0,Comics
Faustop Sounds,COMICS,4.7,1677,40M,"100,000+",Free,0,Everyone,Comics,2018-05-26,1.7.7,4.1 and up,100000.0,0.0,40.0,Comics
Manga Mania - Best online manga reader,COMICS,4.4,757,10M,"10,000+",Free,0,Teen,Comics,2018-05-24,1.0,4.1 and up,10000.0,0.0,10.0,Comics
- Free Comics - Comic Apps,COMICS,3.5,115,9.1M,"10,000+",Free,0,Mature 17+,Comics,2018-07-13,5.0.12,5.0 and up,10000.0,0.0,9.1,Comics
Manga AZ - Manga Comic Reader,COMICS,3.3,125,4.7M,"5,000+",Free,0,Teen,Comics,2018-07-24,1.0.4,4.0.3 and up,5000.0,0.0,4.7,Comics
Buff Thun - Daily Free Webtoon / Comics / Web Fiction / Mini Game,COMICS,4.5,9952,38M,"500,000+",Free,0,Everyone 10+,Comics,2018-07-31,4.3.0,4.1 and up,500000.0,0.0,38.0,Comics
pixiv comic - everyone's manga app,COMICS,4.4,18814,Varies with device,"1,000,000+",Free,0,Mature 17+,Comics,2018-07-30,Varies with device,Varies with device,1000000.0,0.0,,Comics
Funny Jokes and Stories 2018,COMICS,4.2,21,6.7M,"5,000+",Free,0,Everyone,Comics,2018-03-31,1.3,4.0 and up,5000.0,0.0,6.7,Comics
Hojiboy Tojiboyev Life Hacks,COMICS,5.0,15,37M,"1,000+",Free,0,Everyone,Comics,2018-06-26,2.0,4.0.3 and up,1000.0,0.0,37.0,Comics
Perfect Viewer,COMICS,4.4,51981,Varies with device,"5,000,000+",Free,0,Everyone,Comics,2018-08-01,4.2.0.2,2.3 and up,5000000.0,0.0,,Comics
"Best Wallpapers Backgrounds(100,000+ 4K HD)",COMICS,4.7,3596,7.8M,"10,000+",Free,0,Teen,Comics,2018-06-16,1.01,4.0.3 and up,10000.0,0.0,7.8,Comics
think Comics,COMICS,4.4,1006,19M,"50,000+",Free,0,Everyone,Comics,2018-08-03,2.3.3,4.0.3 and up,50000.0,0.0,19.0,Comics
Memes Button,COMICS,4.4,5968,5.7M,"1,000,000+",Free,0,Everyone,Comics,2018-05-28,1.4,4.0 and up,1000000.0,0.0,5.7,Comics
"Laftel - Watching and Announcing Snooping, Streaming",COMICS,4.6,4895,35M,"100,000+",Free,0,Everyone,Comics,2018-08-02,2.4.25,4.4 and up,100000.0,0.0,35.0,Comics
Messenger – Text and Video Chat for Free,COMMUNICATION,4.0,56642847,Varies with device,"1,000,000,000+",Free,0,Everyone,Communication,2018-08-01,Varies with device,Varies with device,1000000000.0,0.0,,Communication
WhatsApp Messenger,COMMUNICATION,4.4,69119316,Varies with device,"1,000,000,000+",Free,0,Everyone,Communication,2018-08-03,Varies with device,Varies with device,1000000000.0,0.0,,Communication
Messenger for SMS,COMMUNICATION,4.3,125257,17M,"10,000,000+",Free,0,Teen,Communication,2018-06-06,1.8.9,4.1 and up,10000000.0,0.0,17.0,Communication
Google Chrome: Fast & Secure,COMMUNICATION,4.3,9642995,Varies with device,"1,000,000,000+",Free,0,Everyone,Communication,2018-08-01,Varies with device,Varies with device,1000000000.0,0.0,,Communication
Messenger Lite: Free Calls & Messages,COMMUNICATION,4.4,1429035,Varies with device,"100,000,000+",Free,0,Everyone,Communication,2018-07-25,37.0.0.7.163,2.3 and up,100000000.0,0.0,,Communication
Gmail,COMMUNICATION,4.3,4604324,Varies with device,"1,000,000,000+",Free,0,Everyone,Communication,2018-08-02,Varies with device,Varies with device,1000000000.0,0.0,,Communication
Hangouts,COMMUNICATION,4.0,3419249,Varies with device,"1,000,000,000+",Free,0,Everyone,Communication,2018-07-21,Varies with device,Varies with device,1000000000.0,0.0,,Communication
Viber Messenger,COMMUNICATION,4.3,11334799,Varies with device,"500,000,000+",Free,0,Everyone,Communication,2018-07-18,Varies with device,Varies with device,500000000.0,0.0,,Communication
My Tele2,COMMUNICATION,4.3,158679,8.8M,"5,000,000+",Free,0,Everyone,Communication,2018-08-03,2.4.1,4.4 and up,5000000.0,0.0,8.8,Communication
Firefox Browser fast & private,COMMUNICATION,4.4,3075028,Varies with device,"100,000,000+",Free,0,Everyone,Communication,2018-07-10,Varies with device,Varies with device,100000000.0,0.0,,Communication
Yahoo Mail – Stay Organized,COMMUNICATION,4.3,4187998,16M,"100,000,000+",Free,0,Everyone,Communication,2018-07-18,5.29.3,4.4 and up,100000000.0,0.0,16.0,Communication
imo beta free calls and text,COMMUNICATION,4.3,659395,11M,"100,000,000+",Free,0,Everyone,Communication,2018-06-07,9.8.000000010492,4.0 and up,100000000.0,0.0,11.0,Communication
imo free video calls and chat,COMMUNICATION,4.3,4785892,11M,"500,000,000+",Free,0,Everyone,Communication,2018-06-08,9.8.000000010501,4.0 and up,500000000.0,0.0,11.0,Communication
Contacts,COMMUNICATION,4.3,66602,Varies with device,"50,000,000+",Free,0,Everyone,Communication,2018-06-26,2.8.4.201036949,5.0 and up,50000000.0,0.0,,Communication
Call Free – Free Call,COMMUNICATION,4.3,30209,15M,"5,000,000+",Free,0,Everyone,Communication,2018-07-28,1.3.4,4.1 and up,5000000.0,0.0,15.0,Communication
Web Browser & Explorer,COMMUNICATION,4.0,36901,6.6M,"5,000,000+",Free,0,Everyone,Communication,2018-07-04,11.8.6,4.0.3 - 7.1.1,5000000.0,0.0,6.6,Communication
Opera Mini - fast web browser,COMMUNICATION,4.5,5149854,Varies with device,"100,000,000+",Free,0,Everyone,Communication,2018-07-19,Varies with device,Varies with device,100000000.0,0.0,,Communication
Browser 4G,COMMUNICATION,4.3,192948,6.6M,"10,000,000+",Free,0,Everyone,Communication,2018-06-19,24.6.6,4.0.3 - 7.1.1,10000000.0,0.0,6.6,Communication
MegaFon Dashboard,COMMUNICATION,3.7,99559,Varies with device,"10,000,000+",Free,0,Everyone,Communication,2018-07-30,Varies with device,Varies with device,10000000.0,0.0,,Communication
ZenUI Dialer & Contacts,COMMUNICATION,4.5,437674,Varies with device,"10,000,000+",Free,0,Everyone,Communication,2018-08-01,Varies with device,Varies with device,10000000.0,0.0,,Communication
Cricket Visual Voicemail,COMMUNICATION,3.9,13698,5.1M,"10,000,000+",Free,0,Everyone,Communication,2018-07-02,3.2.0.100171,4.1 and up,10000000.0,0.0,5.1,Communication
Opera Browser: Fast and Secure,COMMUNICATION,4.4,2473509,Varies with device,"100,000,000+",Free,0,Everyone,Communication,2018-07-31,47.1.2249.129326,Varies with device,100000000.0,0.0,,Communication
TracFone My Account,COMMUNICATION,3.6,20769,18M,"1,000,000+",Free,0,Everyone,Communication,2018-07-11,R6.0.3,4.1 and up,1000000.0,0.0,18.0,Communication
Firefox Focus: The privacy browser,COMMUNICATION,4.4,36880,4.0M,"1,000,000+",Free,0,Everyone,Communication,2018-07-06,5.2,5.0 and up,1000000.0,0.0,4.0,Communication
Google Voice,COMMUNICATION,4.2,171031,Varies with device,"10,000,000+",Free,0,Everyone,Communication,2018-08-03,Varies with device,Varies with device,10000000.0,0.0,,Communication
Chrome Dev,COMMUNICATION,4.4,63543,Varies with device,"5,000,000+",Free,0,Everyone,Communication,2018-08-02,69.0.3497.24,Varies with device,5000000.0,0.0,,Communication
Xperia Link™,COMMUNICATION,4.1,45487,Varies with device,"10,000,000+",Free,0,Everyone,Communication,2016-10-27,Varies with device,Varies with device,10000000.0,0.0,,Communication
TouchPal Keyboard - Fun Emoji & Android Keyboard,COMMUNICATION,4.4,615381,37M,"10,000,000+",Free,0,Mature 17+,Communication,2018-08-02,6.7.9.1,4.0.3 and up,10000000.0,0.0,37.0,Communication
Who,COMMUNICATION,4.3,2451083,Varies with device,"100,000,000+",Free,0,Teen,Communication,2018-08-03,Varies with device,Varies with device,100000000.0,0.0,,Communication
Skype Lite - Free Video Call & Chat,COMMUNICATION,4.2,33053,22M,"5,000,000+",Free,0,Everyone,Communication,2018-07-31,1.60.0.31354-release,4.0.3 and up,5000000.0,0.0,22.0,Communication
WeChat,COMMUNICATION,4.2,5387333,Varies with device,"100,000,000+",Free,0,Everyone,Communication,2018-07-31,Varies with device,Varies with device,100000000.0,0.0,,Communication
UC Browser Mini -Tiny Fast Private & Secure,COMMUNICATION,4.4,3648120,3.3M,"100,000,000+",Free,0,Teen,Communication,2018-07-18,11.4.0,4.0 and up,100000000.0,0.0,3.3,Communication
WhatsApp Business,COMMUNICATION,4.4,136662,32M,"10,000,000+",Free,0,Everyone,Communication,2018-07-30,2.18.116,4.0.3 and up,10000000.0,0.0,32.0,Communication
My magenta,COMMUNICATION,3.9,42370,37M,"1,000,000+",Free,0,Everyone,Communication,2018-06-25,7.5.1,5.0 and up,1000000.0,0.0,37.0,Communication
Android Messages,COMMUNICATION,4.2,781810,Varies with device,"100,000,000+",Free,0,Everyone,Communication,2018-08-01,Varies with device,Varies with device,100000000.0,0.0,,Communication
Telegram,COMMUNICATION,4.4,3128250,Varies with device,"100,000,000+",Free,0,Mature 17+,Communication,2018-07-27,Varies with device,Varies with device,100000000.0,0.0,,Communication
Google Duo - High Quality Video Calls,COMMUNICATION,4.6,2083237,Varies with device,"500,000,000+",Free,0,Everyone,Communication,2018-07-31,37.1.206017801.DR37_RC14,4.4 and up,500000000.0,0.0,,Communication
Puffin Web Browser,COMMUNICATION,4.3,541389,Varies with device,"10,000,000+",Free,0,Everyone,Communication,2018-07-09,7.5.3.20547,4.1 and up,10000000.0,0.0,,Communication
Seznam.cz,COMMUNICATION,4.3,46702,Varies with device,"1,000,000+",Free,0,Everyone,Communication,2018-07-04,Varies with device,Varies with device,1000000.0,0.0,,Communication
Antillean Gold Telegram (original version),COMMUNICATION,4.4,2939,17M,"100,000+",Free,0,Everyone,Communication,2018-07-16,2.1,4.1 and up,100000.0,0.0,17.0,Communication
AT&T Visual Voicemail,COMMUNICATION,3.7,13761,Varies with device,"10,000,000+",Free,0,Everyone,Communication,2018-06-27,Varies with device,Varies with device,10000000.0,0.0,,Communication
GMX Mail,COMMUNICATION,4.3,258556,Varies with device,"10,000,000+",Free,0,Everyone,Communication,2018-07-25,Varies with device,Varies with device,10000000.0,0.0,,Communication
Omlet Chat,COMMUNICATION,3.9,40751,35M,"10,000,000+",Free,0,Teen,Communication,2016-11-04,2.2.7600,4.0.3 and up,10000000.0,0.0,35.0,Communication
UC Browser - Fast Download Private & Secure,COMMUNICATION,4.5,17712922,40M,"500,000,000+",Free,0,Teen,Communication,2018-08-02,12.8.5.1121,4.0 and up,500000000.0,0.0,40.0,Communication
My Vodacom SA,COMMUNICATION,3.7,25021,61M,"5,000,000+",Free,0,Everyone,Communication,2018-06-26,9.9.0,4.3 and up,5000000.0,0.0,61.0,Communication
Microsoft Edge,COMMUNICATION,4.3,27187,66M,"5,000,000+",Free,0,Everyone,Communication,2018-07-28,42.0.0.2059,4.4 and up,5000000.0,0.0,66.0,Communication
Hangouts Dialer - Call Phones,COMMUNICATION,4.0,122498,79k,"10,000,000+",Free,0,Everyone,Communication,2015-09-02,0.1.100944346,4.0.3 and up,10000000.0,0.0,0.0771484375,Communication
"Talkatone: Free Texts, Calls & Phone Number",COMMUNICATION,4.1,132014,25M,"10,000,000+",Free,0,Everyone,Communication,2018-07-18,6.1,4.2 and up,10000000.0,0.0,25.0,Communication
Calls & Text by Mo+,COMMUNICATION,4.2,83239,14M,"5,000,000+",Free,0,Everyone,Communication,2018-04-19,3.0.4,4.0 and up,5000000.0,0.0,14.0,Communication
free video calls and chat,COMMUNICATION,4.2,594728,Varies with device,"50,000,000+",Free,0,Everyone,Communication,2018-07-19,7.3(800241),4.4 and up,50000000.0,0.0,,Communication
Skype - free IM & video calls,COMMUNICATION,4.1,10484169,Varies with device,"1,000,000,000+",Free,0,Everyone,Communication,2018-08-03,Varies with device,Varies with device,1000000000.0,0.0,,Communication
"GO SMS Pro - Messenger, Free Themes, Emoji",COMMUNICATION,4.4,2876500,24M,"100,000,000+",Free,0,Everyone,Communication,2018-08-01,7.73,4.0 and up,100000000.0,0.0,24.0,Communication
"Messaging+ SMS, MMS Free",COMMUNICATION,4.1,28238,17M,"1,000,000+",Free,0,Everyone,Communication,2018-08-02,4.98,2.3 and up,1000000.0,0.0,17.0,Communication
chomp SMS,COMMUNICATION,4.3,335646,8.3M,"10,000,000+",Free,0,Everyone,Communication,2018-07-26,7.21,2.3 and up,10000000.0,0.0,8.3,Communication
Glide - Video Chat Messenger,COMMUNICATION,4.3,350154,Varies with device,"10,000,000+",Free,0,Everyone,Communication,2018-07-29,Varies with device,Varies with device,10000000.0,0.0,,Communication
Text SMS,COMMUNICATION,4.5,349384,8.2M,"10,000,000+",Free,0,Everyone,Communication,2018-07-24,3.47,4.0.3 and up,10000000.0,0.0,8.2,Communication
Google Allo,COMMUNICATION,4.3,346982,Varies with device,"10,000,000+",Free,0,Everyone,Communication,2018-01-23,Varies with device,4.1 and up,10000000.0,0.0,,Communication
Talkray - Free Calls & Texts,COMMUNICATION,4.2,244863,Varies with device,"10,000,000+",Free,0,Everyone,Communication,2018-05-29,Varies with device,Varies with device,10000000.0,0.0,,Communication
LINE: Free Calls & Messages,COMMUNICATION,4.2,10790289,Varies with device,"500,000,000+",Free,0,Everyone,Communication,2018-07-26,Varies with device,Varies with device,500000000.0,0.0,,Communication
GroupMe,COMMUNICATION,4.5,330761,Varies with device,"10,000,000+",Free,0,Everyone,Communication,2018-07-03,Varies with device,Varies with device,10000000.0,0.0,,Communication
mysms SMS Text Messaging Sync,COMMUNICATION,4.3,37320,8.4M,"1,000,000+",Free,0,Everyone,Communication,2018-07-30,6.5.1,4.0.3 and up,1000000.0,0.0,8.4,Communication
BBM - Free Calls & Messages,COMMUNICATION,4.3,12842860,Varies with device,"100,000,000+",Free,0,Everyone,Communication,2018-08-02,Varies with device,4.0.3 and up,100000000.0,0.0,,Communication
KakaoTalk: Free Calls & Text,COMMUNICATION,4.3,2546527,Varies with device,"100,000,000+",Free,0,Everyone,Communication,2018-08-03,Varies with device,Varies with device,100000000.0,0.0,,Communication
2ndLine - Second Phone Number,COMMUNICATION,4.2,15880,32M,"1,000,000+",Free,0,Everyone,Communication,2018-08-03,5.65.0,4.0 and up,1000000.0,0.0,32.0,Communication
"CM Browser - Ad Blocker , Fast Download , Privacy",COMMUNICATION,4.6,2264916,6.1M,"50,000,000+",Free,0,Everyone,Communication,2018-07-31,5.22.18.0006,4.0 and up,50000000.0,0.0,6.1,Communication
Ninesky Browser,COMMUNICATION,4.2,42925,2.8M,"1,000,000+",Free,0,Everyone,Communication,2017-08-27,6.1,2.3 and up,1000000.0,0.0,2.8,Communication
"Dolphin Browser - Fast, Private & Adblock🐬",COMMUNICATION,4.5,2511130,Varies with device,"50,000,000+",Free,0,Everyone,Communication,2018-07-02,Varies with device,Varies with device,50000000.0,0.0,,Communication
Ghostery Privacy Browser,COMMUNICATION,4.1,13100,2.2M,"1,000,000+",Free,0,Everyone,Communication,2018-03-20,1.4.1.0,4.0.3 and up,1000000.0,0.0,2.2,Communication
InBrowser - Incognito Browsing,COMMUNICATION,4.2,27156,Varies with device,"1,000,000+",Free,0,Everyone,Communication,2018-05-31,Varies with device,Varies with device,1000000.0,0.0,,Communication
Web Browser for Android,COMMUNICATION,4.1,55098,4.3M,"1,000,000+",Free,0,Everyone,Communication,2018-06-20,2.2,4.0 and up,1000000.0,0.0,4.3,Communication
DU Browser—Browse fast & fun,COMMUNICATION,4.3,1133501,4.7M,"10,000,000+",Free,0,Everyone,Communication,2016-04-01,6.4.0.4,4.0 and up,10000000.0,0.0,4.7,Communication
Lightning Web Browser,COMMUNICATION,4.1,12578,2.3M,"500,000+",Free,0,Everyone,Communication,2017-07-10,4.5.1,4.0 and up,500000.0,0.0,2.3,Communication
Web Browser,COMMUNICATION,4.2,10965,2.3M,"500,000+",Free,0,Everyone,Communication,2015-02-02,2.0,3.0 and up,500000.0,0.0,2.3,Communication
Puffin Browser Pro,COMMUNICATION,4.0,18247,Varies with device,"100,000+",Paid,$3.99,Everyone,Communication,2018-07-05,7.5.3.20547,4.1 and up,100000.0,3.99,,Communication
Contacts+,COMMUNICATION,4.2,190613,11M,"10,000,000+",Free,0,Everyone,Communication,2018-07-31,5.85.1,4.0.3 and up,10000000.0,0.0,11.0,Communication
ExDialer - Dialer & Contacts,COMMUNICATION,4.2,125232,2.7M,"10,000,000+",Free,0,Everyone,Communication,2017-03-05,196,2.1 and up,10000000.0,0.0,2.7,Communication
PHONE for Google Voice & GTalk,COMMUNICATION,4.3,72065,13M,"1,000,000+",Free,0,Everyone,Communication,2018-04-18,3.0.7,4.0 and up,1000000.0,0.0,13.0,Communication
Safest Call Blocker,COMMUNICATION,4.4,27540,3.7M,"1,000,000+",Free,0,Everyone,Communication,2018-01-05,1.26.001,4.0 and up,1000000.0,0.0,3.7,Communication
Full Screen Caller ID,COMMUNICATION,4.2,104990,10M,"5,000,000+",Free,0,Everyone,Communication,2018-05-15,3.5.0,4.0.3 and up,5000000.0,0.0,10.0,Communication
Hiya - Caller ID & Block,COMMUNICATION,4.4,177703,13M,"10,000,000+",Free,0,Mature 17+,Communication,2018-07-25,8.1.2-6310,5.0 and up,10000000.0,0.0,13.0,Communication
Mr. Number-Block calls & spam,COMMUNICATION,4.2,177263,13M,"10,000,000+",Free,0,Mature 17+,Communication,2018-07-13,5.1.2-6310,5.0 and up,10000000.0,0.0,13.0,Communication
Should I Answer?,COMMUNICATION,4.8,237468,8.8M,"1,000,000+",Free,0,Everyone,Communication,2018-07-26,2018.1.715,4.0 and up,1000000.0,0.0,8.8,Communication
RocketDial Dialer & Contacts,COMMUNICATION,4.4,32254,5.5M,"1,000,000+",Free,0,Everyone,Communication,2017-12-04,3.9.7,2.1 and up,1000000.0,0.0,5.5,Communication
"CallApp: Caller ID, Blocker & Phone Call Recorder",COMMUNICATION,4.4,483565,20M,"10,000,000+",Free,0,Everyone,Communication,2018-07-29,1.286,4.1 and up,10000000.0,0.0,20.0,Communication
Whoscall - Caller ID & Block,COMMUNICATION,4.4,552441,29M,"10,000,000+",Free,0,Everyone,Communication,2018-08-01,6.19.1,4.1 and up,10000000.0,0.0,29.0,Communication
CIA - Caller ID & Call Blocker,COMMUNICATION,4.0,60308,Varies with device,"5,000,000+",Free,0,Everyone,Communication,2018-06-22,Varies with device,Varies with device,5000000.0,0.0,,Communication
Calls Blacklist - Call Blocker,COMMUNICATION,4.5,457283,Varies with device,"10,000,000+",Free,0,Everyone,Communication,2018-05-24,Varies with device,Varies with device,10000000.0,0.0,,Communication
Call Control - Call Blocker,COMMUNICATION,4.4,93825,11M,"5,000,000+",Free,0,Everyone,Communication,2018-07-05,2.17.3,4.1 and up,5000000.0,0.0,11.0,Communication
True Contact - Real Caller ID,COMMUNICATION,4.1,32283,Varies with device,"1,000,000+",Free,0,Everyone,Communication,2018-07-26,Varies with device,Varies with device,1000000.0,0.0,,Communication
Video Caller Id,COMMUNICATION,4.2,15287,17M,"1,000,000+",Free,0,Everyone,Communication,2018-01-24,2.2.245,4.0.3 and up,1000000.0,0.0,17.0,Communication
Sync.ME – Caller ID & Block,COMMUNICATION,4.5,205739,17M,"5,000,000+",Free,0,Everyone,Communication,2018-07-26,4.5.4,4.1 and up,5000000.0,0.0,17.0,Communication
Burner - Free Phone Number,COMMUNICATION,4.3,14873,Varies with device,"1,000,000+",Free,0,Everyone,Communication,2018-07-12,Varies with device,Varies with device,1000000.0,0.0,,Communication
"Truecaller: Caller ID, SMS spam blocking & Dialer",COMMUNICATION,4.5,7820209,Varies with device,"100,000,000+",Free,0,Everyone,Communication,2018-08-01,Varies with device,Varies with device,100000000.0,0.0,,Communication
Caller ID +,COMMUNICATION,4.0,9498,118k,"1,000,000+",Free,0,Everyone,Communication,2016-06-07,5.28.0,2.3 and up,1000000.0,0.0,0.115234375,Communication
K-9 Mail,COMMUNICATION,4.2,88427,5.1M,"5,000,000+",Free,0,Everyone,Communication,2018-01-06,5.403,4.0.3 and up,5000000.0,0.0,5.1,Communication
"myMail – Email for Hotmail, Gmail and Outlook Mail",COMMUNICATION,4.5,305218,Varies with device,"10,000,000+",Free,0,Everyone,Communication,2018-08-03,Varies with device,Varies with device,10000000.0,0.0,,Communication
Email TypeApp - Mail App,COMMUNICATION,4.6,183374,44M,"1,000,000+",Free,0,Everyone,Communication,2018-08-01,1.9.4.74,4.1 and up,1000000.0,0.0,44.0,Communication
All Email Providers,COMMUNICATION,4.1,20901,7.3M,"1,000,000+",Free,0,Everyone,Communication,2018-04-03,5.0.9,4.1 and up,1000000.0,0.0,7.3,Communication
"Newton Mail - Email App for Gmail, Outlook, IMAP",COMMUNICATION,4.0,122595,30M,"1,000,000+",Free,0,Everyone,Communication,2018-07-19,9.8.376,5.0 and up,1000000.0,0.0,30.0,Communication
GO Notifier,COMMUNICATION,4.2,124346,695k,"10,000,000+",Free,0,Everyone,Communication,2014-07-06,2.8,2.0 and up,10000000.0,0.0,0.6787109375,Communication
Mail.Ru - Email App,COMMUNICATION,4.6,837842,Varies with device,"50,000,000+",Free,0,Everyone,Communication,2018-08-03,Varies with device,Varies with device,50000000.0,0.0,,Communication
Mail1Click - Secure Mail,COMMUNICATION,4.1,255,1.6M,"10,000+",Free,0,Everyone,Communication,2017-04-11,2.3,2.2 and up,10000.0,0.0,1.6,Communication
Daum Mail - Next Mail,COMMUNICATION,4.3,41420,19M,"5,000,000+",Free,0,Everyone,Communication,2018-06-21,3.2.0,4.0 and up,5000000.0,0.0,19.0,Communication
mail.com mail,COMMUNICATION,4.2,44706,Varies with device,"1,000,000+",Free,0,Everyone,Communication,2018-07-25,Varies with device,Varies with device,1000000.0,0.0,,Communication
SolMail - All-in-One email app,COMMUNICATION,4.3,23707,Varies with device,"500,000+",Free,0,Everyone,Communication,2017-08-09,2.3.17,Varies with device,500000.0,0.0,,Communication
Vonage Mobile® Call Video Text,COMMUNICATION,4.1,29208,23M,"1,000,000+",Free,0,Everyone,Communication,2016-09-28,2.9.8,2.3.3 and up,1000000.0,0.0,23.0,Communication
JusTalk - Free Video Calls and Fun Video Chat,COMMUNICATION,4.6,191032,26M,"5,000,000+",Free,0,Everyone,Communication,2018-08-04,7.2.29,4.0.3 and up,5000000.0,0.0,26.0,Communication
"Moco+ - Chat, Meet People",DATING,4.2,1545,Varies with device,"10,000+",Paid,$3.99,Mature 17+,Dating,2018-06-19,2.6.139,4.1 and up,10000.0,3.99,,Dating
Calculator,DATING,2.6,57,6.2M,"1,000+",Paid,$6.99,Everyone,Dating,2017-10-25,1.1.6,4.0 and up,1000.0,6.99,6.2,Dating
Truth or Dare Pro,DATING,,0,20M,50+,Paid,$1.49,Teen,Dating,2017-09-01,1.0,4.0 and up,50.0,1.49,20.0,Dating
"Private Dating, Hide App- Blue for PrivacyHider",DATING,,0,18k,100+,Paid,$2.99,Everyone,Dating,2017-07-25,1.0.1,4.0 and up,100.0,2.99,0.017578125,Dating
Ad Blocker for SayHi,DATING,,4,1.2M,100+,Paid,$3.99,Teen,Dating,2018-08-02,1.2,4.0.3 and up,100.0,3.99,1.2,Dating
AMBW Dating App: Asian Men Black Women Interracial,DATING,3.5,2,17M,100+,Paid,$7.99,Mature 17+,Dating,2017-01-21,1.0.1,4.0 and up,100.0,7.99,17.0,Dating
Zoosk Dating App: Meet Singles,DATING,4.0,516801,Varies with device,"10,000,000+",Free,0,Mature 17+,Dating,2018-08-02,Varies with device,Varies with device,10000000.0,0.0,,Dating
OkCupid Dating,DATING,4.1,285726,15M,"10,000,000+",Free,0,Mature 17+,Dating,2018-07-30,11.10.1,4.1 and up,10000000.0,0.0,15.0,Dating
Match™ Dating - Meet Singles,DATING,3.7,76646,Varies with device,"10,000,000+",Free,0,Mature 17+,Dating,2018-07-23,Varies with device,Varies with device,10000000.0,0.0,,Dating
"Hily: Dating, Chat, Match, Meet & Hook up",DATING,4.1,2556,56M,"100,000+",Free,0,Mature 17+,Dating,2018-08-01,2.5.2,4.1 and up,100000.0,0.0,56.0,Dating
Hinge: Dating & Relationships,DATING,4.2,7779,12M,"500,000+",Free,0,Mature 17+,Dating,2018-08-03,6.1.3,5.0 and up,500000.0,0.0,12.0,Dating
Casual Dating & Adult Singles - Joyride,DATING,4.5,61637,11M,"5,000,000+",Free,0,Mature 17+,Dating,2018-07-31,4.17.2,4.1 and up,5000000.0,0.0,11.0,Dating
BBW Dating & Plus Size Chat,DATING,4.4,12632,29M,"1,000,000+",Free,0,Mature 17+,Dating,2018-07-27,3.5.0.1,4.1 and up,1000000.0,0.0,29.0,Dating
"Moco - Chat, Meet People",DATING,4.2,313724,Varies with device,"10,000,000+",Free,0,Mature 17+,Dating,2018-08-04,2.6.141,4.1 and up,10000000.0,0.0,,Dating
CMB Free Dating App,DATING,4.0,48845,40M,"1,000,000+",Free,0,Mature 17+,Dating,2018-08-01,4.19.0.2320,4.4 and up,1000000.0,0.0,40.0,Dating
Hot or Not - Find someone right now,DATING,4.1,305708,Varies with device,"10,000,000+",Free,0,Mature 17+,Dating,2018-08-02,Varies with device,Varies with device,10000000.0,0.0,,Dating
eharmony - Online Dating App,DATING,3.1,31320,53M,"5,000,000+",Free,0,Mature 17+,Dating,2018-07-30,6.6.5,4.1 and up,5000000.0,0.0,53.0,Dating
Free Dating App & Flirt Chat - Match with Singles,DATING,4.4,172460,3.1M,"5,000,000+",Free,0,Mature 17+,Dating,2018-08-04,1.639,4.0 and up,5000000.0,0.0,3.1,Dating
"Chispa, the Dating App for Latino, Latina Singles",DATING,4.2,4195,24M,"100,000+",Free,0,Mature 17+,Dating,2018-07-25,1.6.1,4.4 and up,100000.0,0.0,24.0,Dating
Clover Dating App,DATING,4.1,11633,23M,"500,000+",Free,0,Mature 17+,Dating,2018-07-24,2.5.1,4.1 and up,500000.0,0.0,23.0,Dating
Black People Meet Singles Date,DATING,3.9,10212,5.0M,"1,000,000+",Free,0,Mature 17+,Dating,2018-07-25,1.9.7,4.4 and up,1000000.0,0.0,5.0,Dating
Mingle2 - Free Online Dating & Singles Chat Rooms,DATING,4.3,37053,44M,"1,000,000+",Free,0,Mature 17+,Dating,2018-08-03,4.4B,4.1 and up,1000000.0,0.0,44.0,Dating
Free Dating App & Flirt Chat - Cheers,DATING,4.4,667,27M,"10,000+",Free,0,Mature 17+,Dating,2018-08-03,1.308.us,4.1 and up,10000.0,0.0,27.0,Dating
stranger chat - anonymous chat,DATING,3.5,13202,6.1M,"1,000,000+",Free,0,Mature 17+,Dating,2018-07-07,2.4.1,4.1 and up,1000000.0,0.0,6.1,Dating
"Blendr - Chat, Flirt & Meet",DATING,4.0,28671,Varies with device,"1,000,000+",Free,0,Mature 17+,Dating,2018-08-01,Varies with device,Varies with device,1000000.0,0.0,,Dating
Free Dating Hook Up Messenger,DATING,3.3,1157,21M,"100,000+",Free,0,Mature 17+,Dating,2017-01-27,5.0.1,4.2 and up,100000.0,0.0,21.0,Dating
Find Real Love — YouLove Premium Dating,DATING,4.5,212626,11M,"10,000,000+",Free,0,Mature 17+,Dating,2018-07-31,4.17.2,4.1 and up,10000000.0,0.0,11.0,Dating
Once - Quality Matches Every day,DATING,4.4,222888,21M,"1,000,000+",Free,0,Mature 17+,Dating,2018-07-17,2.45,4.1 and up,1000000.0,0.0,21.0,Dating
BLK - Swipe. Match. Chat.,DATING,4.1,2067,24M,"100,000+",Free,0,Mature 17+,Dating,2018-07-25,1.6.1,4.4 and up,100000.0,0.0,24.0,Dating
Cougar Dating Life : Date Older Women Sugar Mummy,DATING,3.9,1643,31M,"500,000+",Free,0,Mature 17+,Dating,2018-07-03,4.5.5,4.1 and up,500000.0,0.0,31.0,Dating
Howlr,DATING,3.9,105,27M,"5,000+",Free,0,Mature 17+,Dating,2018-06-19,1.0.4,4.4 and up,5000.0,0.0,27.0,Dating
Stranger Chat & Date,DATING,3.6,3414,6.2M,"500,000+",Free,0,Mature 17+,Dating,2018-06-06,1.2.1,4.1 and up,500000.0,0.0,6.2,Dating
Free Dating & Flirt Chat - Choice of Love,DATING,4.0,42194,Varies with device,"5,000,000+",Free,0,Mature 17+,Dating,2018-07-24,Varies with device,Varies with device,5000000.0,0.0,,Dating
RandoChat - Chat roulette,DATING,3.6,11806,12M,"1,000,000+",Free,0,Mature 17+,Dating,2018-06-26,4.0.18,4.0.3 and up,1000000.0,0.0,12.0,Dating
BeWild Free Dating & Chat App,DATING,3.4,1999,8.0M,"100,000+",Free,0,Mature 17+,Dating,2017-02-03,1.6.5,4.2 and up,100000.0,0.0,8.0,Dating
"FastMeet: Chat, Dating, Love",DATING,4.2,22544,5.9M,"1,000,000+",Free,0,Mature 17+,Dating,2018-07-27,1.31.4,4.0.3 and up,1000000.0,0.0,5.9,Dating
"Free Dating App - YoCutie - Flirt, Chat & Meet",DATING,4.1,97684,7.9M,"1,000,000+",Free,0,Mature 17+,Dating,2018-07-10,1.230,4.0.3 and up,1000000.0,0.0,7.9,Dating
OurTime Dating for Singles 50+,DATING,3.4,2519,5.0M,"100,000+",Free,0,Mature 17+,Dating,2018-07-25,1.9.7,4.4 and up,100000.0,0.0,5.0,Dating
FarmersOnly Dating,DATING,3.0,1146,1.4M,"100,000+",Free,0,Mature 17+,Dating,2016-02-25,2.2,4.0 and up,100000.0,0.0,1.4,Dating
Dating for 50 plus Mature Singles – FINALLY,DATING,4.6,13046,13M,"500,000+",Free,0,Mature 17+,Dating,2018-07-31,4.17.2,4.1 and up,500000.0,0.0,13.0,Dating
Sudy – Meet Elite & Rich Single,DATING,4.1,17268,40M,"500,000+",Free,0,Mature 17+,Dating,2018-06-25,4.1.2,4.0.3 and up,500000.0,0.0,40.0,Dating
Christian Dating For Free App,DATING,3.9,8722,13M,"500,000+",Free,0,Mature 17+,Dating,2018-06-20,15.8,4.1 and up,500000.0,0.0,13.0,Dating
Just She - Top Lesbian Dating,DATING,1.9,953,19M,"100,000+",Free,0,Mature 17+,Dating,2018-07-18,6.3.7,5.0 and up,100000.0,0.0,19.0,Dating
Single Parent Meet #1 Dating,DATING,3.5,2593,5.0M,"500,000+",Free,0,Mature 17+,Dating,2018-07-25,1.9.7,4.4 and up,500000.0,0.0,5.0,Dating
EliteSingles – Dating for Single Professionals,DATING,2.5,5377,19M,"500,000+",Free,0,Mature 17+,Dating,2018-07-31,4.8.5,4.0.3 and up,500000.0,0.0,19.0,Dating
Millionaire Match: Rich Singles Dating App,DATING,3.9,852,27M,"100,000+",Free,0,Mature 17+,Dating,2018-07-30,6.4.6,4.1 and up,100000.0,0.0,27.0,Dating
InterracialCupid - Interracial Dating App,DATING,3.4,212,3.0M,"50,000+",Free,0,Mature 17+,Dating,2018-06-13,2.3.0.1781,5.0 and up,50000.0,0.0,3.0,Dating
Sugar Mommas Dating And Single Search,DATING,3.5,1972,13M,"1,000,000+",Free,0,Mature 17+,Dating,2018-05-12,4.3,4.1 and up,1000000.0,0.0,13.0,Dating
"Hide App, Private Dating, Safe Chat - PrivacyHider",DATING,4.4,35206,7.2M,"1,000,000+",Free,0,Everyone,Dating,2018-05-21,2.9.6,4.0 and up,1000000.0,0.0,7.2,Dating
"muzmatch: Muslim & Arab Singles, Marriage & Dating",DATING,3.8,5164,25M,"100,000+",Free,0,Mature 17+,Dating,2018-07-24,3.8.75a,4.0.3 and up,100000.0,0.0,25.0,Dating
NoBuffDating - Free Dating App,DATING,4.2,1939,Varies with device,"100,000+",Free,0,Mature 17+,Dating,2017-01-08,1.0.0,4.0 and up,100000.0,0.0,,Dating
Sugar Daddy Dating App,DATING,2.5,277,5.7M,"100,000+",Free,0,Mature 17+,Dating,2017-12-04,3.0.0,4.1 and up,100000.0,0.0,5.7,Dating
Adult Dirty Emojis,DATING,2.8,80,5.5M,"10,000+",Free,0,Teen,Dating,2017-11-06,1.0,4.0.3 and up,10000.0,0.0,5.5,Dating
Free Dating App - Meet Local Singles - Flirt Chat,DATING,4.1,825,Varies with device,"100,000+",Free,0,Mature 17+,Dating,2017-12-28,1.0.5,4.0 and up,100000.0,0.0,,Dating
"Meet4U - Chat, Love, Singles!",DATING,4.2,40035,6.5M,"1,000,000+",Free,0,Mature 17+,Dating,2018-07-27,1.31.3,4.0.3 and up,1000000.0,0.0,6.5,Dating
SnpCupid Dating,DATING,3.5,1093,5.8M,"100,000+",Free,0,Mature 17+,Dating,2017-01-28,1.6.6,4.2 and up,100000.0,0.0,5.8,Dating
"Chat Rooms, Avatars, Date - Galaxy",DATING,4.3,135418,Varies with device,"10,000,000+",Free,0,Mature 17+,Dating,2018-07-07,Varies with device,Varies with device,10000000.0,0.0,,Dating
Adult Dating - AdultFinder,DATING,3.3,1601,3.8M,"500,000+",Free,0,Mature 17+,Dating,2017-02-01,1.5,4.1 and up,500000.0,0.0,3.8,Dating
Gay Sugar Daddy Dating & Hookup – Sudy Gay,DATING,4.1,2212,41M,"100,000+",Free,0,Mature 17+,Dating,2018-06-20,2.0.5,4.0.3 and up,100000.0,0.0,41.0,Dating
"Meet24 - Love, Chat, Singles",DATING,4.2,57081,7.9M,"1,000,000+",Free,0,Mature 17+,Dating,2018-07-27,1.31.3,4.0.3 and up,1000000.0,0.0,7.9,Dating
BBWCupid - BBW Dating App,DATING,3.5,241,2.8M,"50,000+",Free,0,Mature 17+,Dating,2018-06-01,2.2.0.1748,5.0 and up,50000.0,0.0,2.8,Dating
ChatVideo Meet new people,DATING,4.2,63986,20M,"5,000,000+",Free,0,Mature 17+,Dating,2018-05-31,3.0.15,4.0 and up,5000000.0,0.0,20.0,Dating
"TryDate - Free Online Dating App, Chat Meet Adults",DATING,4.4,7888,15M,"500,000+",Free,0,Mature 17+,Dating,2018-04-29,2.4.0,4.1 and up,500000.0,0.0,15.0,Dating
Black White Interracial Dating - Interracial Match,DATING,4.1,535,28M,"100,000+",Free,0,Mature 17+,Dating,2018-03-29,2.0.0,4.1 and up,100000.0,0.0,28.0,Dating
"USA Singles Meet, Match and Date Free - Date",DATING,4.2,5084,9.6M,"100,000+",Free,0,Mature 17+,Dating,2018-08-03,1.55,4.1 and up,100000.0,0.0,9.6,Dating
FlirtChat - ♥Free Dating/Flirting App♥,DATING,4.3,2430,13M,"500,000+",Free,0,Mature 17+,Dating,2018-07-26,12.0.4,4.1 and up,500000.0,0.0,13.0,Dating
The League,DATING,3.0,837,9.4M,"100,000+",Free,0,Mature 17+,Dating,2018-07-16,1.15.0,4.4 and up,100000.0,0.0,9.4,Dating
"Herpes Dating: 1,000K+ Singles",DATING,4.0,738,27M,"10,000+",Free,0,Mature 17+,Dating,2018-08-01,6.4.1,4.1 and up,10000.0,0.0,27.0,Dating
Heart mill,DATING,3.3,4631,45M,"100,000+",Free,0,Mature 17+,Dating,2018-08-04,5.2.14,5.0 and up,100000.0,0.0,45.0,Dating
95Live -SG#1 Live Streaming App,DATING,4.1,4953,15M,"1,000,000+",Free,0,Teen,Dating,2018-08-01,8.7.2,4.2 and up,1000000.0,0.0,15.0,Dating
Mutual - LDS Dating,DATING,3.7,1439,38M,"50,000+",Free,0,Mature 17+,Dating,2018-07-30,1.1.46,4.2 and up,50000.0,0.0,38.0,Dating
2RedBeans,DATING,4.0,337,32M,"10,000+",Free,0,Mature 17+,Dating,2018-07-31,2.8.0,4.3 and up,10000.0,0.0,32.0,Dating
"SweetRing - Meet, Match, Date",DATING,4.0,51698,63M,"1,000,000+",Free,0,Mature 17+,Dating,2018-07-26,3.0.0,4.0.3 and up,1000000.0,0.0,63.0,Dating
"BiggerCity: Chat for gay bears, chubs & chasers",DATING,4.1,923,44M,"100,000+",Free,0,Mature 17+,Dating,2018-08-02,3.4.1.1,4.1 and up,100000.0,0.0,44.0,Dating
SilverSingles: The 50+ Dating App,DATING,3.3,149,16M,"10,000+",Free,0,Mature 17+,Dating,2018-07-31,4.8.5,4.0.3 and up,10000.0,0.0,16.0,Dating
Herpes Positive Singles Dating,DATING,4.4,198,28M,"10,000+",Free,0,Mature 17+,Dating,2018-05-18,5.5.7,4.1 and up,10000.0,0.0,28.0,Dating
Glam - Premium Dating App,DATING,4.3,23170,9.0M,"500,000+",Free,0,Mature 17+,Dating,2018-07-25,1.5.4.0,4.1 and up,500000.0,0.0,9.0,Dating
"iDates - Chats, Flirts, Dating, Love & Relations",DATING,3.4,13890,20M,"500,000+",Free,0,Mature 17+,Dating,2018-06-19,4.9.2 (Oasis),4.2 and up,500000.0,0.0,20.0,Dating
JustDating,DATING,4.0,13440,49M,"500,000+",Free,0,Mature 17+,Dating,2018-08-03,3.10.5,4.0.3 and up,500000.0,0.0,49.0,Dating
Interracial Match Dating App,DATING,3.6,143,27M,"10,000+",Free,0,Mature 17+,Dating,2018-07-23,2.2.7,4.1 and up,10000.0,0.0,27.0,Dating
Russian Dating & Chat for Russian speaking RusDate,DATING,4.2,1059,18M,"100,000+",Free,0,Mature 17+,Dating,2018-07-26,1.17,4.2 and up,100000.0,0.0,18.0,Dating
Sky People (SPI): A secure blind date through authentication by Seoul National University,DATING,3.5,894,14M,"100,000+",Free,0,Mature 17+,Dating,2018-07-17,3.1.3,4.1 and up,100000.0,0.0,14.0,Dating
Sweet mi - unlimited hunnam hunting blind date,DATING,4.0,6191,27M,"500,000+",Free,0,Mature 17+,Dating,2018-07-12,0.0.73,4.1 and up,500000.0,0.0,27.0,Dating
Mingle - Online Dating App to Chat & Meet People,DATING,4.1,15081,38M,"1,000,000+",Free,0,Mature 17+,Dating,2018-07-26,4.7.6,4.1 and up,1000000.0,0.0,38.0,Dating
BBW Dating & Curvy Singles Chat- LargeFriends,DATING,4.4,218,27M,"10,000+",Free,0,Mature 17+,Dating,2018-07-23,5.2.9,4.1 and up,10000.0,0.0,27.0,Dating
Hitwe - meet people and chat,DATING,4.2,243950,21M,"10,000,000+",Free,0,Mature 17+,Dating,2018-05-10,4.3.2,4.1 and up,10000000.0,0.0,21.0,Dating
A hundred,DATING,4.1,236,8.8M,"10,000+",Free,0,Mature 17+,Dating,2018-03-29,3.9.2,4.0.3 and up,10000.0,0.0,8.8,Dating
JustSayHi- Dating App. Chat & Meet Singles Nearby,DATING,4.2,5152,38M,"100,000+",Free,0,Mature 17+,Dating,2018-07-26,3.6.3,4.1 and up,100000.0,0.0,38.0,Dating
FERZU - Furries Social Network,DATING,3.9,1576,Varies with device,"10,000+",Free,0,Mature 17+,Dating,2018-02-16,4.4.1,4.1 and up,10000.0,0.0,,Dating
WannaMeet – Dating & Chat App,DATING,4.1,6701,11M,"1,000,000+",Free,0,Mature 17+,Dating,2018-06-29,5.16.2,4.0.3 and up,1000000.0,0.0,11.0,Dating
Luxy Pro- Elite Dating Single,DATING,3.9,742,26M,"50,000+",Free,0,Mature 17+,Dating,2018-04-07,5.3.3.13289,4.0.3 and up,50000.0,0.0,26.0,Dating
Dating Network,DATING,4.0,187,19M,"10,000+",Free,0,Mature 17+,Dating,2018-07-26,1.17,4.2 and up,10000.0,0.0,19.0,Dating
"Chatting - Free chat, random chat, boyfriend, girlfriend",DATING,4.2,2506,6.1M,"500,000+",Free,0,Mature 17+,Dating,2017-06-15,3.0.0,4.0 and up,500000.0,0.0,6.1,Dating
"iPair-Meet, Chat, Dating",DATING,4.5,182986,77M,"5,000,000+",Free,0,Mature 17+,Dating,2018-08-02,5.0.8,4.1 and up,5000000.0,0.0,77.0,Dating
"Meet, chat & date. Free dating app - Chocolate app",DATING,3.9,8661,9.5M,"1,000,000+",Free,0,Mature 17+,Dating,2018-04-03,0.1.11,4.0 and up,1000000.0,0.0,9.5,Dating
Transenger – Ts Dating and Chat for Free,DATING,3.6,8,14M,"1,000+",Free,0,Mature 17+,Dating,2018-07-29,1.4.0,4.4 and up,1000.0,0.0,14.0,Dating
O-Star,DATING,4.4,59,38M,"5,000+",Free,0,Everyone,Dating,2018-07-19,1.0.1,4.3 and up,5000.0,0.0,38.0,Dating
Free Cam Girls - Live Webcam,DATING,3.5,35,16M,"1,000+",Free,0,Mature 17+,Dating,2018-07-16,2.4,4.0.3 and up,1000.0,0.0,16.0,Dating
Cardi B Live Stream Video Chat - Prank,DATING,4.4,28,3.4M,500+,Free,0,Everyone,Dating,2018-07-16,2.5,4.0.3 and up,500.0,0.0,3.4,Dating
Live Girls Talk - Free Video Chat,DATING,4.8,125,4.7M,"5,000+",Free,0,Mature 17+,Dating,2018-07-08,8.2,4.0.3 and up,5000.0,0.0,4.7,Dating
Live Talk - Free Text and Video Chat,DATING,4.6,185,5.0M,"10,000+",Free,0,Mature 17+,Dating,2018-07-16,8.2,4.0.3 and up,10000.0,0.0,5.0,Dating
Chat Kids - Chat Room For Kids,DATING,4.7,6,4.9M,100+,Free,0,Mature 17+,Dating,2018-07-24,1.0,4.0.3 and up,100.0,0.0,4.9,Dating
Girls Live Chat - Free Text & Video Chat,DATING,4.8,110,4.9M,"10,000+",Free,0,Mature 17+,Dating,2018-07-09,8.2,4.0.3 and up,10000.0,0.0,4.9,Dating
Random Video Chat,DATING,,3,16M,"1,000+",Free,0,Mature 17+,Dating,2018-07-15,4.20,4.0.3 and up,1000.0,0.0,16.0,Dating
MouseMingle,DATING,2.7,3,3.9M,100+,Free,0,Mature 17+,Dating,2018-07-17,1.0.0,4.4 and up,100.0,0.0,3.9,Dating
American Girls Mobile Numbers,DATING,5.0,5,4.4M,"1,000+",Free,0,Mature 17+,Dating,2018-07-17,3.0,4.0.3 and up,1000.0,0.0,4.4,Dating
Random Video Chat App With Strangers,DATING,,3,4.8M,"1,000+",Free,0,Mature 17+,Dating,2018-07-17,1.,4.0 and up,1000.0,0.0,4.8,Dating
FREE VIDEO CHAT - LIVE VIDEO AND TEXT CHAT,DATING,4.8,84,4.5M,"1,000+",Free,0,Mature 17+,Dating,2018-07-06,8.2,4.0.3 and up,1000.0,0.0,4.5,Dating
Awake Dating,DATING,5.0,2,70M,100+,Free,0,Mature 17+,Dating,2018-07-24,2.2.9,4.4 and up,100.0,0.0,70.0,Dating
Live Chat - Free Video Chat Rooms,DATING,4.8,20,4.9M,500+,Free,0,Mature 17+,Dating,2018-07-15,8.2,4.0.3 and up,500.0,0.0,4.9,Dating
Meet With Strangers: Video Chat & Dating,DATING,,2,3.7M,500+,Free,0,Mature 17+,Dating,2018-07-16,1.,4.0 and up,500.0,0.0,3.7,Dating
FREE LIVE TALK,DATING,4.9,776,4.9M,"5,000+",Free,0,Mature 17+,Dating,2018-07-14,8.2,4.0.3 and up,5000.0,0.0,4.9,Dating
Random Chat App with Strangers,DATING,3.0,2,16M,100+,Free,0,Mature 17+,Dating,2018-07-17,2.5,4.0.3 and up,100.0,0.0,16.0,Dating
Ost. Zombies Cast - New Music and Lyrics,DATING,,1,4.6M,100+,Free,0,Teen,Dating,2018-07-20,1.0,4.0.3 and up,100.0,0.0,4.6,Dating
Dating White Girls,DATING,,0,3.6M,50+,Free,0,Mature 17+,Dating,2018-07-20,1.0,4.0 and up,50.0,0.0,3.6,Dating
Live Chat - Free Video Talk,DATING,4.7,14,21M,"5,000+",Free,0,Mature 17+,Dating,2018-08-03,1.3,4.1 and up,5000.0,0.0,21.0,Dating
Geeks Dating,DATING,,0,13M,50+,Free,0,Mature 17+,Dating,2018-07-10,1.0,4.1 and up,50.0,0.0,13.0,Dating
Live chat - free video chat,DATING,,1,8.7M,500+,Free,0,Mature 17+,Dating,2018-07-23,3.52,4.0.3 and up,500.0,0.0,8.7,Dating
House party - live chat,DATING,1.0,1,9.2M,10+,Free,0,Mature 17+,Dating,2018-07-31,3.52,4.0.3 and up,10.0,0.0,9.2,Dating
Fishing Brain & Boating Maps Marine,DATING,,3,6.9M,500+,Free,0,Everyone,Dating,2018-07-23,1.0,4.0.3 and up,500.0,0.0,6.9,Dating
CAM5678 Video Chat,DATING,,0,39M,500+,Free,0,Mature 17+,Dating,2018-07-13,5.5.8,4.0.3 and up,500.0,0.0,39.0,Dating
Video chat live advices,DATING,,0,8.0M,100+,Free,0,Everyone,Dating,2018-07-10,1.0,3.0 and up,100.0,0.0,8.0,Dating
chat live chat,DATING,,24,3.9M,"1,000+",Free,0,Mature 17+,Dating,2018-07-26,1.0,4.0 and up,1000.0,0.0,3.9,Dating
Pet Lovers Dating,DATING,,0,14M,10+,Free,0,Mature 17+,Dating,2018-07-09,1.0,4.1 and up,10.0,0.0,14.0,Dating
Friend Find: free chat + flirt dating app,DATING,,23,11M,100+,Free,0,Mature 17+,Dating,2018-07-31,1.0,4.4 and up,100.0,0.0,11.0,Dating
Latin Dating,DATING,,0,13M,10+,Free,0,Mature 17+,Dating,2018-07-09,1.0,4.1 and up,10.0,0.0,13.0,Dating
Spine- The dating app,DATING,5.0,5,9.3M,500+,Free,0,Teen,Dating,2018-07-14,4.0,4.0.3 and up,500.0,0.0,9.3,Dating
Online Chat Girls Meet,DATING,4.7,18,5.0M,500+,Free,0,Mature 17+,Dating,2018-07-25,8.2,4.0.3 and up,500.0,0.0,5.0,Dating
Wifi Mingle,DATING,,0,10.0M,10+,Free,0,Everyone,Dating,2018-07-27,1.3,4.4 and up,10.0,0.0,10.0,Dating
Girls Live Talk - Free Text and Video Chat,DATING,5.0,6,5.0M,100+,Free,0,Mature 17+,Dating,2018-08-01,8.2,4.0.3 and up,100.0,0.0,5.0,Dating
Soy Luna - Top Music And Lyrics,DATING,,1,5.0M,100+,Free,0,Teen,Dating,2018-07-24,1.0,4.0.3 and up,100.0,0.0,5.0,Dating
When Will You Get Married,DATING,,2,3.6M,10+,Free,0,Everyone,Dating,2018-07-14,1.0,4.0.3 and up,10.0,0.0,3.6,Dating
HOW TO ASK A GIRL OUT,DATING,,0,19M,10+,Free,0,Everyone,Dating,2018-07-16,1.0,4.0.3 and up,10.0,0.0,19.0,Dating
Online Girls Chat Group,DATING,5.0,5,5.0M,100+,Free,0,Mature 17+,Dating,2018-08-02,8.2,4.0.3 and up,100.0,0.0,5.0,Dating
The DJ - Match with People,DATING,,0,9.8M,50+,Free,0,Mature 17+,Dating,2018-08-02,1.2,4.1 and up,50.0,0.0,9.8,Dating
Toronto Dating,DATING,,0,14M,100+,Free,0,Mature 17+,Dating,2018-07-12,1.0,4.1 and up,100.0,0.0,14.0,Dating
i miss you quotes and photos,DATING,,0,5.0M,100+,Free,0,Everyone,Dating,2018-07-22,1.0.7,4.0 and up,100.0,0.0,5.0,Dating
JoJo Siwa Top Hits Music,DATING,,0,4.9M,10+,Free,0,Teen,Dating,2018-07-26,1.0,4.0.3 and up,10.0,0.0,4.9,Dating
UK Girls Mobile Numbers,DATING,3.0,1,5.5M,500+,Free,0,Mature 17+,Dating,2018-07-19,1.0,4.0.3 and up,500.0,0.0,5.5,Dating
chat saudi arabia,DATING,4.1,11,11M,"1,000+",Free,0,Mature 17+,Dating,2018-07-14,1.1,4.0 and up,1000.0,0.0,11.0,Dating
Chat Click - Dating Search,DATING,,4,3.8M,500+,Free,0,Mature 17+,Dating,2018-07-11,1.0,3.0 and up,500.0,0.0,3.8,Dating
Iraq love chat,DATING,,14,5.0M,50+,Free,0,Teen,Dating,2018-08-03,8.2,4.0.3 and up,50.0,0.0,5.0,Dating
Healthy Relationships Guide,DATING,,0,8.2M,1+,Free,0,Everyone,Dating,2018-07-31,2.0,4.0.3 and up,1.0,0.0,8.2,Dating
following,DATING,,1,21M,10+,Free,0,Mature 17+,Dating,2018-07-24,1.0.3,4.2 and up,10.0,0.0,21.0,Dating
Gods by Night,DATING,,104,12M,"1,000+",Free,0,Mature 17+,Dating,2018-07-22,3.5.4.2.3,4.1 and up,1000.0,0.0,12.0,Dating
PlusOne,DATING,,0,10M,1+,Free,0,Mature 17+,Dating,2018-07-17,1.1.1,4.2 and up,1.0,0.0,10.0,Dating
Love Calendar - Couple Sharing Calendar & CoupleDay,DATING,,14,3.3M,50+,Free,0,Everyone,Dating,2018-07-30,1.6,4.1 and up,50.0,0.0,3.3,Dating
Speeding Joyride & Car Meet App,DATING,5.0,3,25M,100+,Free,0,Mature 17+,Dating,2018-07-20,1.2.9,4.1 and up,100.0,0.0,25.0,Dating
LOBSTR - go on a lunch date,DATING,3.7,101,15M,"10,000+",Free,0,Mature 17+,Dating,2018-07-24,2,4.1 and up,10000.0,0.0,15.0,Dating
Titanic App - Feminist Dating Application,DATING,4.5,120,10M,500+,Free,0,Mature 17+,Dating,2018-08-04,1.5-beta,5.0 and up,500.0,0.0,10.0,Dating
French Chat Room,DATING,4.2,24,4.9M,"1,000+",Free,0,Mature 17+,Dating,2018-07-11,1.0,4.0.3 and up,1000.0,0.0,4.9,Dating
Soul Mate,DATING,,0,4.4M,10+,Free,0,Mature 17+,Dating,2018-07-19,4.5.0,4.0.3 and up,10.0,0.0,4.4,Dating
Diamond Engagement Rings,DATING,,0,3.5M,5+,Free,0,Everyone,Dating,2018-07-12,6.1,4.0 and up,5.0,0.0,3.5,Dating
Dating Tips For Men,DATING,,0,7.8M,10+,Free,0,Everyone,Dating,2018-07-09,3.0,4.0.3 and up,10.0,0.0,7.8,Dating
Halalguur,DATING,4.3,6,9.0M,100+,Free,0,Mature 17+,Dating,2018-07-26,3.7,4.0.3 and up,100.0,0.0,9.0,Dating
Find Lover,DATING,,21,4.7M,"1,000+",Free,0,Mature 17+,Dating,2018-07-27,1.0.2,4.0.3 and up,1000.0,0.0,4.7,Dating
"2Date Dating App, Love and matching",DATING,4.4,41605,8.1M,"500,000+",Free,0,Mature 17+,Dating,2018-07-26,4.813,4.0.3 and up,500000.0,0.0,8.1,Dating
Teenage Chat & Dating,DATING,3.4,5,14M,500+,Free,0,Mature 17+,Dating,2018-07-09,1.2,4.1 and up,500.0,0.0,14.0,Dating
Girls Online Talk - Free Text and Video Chat,DATING,4.7,791,3.7M,"10,000+",Free,0,Mature 17+,Dating,2018-05-15,8.2,4.0.3 and up,10000.0,0.0,3.7,Dating
Online Girls Chat,DATING,4.8,5323,3.5M,"50,000+",Free,0,Mature 17+,Dating,2018-04-21,8.2,4.0.3 and up,50000.0,0.0,3.5,Dating
LIVE VIDEO TALK,DATING,4.7,478,4.5M,"10,000+",Free,0,Mature 17+,Dating,2018-06-28,8.2,4.0.3 and up,10000.0,0.0,4.5,Dating
SkyLove – Dating and chat,DATING,3.5,69,36M,"5,000+",Free,0,Mature 17+,Dating,2018-08-04,1.0.82,4.4 and up,5000.0,0.0,36.0,Dating
Free Live Talk-Video Call,DATING,4.7,158,4.5M,"10,000+",Free,0,Mature 17+,Dating,2018-07-05,8.2,4.0.3 and up,10000.0,0.0,4.5,Dating
FindLoving,DATING,3.8,24,19M,"1,000+",Free,0,Mature 17+,Dating,2018-08-02,1.0.5,4.0 and up,1000.0,0.0,19.0,Dating
Sugar Daddies Dating App,DATING,2.9,53,14M,"10,000+",Free,0,Mature 17+,Dating,2018-07-10,4.1,4.1 and up,10000.0,0.0,14.0,Dating
"Chat Mexico: meet people, flirt and friendship",DATING,,8,9.3M,"5,000+",Free,0,Mature 17+,Dating,2018-07-02,3.7,4.0.3 and up,5000.0,0.0,9.3,Dating
Duolingo: Learn Languages Free,EDUCATION,4.7,6289924,Varies with device,"100,000,000+",Free,0,Everyone,Education;Education,2018-08-01,Varies with device,Varies with device,100000000.0,0.0,,Education
TED,EDUCATION,4.6,181893,18M,"10,000,000+",Free,0,Everyone 10+,Education,2018-07-27,3.2.5,4.1 and up,10000000.0,0.0,18.0,Education
English Communication - Learn English for Chinese (Learn English for Chinese),EDUCATION,4.7,2544,18M,"100,000+",Free,0,Everyone,Education,2017-12-29,3.1,4.0 and up,100000.0,0.0,18.0,Education
Khan Academy,EDUCATION,4.6,85375,21M,"5,000,000+",Free,0,Everyone,Education,2018-07-27,5.0.0,4.1 and up,5000000.0,0.0,21.0,Education
Learn English with Wlingua,EDUCATION,4.7,314299,3.3M,"10,000,000+",Free,0,Everyone,Education,2018-05-02,1.94.9,4.0 and up,10000000.0,0.0,3.3,Education
Ai La Trieu Phu - ALTP Free,EDUCATION,,776,24M,"100,000+",Free,0,Everyone,Education,2018-07-23,1.5,4.0 and up,100000.0,0.0,24.0,Education
Princess Coloring Book,EDUCATION,4.5,9770,39M,"5,000,000+",Free,0,Everyone,Education;Creativity,2018-02-25,1.2.8,4.0 and up,5000000.0,0.0,39.0,Education
Learn Spanish - Español,EDUCATION,4.7,32346,3.2M,"1,000,000+",Free,0,Everyone,Education,2017-12-18,1.3.8,4.0 and up,1000000.0,0.0,3.2,Education
English Grammar Test,EDUCATION,4.8,4075,5.1M,"500,000+",Free,0,Everyone,Education,2018-06-22,2.1.8,4.0.3 and up,500000.0,0.0,5.1,Education
Speed Reading,EDUCATION,4.6,10611,11M,"500,000+",Free,0,Everyone,Education,2018-05-27,2.3.7,4.0 and up,500000.0,0.0,11.0,Education
English for beginners,EDUCATION,4.6,9321,27M,"1,000,000+",Free,0,Everyone,Education,2018-07-18,2.9.0,4.0 and up,1000000.0,0.0,27.0,Education
Flame - درب عقلك يوميا,EDUCATION,4.6,56065,37M,"1,000,000+",Free,0,Everyone,Education,2018-07-26,3.3,4.1 and up,1000000.0,0.0,37.0,Education
Mermaids,EDUCATION,4.2,14286,Varies with device,"5,000,000+",Free,0,Everyone,Education;Creativity,2018-04-26,Varies with device,4.1 and up,5000000.0,0.0,,Education
"Learn Japanese, Korean, Chinese Offline & Free",EDUCATION,4.9,133136,26M,"1,000,000+",Free,0,Everyone,Education;Education,2018-07-20,2.16.11.10,4.2 and up,1000000.0,0.0,26.0,Education
Kids Mode,EDUCATION,3.8,2469,11M,"500,000+",Free,0,Everyone,Education,2018-03-23,Varies with device,Varies with device,500000.0,0.0,11.0,Education
PBS KIDS Video,EDUCATION,4.2,36212,Varies with device,"5,000,000+",Free,0,Everyone,Education;Music & Video,2018-07-12,Varies with device,Varies with device,5000000.0,0.0,,Education
Dinosaurs Coloring Pages,EDUCATION,4.4,390,41M,"500,000+",Free,0,Everyone,Education;Education,2018-02-03,1.1.6,4.0 and up,500000.0,0.0,41.0,Education
Cars Coloring Pages,EDUCATION,4.4,1090,49M,"1,000,000+",Free,0,Everyone,Education;Creativity,2018-02-03,1.2.0,4.0 and up,1000000.0,0.0,49.0,Education
Babbel – Learn Languages,EDUCATION,4.3,266948,21M,"10,000,000+",Free,0,Everyone,Education,2018-07-30,20.7.2,4.4 and up,10000000.0,0.0,21.0,Education
Math Tricks,EDUCATION,4.5,342918,8.1M,"10,000,000+",Free,0,Everyone,Education,2018-07-29,2.24,4.0 and up,10000000.0,0.0,8.1,Education
Monster Truck Driver & Racing,EDUCATION,4.4,748,51M,"1,000,000+",Free,0,Everyone,Education;Action & Adventure,2017-01-19,1.0.9,2.3 and up,1000000.0,0.0,51.0,Education
Learn English Words Free,EDUCATION,4.6,172640,14M,"5,000,000+",Free,0,Everyone,Education,2018-05-02,2.6.2,4.1 and up,5000000.0,0.0,14.0,Education
Japanese / English one-shop search dictionary - Free Japanese - English - Japanese dictionary application,EDUCATION,3.9,61,18M,"50,000+",Free,0,Mature 17+,Education,2018-05-28,1.4.2,5.0 and up,50000.0,0.0,18.0,Education
English speaking texts,EDUCATION,4.4,1619,3.0M,"1,000,000+",Free,0,Everyone,Education,2018-07-20,1.2,1.6 and up,1000000.0,0.0,3.0,Education
Thai Handwriting,EDUCATION,4.3,3168,19M,"1,000,000+",Free,0,Everyone,Education,2017-10-26,3.1,4.4 and up,1000000.0,0.0,19.0,Education
THAI DICT 2018,EDUCATION,4.4,29855,Varies with device,"1,000,000+",Free,0,Mature 17+,Education,2018-07-29,Varies with device,Varies with device,1000000.0,0.0,,Education
Kanji test · Han search Kanji training (free version),EDUCATION,4.2,6736,22M,"1,000,000+",Free,0,Mature 17+,Education,2017-10-17,2.51.0,4.0.3 and up,1000000.0,0.0,22.0,Education
Game for KIDS: KIDS match'em,EDUCATION,4.4,7005,6.9M,"1,000,000+",Free,0,Everyone,Education,2016-10-23,1.17,2.3 and up,1000000.0,0.0,6.9,Education
Flippy Campus - Buy & sell on campus at a discount,EDUCATION,4.0,889,7.4M,"500,000+",Free,0,Everyone,Education,2018-03-09,2.2.4,4.2 and up,500000.0,0.0,7.4,Education
Free intellectual training game application |,EDUCATION,4.2,5741,84M,"1,000,000+",Free,0,Everyone,Education;Pretend Play,2018-07-25,3.7.0,4.4 and up,1000000.0,0.0,84.0,Education
ABC Preschool Free,EDUCATION,3.8,27572,25M,"5,000,000+",Free,0,Everyone,Education;Education,2017-10-25,3.0,2.3 and up,5000000.0,0.0,25.0,Education
PINKFONG Baby Shark,EDUCATION,4.5,10852,18M,"1,000,000+",Free,0,Everyone,Education,2017-11-28,10,4.1 and up,1000000.0,0.0,18.0,Education
English words application mikan,EDUCATION,4.7,9888,Varies with device,"500,000+",Free,0,Everyone,Education,2018-07-30,Varies with device,4.1 and up,500000.0,0.0,,Education
Learn English for beginners,EDUCATION,4.5,1929,2.5M,"500,000+",Free,0,Everyone,Education,2017-09-28,1.1,2.3 and up,500000.0,0.0,2.5,Education
Listen and learn English in seven days,EDUCATION,4.3,1516,3.9M,"100,000+",Free,0,Everyone,Education,2018-07-28,3.1,4.1 and up,100000.0,0.0,3.9,Education
Lumosity: #1 Brain Games & Cognitive Training App,EDUCATION,4.2,215301,Varies with device,"10,000,000+",Free,0,Everyone,Education,2018-08-01,Varies with device,Varies with device,10000000.0,0.0,,Education
Learn English from Persian: Persian to English,EDUCATION,4.3,423,21M,"100,000+",Free,0,Everyone,Education,2018-04-03,6.0,4.0.3 and up,100000.0,0.0,21.0,Education
English with Lingualeo,EDUCATION,4.7,254519,27M,"5,000,000+",Free,0,Everyone,Education,2018-07-20,2.8.1,4.1 and up,5000000.0,0.0,27.0,Education
"Learn languages, grammar & vocabulary with Memrise",EDUCATION,4.7,1107903,Varies with device,"10,000,000+",Free,0,Everyone,Education,2018-08-02,Varies with device,Varies with device,10000000.0,0.0,,Education
Quizlet: Learn Languages & Vocab with Flashcards,EDUCATION,4.6,211856,Varies with device,"10,000,000+",Free,0,Everyone,Education,2018-08-01,Varies with device,Varies with device,10000000.0,0.0,,Education
Udemy - Online Courses,EDUCATION,4.5,99020,18M,"1,000,000+",Free,0,Everyone,Education,2018-08-02,5.0.4,5.0 and up,1000000.0,0.0,18.0,Education
Coursera: Online courses,EDUCATION,4.4,90481,Varies with device,"5,000,000+",Free,0,Everyone,Education,2018-07-27,Varies with device,Varies with device,5000000.0,0.0,,Education
"edX - Online Courses by Harvard, MIT & more",EDUCATION,4.6,32381,10M,"1,000,000+",Free,0,Everyone 10+,Education,2018-07-15,2.15.1,4.1 and up,1000000.0,0.0,10.0,Education
Elevate - Brain Training Games,EDUCATION,4.5,248912,Varies with device,"5,000,000+",Free,0,Everyone,Education,2018-07-30,Varies with device,Varies with device,5000000.0,0.0,,Education
NeuroNation - Focus and Brain Training,EDUCATION,4.5,248555,Varies with device,"5,000,000+",Free,0,Everyone,Education;Brain Games,2018-05-23,Varies with device,4.0.3 and up,5000000.0,0.0,,Education
Peak – Brain Games & Training,EDUCATION,4.4,272145,Varies with device,"10,000,000+",Free,0,Everyone,Education;Brain Games,2018-08-03,3.14.15,5.0 and up,10000000.0,0.0,,Education
Memorado - Brain Games,EDUCATION,4.4,56897,97M,"1,000,000+",Free,0,Everyone,Education;Brain Games,2017-01-16,1.10.0,4.1 and up,1000000.0,0.0,97.0,Education
Lynda - Online Training Videos,EDUCATION,4.2,8599,17M,"1,000,000+",Free,0,Everyone,Education,2018-07-11,4.9.10,4.1 and up,1000000.0,0.0,17.0,Education
Brilliant,EDUCATION,4.5,41185,Varies with device,"1,000,000+",Free,0,Everyone,Education,2018-08-03,Varies with device,Varies with device,1000000.0,0.0,,Education
CppDroid - C/C++ IDE,EDUCATION,4.1,29980,Varies with device,"1,000,000+",Free,0,Everyone,Education,2017-08-17,Varies with device,Varies with device,1000000.0,0.0,,Education
Quiz&Learn Python,EDUCATION,4.0,304,2.0M,"10,000+",Free,0,Everyone,Education,2016-07-04,1.3.0,4.0 and up,10000.0,0.0,2.0,Education
C++ Tutorials,EDUCATION,4.1,358,1.9M,"50,000+",Free,0,Everyone,Education,2014-08-21,1.1,2.3 and up,50000.0,0.0,1.9,Education
C++ Programming,EDUCATION,4.3,11904,1.8M,"1,000,000+",Free,0,Everyone,Education,2015-08-22,2.0,2.3 and up,1000000.0,0.0,1.8,Education
C Programming,EDUCATION,4.3,22251,1.8M,"1,000,000+",Free,0,Everyone,Education,2015-06-28,3.0,2.3 and up,1000000.0,0.0,1.8,Education
Udacity - Lifelong Learning,EDUCATION,4.3,22384,17M,"1,000,000+",Free,0,Everyone,Education,2018-07-31,4.7.0,5.0 and up,1000000.0,0.0,17.0,Education
Learn C++,EDUCATION,4.6,73404,5.3M,"1,000,000+",Free,0,Everyone,Education,2017-12-25,4.5.2,4.0 and up,1000000.0,0.0,5.3,Education
Learn programming,EDUCATION,4.1,12733,Varies with device,"1,000,000+",Free,0,Everyone,Education,2018-05-20,Varies with device,Varies with device,1000000.0,0.0,,Education
Learn JavaScript,EDUCATION,4.6,25183,5.4M,"1,000,000+",Free,0,Everyone,Education,2017-12-25,5.7.2,4.0 and up,1000000.0,0.0,5.4,Education
Learn Java,EDUCATION,4.7,52743,5.4M,"1,000,000+",Free,0,Everyone,Education,2017-12-25,3.5.2,4.0 and up,1000000.0,0.0,5.4,Education
Learn HTML,EDUCATION,4.7,61749,5.4M,"1,000,000+",Free,0,Everyone,Education,2017-12-25,5.5.2,4.0 and up,1000000.0,0.0,5.4,Education
"Programming Hub, Learn to code",EDUCATION,4.3,55704,15M,"1,000,000+",Free,0,Everyone,Education,2018-08-04,4.2.8,4.1 and up,1000000.0,0.0,15.0,Education
Learn SQL,EDUCATION,4.7,19277,5.3M,"1,000,000+",Free,0,Everyone,Education,2017-12-25,3.4.2,4.0 and up,1000000.0,0.0,5.3,Education
Ready4 SAT (Prep4 SAT),EDUCATION,4.6,13612,48M,"100,000+",Free,0,Everyone,Education,2018-05-10,7.2.3633,4.4 and up,100000.0,0.0,48.0,Education
Socratic - Math Answers & Homework Help,EDUCATION,4.6,37862,5.4M,"1,000,000+",Free,0,Everyone,Education,2018-06-07,1.8.1,4.1 and up,1000000.0,0.0,5.4,Education
Ready4 GMAT (Prep4 GMAT),EDUCATION,4.6,18372,47M,"100,000+",Free,0,Everyone,Education,2018-05-21,7.2.3634,4.4 and up,100000.0,0.0,47.0,Education
Pocket GMAT Math,EDUCATION,4.3,656,556k,"10,000+",Free,0,Everyone,Education,2014-07-11,1.1,2.2 and up,10000.0,0.0,0.54296875,Education
GMAT Question Bank,EDUCATION,4.2,240,29M,"10,000+",Free,0,Everyone,Education,2015-04-29,1.2.0,2.3.3 and up,10000.0,0.0,29.0,Education
GRE Tutor,EDUCATION,4.0,275,2.3M,"50,000+",Free,0,Everyone,Education,2013-12-02,2.9,2.1 and up,50000.0,0.0,2.3,Education
GRE Flashcards,EDUCATION,4.5,13791,Varies with device,"500,000+",Free,0,Everyone,Education,2018-06-06,Varies with device,Varies with device,500000.0,0.0,,Education
"play2prep: ACT, SAT prep",EDUCATION,4.2,3692,4.4M,"100,000+",Free,0,Everyone,Education,2015-07-23,4.1.3,2.3.3 and up,100000.0,0.0,4.4,Education
SAT Test,EDUCATION,4.1,2363,6.6M,"100,000+",Free,0,Everyone,Education,2016-11-17,2.48,4.0 and up,100000.0,0.0,6.6,Education
GMAT Math Flashcards,EDUCATION,4.4,1769,Varies with device,"100,000+",Free,0,Everyone,Education,2018-07-11,Varies with device,Varies with device,100000.0,0.0,,Education
Pocket SAT Math,EDUCATION,4.0,430,526k,"10,000+",Free,0,Everyone,Education,2014-07-11,1.2,2.1 and up,10000.0,0.0,0.513671875,Education
TOEFL Prep & Practice from Magoosh,EDUCATION,4.5,756,12M,"100,000+",Free,0,Everyone,Education,2018-06-18,3.2.0,4.1 and up,100000.0,0.0,12.0,Education
GRE Prep & Practice by Magoosh,EDUCATION,4.4,3963,Varies with device,"100,000+",Free,0,Everyone,Education,2018-06-06,Varies with device,Varies with device,100000.0,0.0,,Education
GRE® Flashcards by Kaplan,EDUCATION,4.0,316,29M,"50,000+",Free,0,Everyone,Education,2017-02-15,1.4,4.0 and up,50000.0,0.0,29.0,Education
SAT Vocabulary,EDUCATION,4.2,642,Varies with device,"50,000+",Free,0,Everyone,Education,2018-06-05,Varies with device,Varies with device,50000.0,0.0,,Education
Magoosh GMAT Prep & Practice,EDUCATION,4.3,1058,Varies with device,"100,000+",Free,0,Everyone,Education,2018-06-18,Varies with device,Varies with device,100000.0,0.0,,Education
SAT Flashcards: Prep & Vocabulary,EDUCATION,4.2,2277,Varies with device,"100,000+",Free,0,Everyone,Education,2017-11-07,Varies with device,Varies with device,100000.0,0.0,,Education
Rosetta Stone: Learn to Speak & Read New Languages,EDUCATION,4.5,172505,76M,"5,000,000+",Free,0,Everyone,Education;Education,2018-06-27,5.2.1,5.0 and up,5000000.0,0.0,76.0,Education
Google Classroom,EDUCATION,4.2,69493,Varies with device,"10,000,000+",Free,0,Everyone,Education,2018-07-19,Varies with device,Varies with device,10000000.0,0.0,,Education
LinkedIn Learning: Online Courses to Learn Skills,EDUCATION,4.6,7973,18M,"1,000,000+",Free,0,Everyone,Education,2018-07-27,0.29.74,4.4 and up,1000000.0,0.0,18.0,Education
Learn English with Phrases,EDUCATION,4.2,5695,Varies with device,"1,000,000+",Free,0,Everyone,Education,2017-09-28,Varies with device,Varies with device,1000000.0,0.0,,Education
Free english course,EDUCATION,4.7,142632,6.9M,"5,000,000+",Free,0,Everyone,Education,2018-07-12,2.8,4.1 and up,5000000.0,0.0,6.9,Education
Learn 50 languages,EDUCATION,4.4,55256,14M,"5,000,000+",Free,0,Everyone,Education,2018-06-19,10.9.1,4.0 and up,5000000.0,0.0,14.0,Education
Babbel – Learn Spanish,EDUCATION,4.4,54798,11M,"1,000,000+",Free,0,Everyone,Education,2018-07-30,20.7.2,4.4 and up,1000000.0,0.0,11.0,Education
Mango Languages: Lovable Language Courses,EDUCATION,4.0,4815,19M,"500,000+",Free,0,Everyone,Education,2018-07-17,4.2.3,4.2 and up,500000.0,0.0,19.0,Education
Learn English with Aco,EDUCATION,4.6,75112,6.5M,"1,000,000+",Free,0,Everyone,Education,2017-11-11,2.09,4.1 and up,1000000.0,0.0,6.5,Education
Learn to Speak English,EDUCATION,4.4,33646,7.0M,"1,000,000+",Free,0,Everyone,Education,2018-07-15,2.3.9,4.0 and up,1000000.0,0.0,7.0,Education
"busuu: Learn Languages - Spanish, English & More",EDUCATION,4.3,206527,21M,"10,000,000+",Free,0,Everyone 10+,Education,2018-08-01,13.9.0.161,5.0 and up,10000000.0,0.0,21.0,Education
My Class Schedule: Timetable,EDUCATION,4.1,9348,Varies with device,"1,000,000+",Free,0,Everyone,Education,2016-06-01,Varies with device,Varies with device,1000000.0,0.0,,Education
Study Checker,EDUCATION,4.2,3816,2.6M,"500,000+",Free,0,Everyone,Education,2016-05-04,3.6.0.115_FN,2.3 and up,500000.0,0.0,2.6,Education
My Study Life - School Planner,EDUCATION,4.3,47847,21M,"1,000,000+",Free,0,Everyone,Education,2017-06-13,6.1.3,4.0.3 and up,1000000.0,0.0,21.0,Education
HomeWork,EDUCATION,4.3,16195,5.2M,"1,000,000+",Free,0,Everyone,Education,2016-09-20,8.5.2,4.0 and up,1000000.0,0.0,5.2,Education
Next Gen Science Standards,EDUCATION,4.3,206,18M,"50,000+",Free,0,Everyone,Education,2016-12-20,1.12.1,2.3 and up,50000.0,0.0,18.0,Education
myHomework Student Planner,EDUCATION,4.0,28392,Varies with device,"1,000,000+",Free,0,Everyone,Education,2018-03-07,Varies with device,Varies with device,1000000.0,0.0,,Education
Teacher's Gradebook - Additio,EDUCATION,4.2,3241,16M,"100,000+",Free,0,Everyone,Education,2018-08-01,4.8.2,4.0.3 and up,100000.0,0.0,16.0,Education
Common Core,EDUCATION,4.0,835,15M,"100,000+",Free,0,Everyone,Education,2016-12-20,2.3.1,2.3 and up,100000.0,0.0,15.0,Education
Homework Planner,EDUCATION,4.0,2525,1.2M,"100,000+",Free,0,Everyone,Education,2015-01-11,15.9.4,4.0 and up,100000.0,0.0,1.2,Education
TeachersPayTeachers,EDUCATION,3.8,828,Varies with device,"100,000+",Free,0,Everyone,Education,2017-10-01,Varies with device,Varies with device,100000.0,0.0,,Education
Edmodo,EDUCATION,4.1,200058,18M,"10,000,000+",Free,0,Everyone,Education,2018-07-20,9.12.5,4.0.3 and up,10000000.0,0.0,18.0,Education
Socrative Teacher,EDUCATION,3.9,1239,1.8M,"100,000+",Free,0,Everyone,Education,2016-07-29,4.4.1,3.2 and up,100000.0,0.0,1.8,Education
Training schedule - AllUniver,EDUCATION,4.1,702,7.6M,"10,000+",Free,0,Everyone,Education,2017-10-16,5.0,4.4 and up,10000.0,0.0,7.6,Education
Remind: School Communication,EDUCATION,4.5,108613,Varies with device,"10,000,000+",Free,0,Everyone,Education,2018-08-03,Varies with device,Varies with device,10000000.0,0.0,,Education
ClassDojo,EDUCATION,4.4,148550,59M,"10,000,000+",Free,0,Everyone,Education;Education,2018-08-03,4.21.1,4.1 and up,10000000.0,0.0,59.0,Education
Lerni. Learn languages.,EDUCATION,4.0,3847,6.9M,"500,000+",Free,0,Everyone,Education,2017-10-25,3.1.3,3.0 and up,500000.0,0.0,6.9,Education
"HelloTalk — Chat, Speak & Learn Foreign Languages",EDUCATION,4.4,84309,41M,"5,000,000+",Free,0,Everyone,Education,2018-07-25,2.6.6,4.1 and up,5000000.0,0.0,41.0,Education
Innovative: Learn 34 Languages,EDUCATION,4.5,14206,21M,"500,000+",Free,0,Everyone,Education,2018-07-26,1.16,3.0 and up,500000.0,0.0,21.0,Education
Chegg Study - Homework Help,EDUCATION,4.3,14700,21M,"1,000,000+",Free,0,Everyone,Education,2018-07-30,5.7.0,4.4 and up,1000000.0,0.0,21.0,Education
Canvas Student,EDUCATION,4.5,42828,Varies with device,"1,000,000+",Free,0,Everyone,Education,2018-07-20,Varies with device,Varies with device,1000000.0,0.0,,Education
Timetable,EDUCATION,4.2,40209,Varies with device,"1,000,000+",Free,0,Everyone,Education,2018-05-24,Varies with device,Varies with device,1000000.0,0.0,,Education
EasyBib: Citation Generator,EDUCATION,3.5,1405,7.3M,"100,000+",Free,0,Everyone,Education,2018-03-29,2.4.4,4.0 and up,100000.0,0.0,7.3,Education
SoloLearn: Learn to Code for Free,EDUCATION,4.8,256079,7.6M,"1,000,000+",Free,0,Teen,Education,2018-07-12,2.2.4,4.0.3 and up,1000000.0,0.0,7.6,Education
Kids Learn Languages by Mondly,EDUCATION,4.4,2078,Varies with device,"100,000+",Free,0,Everyone,Education;Education,2017-12-24,1.0.2,4.1 and up,100000.0,0.0,,Education
Blinkist - Nonfiction Books,EDUCATION,4.1,16103,13M,"1,000,000+",Free,0,Everyone,Education,2018-07-31,5.7.1,4.1 and up,1000000.0,0.0,13.0,Education
Sago Mini Hat Maker,EDUCATION,4.9,11,63M,"1,000+",Paid,$3.99,Everyone,Education;Pretend Play,2017-07-24,1.0,4.0.3 and up,1000.0,3.99,63.0,Education
Fuzzy Numbers: Pre-K Number Foundation,EDUCATION,4.7,21,44M,"1,000+",Paid,$5.99,Everyone,Education;Education,2017-07-21,1.3,4.1 and up,1000.0,5.99,44.0,Education
Toca Life: City,EDUCATION,4.7,31085,24M,"500,000+",Paid,$3.99,Everyone,Education;Pretend Play,2018-07-06,1.5-play,4.4 and up,500000.0,3.99,24.0,Education
Toca Life: Hospital,EDUCATION,4.7,3528,24M,"100,000+",Paid,$3.99,Everyone,Education;Pretend Play,2018-06-12,1.1.1-play,4.4 and up,100000.0,3.99,24.0,Education
Netflix,ENTERTAINMENT,4.4,5456208,Varies with device,"100,000,000+",Free,0,Teen,Entertainment,2018-07-31,Varies with device,Varies with device,100000000.0,0.0,,Entertainment
Complete Spanish Movies,ENTERTAINMENT,4.0,11656,4.5M,"1,000,000+",Free,0,Everyone,Entertainment,2018-01-20,1.02,4.0.3 and up,1000000.0,0.0,4.5,Entertainment
Pluto TV - It’s Free TV,ENTERTAINMENT,4.2,28948,Varies with device,"1,000,000+",Free,0,Teen,Entertainment,2018-08-04,Varies with device,Varies with device,1000000.0,0.0,,Entertainment
Tubi TV - Free Movies & TV,ENTERTAINMENT,4.3,296771,11M,"10,000,000+",Free,0,Teen,Entertainment,2018-07-15,2.13.5,4.1 and up,10000000.0,0.0,11.0,Entertainment
YouTube Kids,ENTERTAINMENT,4.5,470089,Varies with device,"50,000,000+",Free,0,Everyone,Entertainment;Music & Video,2018-08-03,3.43.3,4.1 and up,50000000.0,0.0,,Entertainment
Mobile TV,ENTERTAINMENT,3.5,10939,4.6M,"10,000,000+",Free,0,Everyone,Entertainment,2016-04-28,2.05.0010,5.0 and up,10000000.0,0.0,4.6,Entertainment
TV+,ENTERTAINMENT,4.2,98509,Varies with device,"5,000,000+",Free,0,Everyone,Entertainment,2018-06-28,Varies with device,Varies with device,5000000.0,0.0,,Entertainment
Digital TV,ENTERTAINMENT,3.1,5241,Varies with device,"5,000,000+",Free,0,Everyone,Entertainment,2018-06-06,Varies with device,6.0 and up,5000000.0,0.0,,Entertainment
Motorola Spotlight Player™,ENTERTAINMENT,4.6,22508,3.3M,"10,000,000+",Free,0,Everyone,Entertainment,2015-07-16,v1.8b22p13,4.2 and up,10000000.0,0.0,3.3,Entertainment
Vigo Lite,ENTERTAINMENT,4.2,10291,6.5M,"5,000,000+",Free,0,Teen,Entertainment,2018-08-04,3.7.3,4.0.3 and up,5000000.0,0.0,6.5,Entertainment
Google Play Games,ENTERTAINMENT,4.3,7165362,Varies with device,"1,000,000,000+",Free,0,Teen,Entertainment,2018-07-16,Varies with device,Varies with device,1000000000.0,0.0,,Entertainment
Hotstar,ENTERTAINMENT,4.3,4885646,Varies with device,"100,000,000+",Free,0,Teen,Entertainment,2018-08-03,Varies with device,Varies with device,100000000.0,0.0,,Entertainment
"Peers.TV: broadcast TV channels First, Match TV, TNT ...",ENTERTAINMENT,4.1,141980,Varies with device,"5,000,000+",Free,0,Teen,Entertainment,2018-07-30,Varies with device,Varies with device,5000000.0,0.0,,Entertainment
The green alien dance,ENTERTAINMENT,3.8,6979,12M,"1,000,000+",Free,0,Everyone,Entertainment,2018-07-05,1.03,4.0 and up,1000000.0,0.0,12.0,Entertainment
Spectrum TV,ENTERTAINMENT,3.4,46618,Varies with device,"5,000,000+",Free,0,Teen,Entertainment,2018-07-19,Varies with device,Varies with device,5000000.0,0.0,,Entertainment
H TV,ENTERTAINMENT,4.3,103078,5.6M,"5,000,000+",Free,0,Everyone,Entertainment,2018-07-05,4.6.2,2.3.3 and up,5000000.0,0.0,5.6,Entertainment
StarTimes - Live International Champions Cup,ENTERTAINMENT,4.4,17682,9.7M,"1,000,000+",Free,0,Everyone,Entertainment,2018-08-03,5.2,4.0.3 and up,1000000.0,0.0,9.7,Entertainment
Cinematic Cinematic,ENTERTAINMENT,4.4,37000,15M,"1,000,000+",Free,0,Mature 17+,Entertainment,2018-06-21,4.0.5,4.1 and up,1000000.0,0.0,15.0,Entertainment
MEGOGO - Cinema and TV,ENTERTAINMENT,4.0,175528,Varies with device,"10,000,000+",Free,0,Everyone,Entertainment,2018-08-03,Varies with device,Varies with device,10000000.0,0.0,,Entertainment
Talking Angela,ENTERTAINMENT,3.7,1828284,52M,"100,000,000+",Free,0,Everyone,Entertainment,2018-07-12,2.8.2,4.1 and up,100000000.0,0.0,52.0,Entertainment
DStv Now,ENTERTAINMENT,3.9,34923,Varies with device,"5,000,000+",Free,0,Teen,Entertainment,2018-07-27,Varies with device,Varies with device,5000000.0,0.0,,Entertainment
ivi - movies and TV shows in HD,ENTERTAINMENT,4.5,684116,Varies with device,"10,000,000+",Free,0,Teen,Entertainment,2018-07-31,Varies with device,4.2 and up,10000000.0,0.0,,Entertainment
Radio Javan,ENTERTAINMENT,4.4,46916,4.5M,"1,000,000+",Free,0,Everyone,Entertainment,2018-07-18,7.3,4.2 and up,1000000.0,0.0,4.5,Entertainment
Viki: Asian TV Dramas & Movies,ENTERTAINMENT,4.3,407698,Varies with device,"10,000,000+",Free,0,Teen,Entertainment,2018-07-27,Varies with device,Varies with device,10000000.0,0.0,,Entertainment
Talking Ginger 2,ENTERTAINMENT,4.2,702975,49M,"50,000,000+",Free,0,Everyone,Entertainment,2018-07-05,2.6.6.11,4.1 and up,50000000.0,0.0,49.0,Entertainment
Girly Lock Screen Wallpaper with Quotes,ENTERTAINMENT,4.2,32458,18M,"5,000,000+",Free,0,Everyone,Entertainment,2018-06-19,2.2,4.1 and up,5000000.0,0.0,18.0,Entertainment
No.Draw - Colors by Number 2018,ENTERTAINMENT,4.5,235496,13M,"10,000,000+",Free,0,Everyone,Entertainment;Brain Games,2018-07-29,1.2.0,4.1 and up,10000000.0,0.0,13.0,Entertainment
🔥 Football Wallpapers 4K | Full HD Backgrounds 😍,ENTERTAINMENT,4.7,11661,4.0M,"1,000,000+",Free,0,Everyone,Entertainment,2018-07-14,1.1.3.2,4.0.3 and up,1000000.0,0.0,4.0,Entertainment
"Movies by Flixster, with Rotten Tomatoes",ENTERTAINMENT,4.5,653008,16M,"10,000,000+",Free,0,Everyone,Entertainment,2018-06-20,9.1.4,4.4 and up,10000000.0,0.0,16.0,Entertainment
Low Poly – Puzzle art game,ENTERTAINMENT,4.5,23063,17M,"1,000,000+",Free,0,Everyone,Entertainment;Brain Games,2018-08-03,1.0.9,4.1 and up,1000000.0,0.0,17.0,Entertainment
BBC Media Player,ENTERTAINMENT,3.4,87384,Varies with device,"10,000,000+",Free,0,Everyone,Entertainment,2016-09-14,Varies with device,Varies with device,10000000.0,0.0,,Entertainment
Amazon Prime Video,ENTERTAINMENT,4.2,411683,24M,"50,000,000+",Free,0,Teen,Entertainment,2018-08-02,3.0.231.18141,4.1 and up,50000000.0,0.0,24.0,Entertainment
Adult Glitter Color by Number Book - Sandbox Pages,ENTERTAINMENT,4.3,8918,Varies with device,"1,000,000+",Free,0,Everyone,Entertainment;Creativity,2018-07-21,1.7,4.4 and up,1000000.0,0.0,,Entertainment
IMDb Movies & TV,ENTERTAINMENT,4.2,501498,12M,"100,000,000+",Free,0,Teen,Entertainment,2018-07-26,Varies with device,Varies with device,100000000.0,0.0,12.0,Entertainment
Twitch: Livestream Multiplayer Games & Esports,ENTERTAINMENT,4.6,2133296,Varies with device,"50,000,000+",Free,0,Teen,Entertainment,2018-07-31,Varies with device,Varies with device,50000000.0,0.0,,Entertainment
Ziggo GO,ENTERTAINMENT,4.1,29690,78M,"1,000,000+",Free,0,Teen,Entertainment,2018-08-03,2.3.34 Prod,4.3 and up,1000000.0,0.0,78.0,Entertainment
YouTube Gaming,ENTERTAINMENT,4.2,130549,Varies with device,"5,000,000+",Free,0,Teen,Entertainment,2018-06-27,2.08.78.2,4.1 and up,5000000.0,0.0,,Entertainment
PlayStation App,ENTERTAINMENT,4.2,613059,25M,"50,000,000+",Free,0,Everyone,Entertainment,2018-07-26,18.07.0,4.1 and up,50000000.0,0.0,25.0,Entertainment
Talking Ben the Dog,ENTERTAINMENT,4.3,1633682,57M,"100,000,000+",Free,0,Everyone,Entertainment,2018-07-03,3.5.2.2,4.1 and up,100000000.0,0.0,57.0,Entertainment
"Red Bull TV: Live Sports, Music & Entertainment",ENTERTAINMENT,4.4,42050,Varies with device,"1,000,000+",Free,0,Teen,Entertainment,2018-08-03,Varies with device,Varies with device,1000000.0,0.0,,Entertainment
Trailer Addict Movie Trailers,ENTERTAINMENT,3.9,2646,9.1M,"100,000+",Free,0,Teen,Entertainment,2018-02-14,2.2.0,4.2 and up,100000.0,0.0,9.1,Entertainment
Cinemark Theatres,ENTERTAINMENT,4.1,21867,39M,"1,000,000+",Free,0,Teen,Entertainment,2018-07-12,2.19.0,5.0 and up,1000000.0,0.0,39.0,Entertainment
Regal Cinemas,ENTERTAINMENT,4.3,32732,Varies with device,"1,000,000+",Free,0,Everyone,Entertainment,2018-07-19,Varies with device,Varies with device,1000000.0,0.0,,Entertainment
Fandango Movies - Times + Tickets,ENTERTAINMENT,4.6,243747,Varies with device,"10,000,000+",Free,0,Teen,Entertainment,2018-08-02,Varies with device,Varies with device,10000000.0,0.0,,Entertainment
Marcus Theatres,ENTERTAINMENT,3.6,2639,8.5M,"100,000+",Free,0,Everyone,Entertainment,2018-02-07,2.9.43,6.0 and up,100000.0,0.0,8.5,Entertainment
Harkins Theatres,ENTERTAINMENT,4.3,1511,12M,"100,000+",Free,0,Everyone,Entertainment,2018-06-11,2.1.1,4.1 and up,100000.0,0.0,12.0,Entertainment
AMC Theatres,ENTERTAINMENT,4.3,44550,72M,"1,000,000+",Free,0,Everyone,Entertainment,2018-07-18,6.18.3,5.0 and up,1000000.0,0.0,72.0,Entertainment
Food Network,ENTERTAINMENT,4.1,7813,Varies with device,"500,000+",Free,0,Teen,Entertainment,2018-07-27,Varies with device,Varies with device,500000.0,0.0,,Entertainment
Cooking Channel,ENTERTAINMENT,4.1,1033,16M,"100,000+",Free,0,Teen,Entertainment,2018-07-27,Varies with device,Varies with device,100000.0,0.0,16.0,Entertainment
Animal Planet GO,ENTERTAINMENT,4.2,2442,9.6M,"100,000+",Free,0,Teen,Entertainment,2018-07-24,2.9.4,4.1 and up,100000.0,0.0,9.6,Entertainment
"VRV: Anime, game videos & more",ENTERTAINMENT,3.9,15254,Varies with device,"1,000,000+",Free,0,Teen,Entertainment,2018-06-19,Varies with device,Varies with device,1000000.0,0.0,,Entertainment
DramaFever: Stream Asian Drama Shows & Movies,ENTERTAINMENT,4.2,155234,22M,"1,000,000+",Free,0,Teen,Entertainment,2018-08-01,01.01.66,4.4 and up,1000000.0,0.0,22.0,Entertainment
Crunchyroll - Everything Anime,ENTERTAINMENT,3.7,310066,Varies with device,"10,000,000+",Free,0,Teen,Entertainment,2018-03-05,Varies with device,Varies with device,10000000.0,0.0,,Entertainment
Investigation Discovery GO,ENTERTAINMENT,4.5,12216,13M,"1,000,000+",Free,0,Teen,Entertainment,2018-07-24,2.9.4,4.1 and up,1000000.0,0.0,13.0,Entertainment
Crackle - Free TV & Movies,ENTERTAINMENT,3.7,388089,Varies with device,"10,000,000+",Free,0,Teen,Entertainment,2018-04-12,Varies with device,Varies with device,10000000.0,0.0,,Entertainment
CBS - Full Episodes & Live TV,ENTERTAINMENT,3.8,92058,12M,"10,000,000+",Free,0,Teen,Entertainment,2018-07-20,4.8.6,4.1 and up,10000000.0,0.0,12.0,Entertainment
STARZ,ENTERTAINMENT,4.3,88185,Varies with device,"10,000,000+",Free,0,Mature 17+,Entertainment,2018-06-20,Varies with device,Varies with device,10000000.0,0.0,,Entertainment
Acorn TV: World-class TV from Britain and Beyond,ENTERTAINMENT,3.0,493,23M,"50,000+",Free,0,Everyone,Entertainment,2018-06-15,2.0.0,4.4 and up,50000.0,0.0,23.0,Entertainment
HISTORY: Watch TV Show Full Episodes & Specials,ENTERTAINMENT,4.1,33387,20M,"1,000,000+",Free,0,Teen,Entertainment,2018-07-16,3.1.4,4.4 and up,1000000.0,0.0,20.0,Entertainment
Nick,ENTERTAINMENT,4.2,123279,25M,"10,000,000+",Free,0,Everyone 10+,Entertainment;Music & Video,2018-01-24,2.0.8,4.4 and up,10000000.0,0.0,25.0,Entertainment
VH1,ENTERTAINMENT,4.1,27424,17M,"1,000,000+",Free,0,Teen,Entertainment,2018-07-08,11.45.0,4.4 and up,1000000.0,0.0,17.0,Entertainment
FOX NOW - On Demand & Live TV,ENTERTAINMENT,3.9,60841,Varies with device,"5,000,000+",Free,0,Teen,Entertainment,2018-07-26,Varies with device,4.4 and up,5000000.0,0.0,,Entertainment
A&E - Watch Full Episodes of TV Shows,ENTERTAINMENT,4.0,29706,19M,"1,000,000+",Free,0,Teen,Entertainment,2018-07-16,3.1.4,4.4 and up,1000000.0,0.0,19.0,Entertainment
The CW,ENTERTAINMENT,4.4,288150,21M,"5,000,000+",Free,0,Teen,Entertainment,2018-07-23,2.17,4.4 and up,5000000.0,0.0,21.0,Entertainment
BET NOW - Watch Shows,ENTERTAINMENT,4.2,14807,19M,"1,000,000+",Free,0,Teen,Entertainment,2018-07-08,11.45.0,4.4 and up,1000000.0,0.0,19.0,Entertainment
"Hulu: Stream TV, Movies & more",ENTERTAINMENT,4.0,319692,Varies with device,"10,000,000+",Free,0,Teen,Entertainment,2018-08-03,Varies with device,5.0 and up,10000000.0,0.0,,Entertainment
HBO NOW: Stream TV & Movies,ENTERTAINMENT,3.9,61201,Varies with device,"10,000,000+",Free,0,Teen,Entertainment,2018-07-19,Varies with device,Varies with device,10000000.0,0.0,,Entertainment
Univision NOW - Live TV and On Demand,ENTERTAINMENT,4.0,22998,Varies with device,"1,000,000+",Free,0,Teen,Entertainment,2018-06-27,8.0626,Varies with device,1000000.0,0.0,,Entertainment
SHOWTIME,ENTERTAINMENT,4.2,12398,Varies with device,"1,000,000+",Free,0,Teen,Entertainment,2018-07-02,Varies with device,Varies with device,1000000.0,0.0,,Entertainment
Lifetime - Watch Full Episodes & Original Movies,ENTERTAINMENT,4.0,35928,19M,"1,000,000+",Free,0,Teen,Entertainment,2018-07-16,3.1.4,4.4 and up,1000000.0,0.0,19.0,Entertainment
SeriesGuide – Show & Movie Manager,ENTERTAINMENT,4.3,64448,4.4M,"1,000,000+",Free,0,Mature 17+,Entertainment,2018-07-21,43,4.0.3 and up,1000000.0,0.0,4.4,Entertainment
Comedy Central,ENTERTAINMENT,3.9,22378,19M,"1,000,000+",Free,0,Teen,Entertainment,2018-07-08,11.45.0,4.4 and up,1000000.0,0.0,19.0,Entertainment
CW Seed,ENTERTAINMENT,4.5,16372,13M,"500,000+",Free,0,Teen,Entertainment,2018-07-18,1.16,4.4 and up,500000.0,0.0,13.0,Entertainment
The NBC App - Watch Live TV and Full Episodes,ENTERTAINMENT,4.1,58028,17M,"5,000,000+",Free,0,Teen,Entertainment,2018-07-05,4.18.1,4.1 and up,5000000.0,0.0,17.0,Entertainment
WWE,ENTERTAINMENT,4.5,736864,20M,"10,000,000+",Free,0,Teen,Entertainment,2018-01-19,3.17.2,4.1 and up,10000000.0,0.0,20.0,Entertainment
Universal Kids,ENTERTAINMENT,3.6,1968,21M,"500,000+",Free,0,Everyone,Entertainment;Music & Video,2018-05-24,3.3.1.41,4.4 and up,500000.0,0.0,21.0,Entertainment
MTV,ENTERTAINMENT,3.8,35279,15M,"1,000,000+",Free,0,Teen,Entertainment,2018-07-08,11.45.0,4.4 and up,1000000.0,0.0,15.0,Entertainment
LEGO® TV,ENTERTAINMENT,3.7,17247,7.2M,"1,000,000+",Free,0,Everyone 10+,Entertainment;Music & Video,2018-08-04,4.0.2,5.0 and up,1000000.0,0.0,7.2,Entertainment
HBO GO: Stream with TV Package,ENTERTAINMENT,3.8,87723,32M,"10,000,000+",Free,0,Teen,Entertainment,2018-07-19,16.0.0.437,4.1 and up,10000000.0,0.0,32.0,Entertainment
Showtime Anytime,ENTERTAINMENT,3.7,18523,Varies with device,"1,000,000+",Free,0,Teen,Entertainment,2018-07-02,Varies with device,Varies with device,1000000.0,0.0,,Entertainment
PlayKids - Educational cartoons and games for kids,ENTERTAINMENT,4.1,182103,Varies with device,"10,000,000+",Free,0,Everyone,Entertainment;Music & Video,2018-07-30,Varies with device,Varies with device,10000000.0,0.0,,Entertainment
FOX,ENTERTAINMENT,3.7,197774,44M,"10,000,000+",Free,0,Mature 17+,Entertainment,2018-06-25,6.6.1,4.4 and up,10000000.0,0.0,44.0,Entertainment
Telemundo Now,ENTERTAINMENT,3.9,8674,19M,"1,000,000+",Free,0,Teen,Entertainment,2018-05-25,3.3.1.42,4.4 and up,1000000.0,0.0,19.0,Entertainment
Vudu Movies & TV,ENTERTAINMENT,3.9,58082,Varies with device,"10,000,000+",Free,0,Teen,Entertainment,2018-08-01,Varies with device,Varies with device,10000000.0,0.0,,Entertainment
Yidio: TV Show & Movie Guide,ENTERTAINMENT,3.9,27424,Varies with device,"1,000,000+",Free,0,Teen,Entertainment,2018-07-31,Varies with device,Varies with device,1000000.0,0.0,,Entertainment
Redbox,ENTERTAINMENT,4.1,115033,30M,"10,000,000+",Free,0,Everyone,Entertainment,2018-07-02,7.5.0,5.0 and up,10000000.0,0.0,30.0,Entertainment
Tribeca Shortlist - Handpicked Movies,ENTERTAINMENT,3.9,801,57M,"100,000+",Free,0,Teen,Entertainment,2018-03-21,4.003.1,4.3 and up,100000.0,0.0,57.0,Entertainment
Nick Jr. - Shows & Games,ENTERTAINMENT,4.2,8968,35M,"1,000,000+",Free,0,Everyone,Entertainment;Music & Video,2018-01-23,1.0.20,4.4 and up,1000000.0,0.0,35.0,Entertainment
Sticker Market: Emoji keyboard,ENTERTAINMENT,4.3,303,44M,"10,000+",Free,0,Teen,Entertainment,2017-12-14,1.2.3,4.2 and up,10000.0,0.0,44.0,Entertainment
Kidjo TV Kids Have Fun & Learn,ENTERTAINMENT,4.6,732,Varies with device,"100,000+",Free,0,Everyone,Entertainment;Music & Video,2018-08-01,Varies with device,Varies with device,100000.0,0.0,,Entertainment
Laugh Out Loud by Kevin Hart,ENTERTAINMENT,4.3,1856,20M,"100,000+",Free,0,Teen,Entertainment,2018-08-01,1.6.1,6.0 and up,100000.0,0.0,20.0,Entertainment
ColorFul - Adult Coloring Book,ENTERTAINMENT,4.6,50725,19M,"5,000,000+",Free,0,Everyone,Entertainment,2018-05-25,1.0.64,4.0.3 and up,5000000.0,0.0,19.0,Entertainment
Hamilton — The Official App,ENTERTAINMENT,4.5,1575,43M,"100,000+",Free,0,Everyone,Entertainment,2018-07-13,2.3.2,5.0 and up,100000.0,0.0,43.0,Entertainment
My Talking Pet,ENTERTAINMENT,4.6,6238,Varies with device,"100,000+",Paid,$4.99,Everyone,Entertainment,2018-06-30,Varies with device,Varies with device,100000.0,4.99,,Entertainment
Funny Pics,ENTERTAINMENT,3.9,9941,Varies with device,"1,000,000+",Free,0,Teen,Entertainment,2017-07-07,Varies with device,Varies with device,1000000.0,0.0,,Entertainment
Funny Quotes Free,ENTERTAINMENT,4.2,23666,3.6M,"1,000,000+",Free,0,Teen,Entertainment,2018-05-04,8.1,4.0 and up,1000000.0,0.0,3.6,Entertainment
LOL Pics (Funny Pictures),ENTERTAINMENT,4.4,67554,7.7M,"1,000,000+",Free,0,Teen,Entertainment,2015-09-15,4.0,2.3.3 and up,1000000.0,0.0,7.7,Entertainment
Meme Creator,ENTERTAINMENT,4.2,38769,44M,"1,000,000+",Free,0,Mature 17+,Entertainment,2015-09-22,7.2.3,2.3 and up,1000000.0,0.0,44.0,Entertainment
"Imgur: Find funny GIFs, memes & watch viral videos",ENTERTAINMENT,4.3,160164,12M,"10,000,000+",Free,0,Teen,Entertainment,2018-08-01,4.2.0.8447,5.0 and up,10000000.0,0.0,12.0,Entertainment
Meme Generator,ENTERTAINMENT,4.6,3771,53M,"100,000+",Paid,$2.99,Mature 17+,Entertainment,2018-08-03,4.426,4.1 and up,100000.0,2.99,53.0,Entertainment
SketchBook - draw and paint,ENTERTAINMENT,4.3,256664,77M,"10,000,000+",Free,0,Everyone,Entertainment,2018-05-04,4.1.7,4.0.3 and up,10000000.0,0.0,77.0,Entertainment
Colorfy: Coloring Book for Adults - Free,ENTERTAINMENT,4.5,787177,Varies with device,"10,000,000+",Free,0,Everyone,Entertainment,2018-06-20,Varies with device,Varies with device,10000000.0,0.0,,Entertainment
All Events in City,EVENTS,4.0,3782,9.5M,"100,000+",Free,0,Everyone,Events,2018-06-12,8.4,4.0.3 and up,100000.0,0.0,9.5,Events
Ticketmaster Event Tickets,EVENTS,4.0,40113,36M,"5,000,000+",Free,0,Everyone,Events,2018-07-23,Varies with device,Varies with device,5000000.0,0.0,36.0,Events
Reminder,EVENTS,4.5,7074,6.3M,"500,000+",Free,0,Everyone,Events,2018-06-25,1.57,4.1 and up,500000.0,0.0,6.3,Events
Birdays - Birthday reminder,EVENTS,4.5,2153,5.9M,"50,000+",Free,0,Everyone,Events,2017-12-14,1.5.0,4.1 and up,50000.0,0.0,5.9,Events
"StubHub - Tickets to Sports, Concerts & Events",EVENTS,4.0,26089,Varies with device,"5,000,000+",Free,0,Everyone,Events,2018-08-02,4.2.1,Varies with device,5000000.0,0.0,,Events
Fever,EVENTS,4.0,20611,12M,"1,000,000+",Free,0,Teen,Events,2018-07-18,4.3.6,4.1 and up,1000000.0,0.0,12.0,Events
DroidAdmin for Android - Advice,EVENTS,4.2,811,2.8M,"10,000+",Free,0,Everyone,Events,2018-05-29,3.8,4.0 and up,10000.0,0.0,2.8,Events
"SeatGeek – Tickets to Sports, Concerts, Broadway",EVENTS,4.4,15558,26M,"1,000,000+",Free,0,Everyone,Events,2018-08-03,2018.07.31229,5.0 and up,1000000.0,0.0,26.0,Events
my4D,EVENTS,4.6,573,8.7M,"100,000+",Free,0,Everyone,Events,2018-07-12,1.40,4.2 and up,100000.0,0.0,8.7,Events
VAN NIAN 2018 - Vietnamese Calendar,EVENTS,,37,16M,"10,000+",Free,0,Everyone,Events,2017-11-27,1.0,4.0 and up,10000.0,0.0,16.0,Events
Vivid Seats – Event Tickets,EVENTS,4.6,8232,53M,"1,000,000+",Free,0,Everyone,Events,2018-07-31,Varies with device,5.0 and up,1000000.0,0.0,53.0,Events
Name days,EVENTS,4.1,3089,Varies with device,"100,000+",Free,0,Everyone,Events,2018-07-12,Varies with device,Varies with device,100000.0,0.0,,Events
LBB - Find New & Unique Things To Do Around You,EVENTS,4.6,3874,14M,"100,000+",Free,0,Everyone,Events,2018-07-27,4.0.19,4.2 and up,100000.0,0.0,14.0,Events
Happy Birthday Songs Offline,EVENTS,4.4,464,8.9M,"100,000+",Free,0,Everyone,Events,2017-12-04,1.3,4.1 and up,100000.0,0.0,8.9,Events
Series Valley of the Wolves full of part,EVENTS,4.6,731,11M,"50,000+",Free,0,Everyone,Events,2017-12-24,2.0,4.0 and up,50000.0,0.0,11.0,Events
Mummatikabalkuragi,EVENTS,4.9,69,334k,"1,000+",Free,0,Teen,Events,2018-07-22,1.0,4.0 and up,1000.0,0.0,0.326171875,Events
"Gametime - Tickets to Sports, Concerts, Theater",EVENTS,4.5,8800,24M,"1,000,000+",Free,0,Everyone,Events,2018-07-17,11.1.1,5.0 and up,1000000.0,0.0,24.0,Events
"PTI Flex Maker, Photo Frame Editor & Songs 2018",EVENTS,4.6,99,13M,"10,000+",Free,0,Everyone,Events,2018-07-06,1.1,4.2 and up,10000.0,0.0,13.0,Events
Wipe out,EVENTS,4.7,30,Varies with device,500+,Free,0,Teen,Events,2018-05-23,Varies with device,Varies with device,500.0,0.0,,Events
Birthdays & Other Events,EVENTS,4.3,456,2.8M,"50,000+",Free,0,Everyone,Events,2018-06-21,1.75,2.3.3 and up,50000.0,0.0,2.8,Events
Sarajevo Film Festival - Official,EVENTS,,6,9.7M,100+,Free,0,Everyone 10+,Events,2018-07-31,2.0.1,4.4W and up,100.0,0.0,9.7,Events
Summer Madness,EVENTS,,4,1.4M,100+,Free,0,Everyone,Events,2018-07-26,1.107,4.0 and up,100.0,0.0,1.4,Events
Events High - Meet Your City!,EVENTS,4.2,3200,Varies with device,"100,000+",Free,0,Everyone 10+,Events,2018-06-23,Varies with device,Varies with device,100000.0,0.0,,Events
vide-greniers.org,EVENTS,4.3,5839,3.5M,"100,000+",Free,0,Everyone,Events,2016-11-08,16.11.8,2.3.3 and up,100000.0,0.0,3.5,Events
SUMMER SONIC app,EVENTS,5.0,4,61M,500+,Free,0,Everyone,Events,2018-07-24,1.0,4.4 and up,500.0,0.0,61.0,Events
Quake & Volcanoes: 3D Globe of Volcanic Eruptions,EVENTS,4.4,663,6.0M,"100,000+",Free,0,Everyone,Events,2017-10-14,1.1.3,4.1 and up,100000.0,0.0,6.0,Events
Prosperity,EVENTS,5.0,16,2.3M,100+,Free,0,Everyone,Events,2018-07-09,1.14,2.0 and up,100.0,0.0,2.3,Events
Picktrainer: India's largest photo contest app,EVENTS,4.5,1065,9.0M,"100,000+",Free,0,Everyone,Events,2018-05-31,1.3.2,4.1 and up,100000.0,0.0,9.0,Events
AAS-IN-ASIA 2018,EVENTS,,3,11M,100+,Free,0,Everyone,Events,2018-07-04,1.1.9,4.1 and up,100.0,0.0,11.0,Events
Moot Peru 2018,EVENTS,,13,27M,"1,000+",Free,0,Everyone,Events,2018-06-28,1.0,3.0 and up,1000.0,0.0,27.0,Events
FM News,EVENTS,,46,3.6M,"5,000+",Free,0,Everyone,Events,2018-07-04,1.4,4.2 and up,5000.0,0.0,3.6,Events
Goldstar: Live Event Tickets,EVENTS,4.5,1953,Varies with device,"100,000+",Free,0,Teen,Events,2018-08-01,Varies with device,Varies with device,100000.0,0.0,,Events
Emmabodafestivalen,EVENTS,4.8,12,29M,"1,000+",Free,0,Everyone 10+,Events,2018-06-28,42.0,4.2 and up,1000.0,0.0,29.0,Events
KudaGo - things to do in NY,EVENTS,4.4,4298,4.4M,"100,000+",Free,0,Everyone,Events,2017-04-27,2.2.2,4.0 and up,100000.0,0.0,4.4,Events
Mindvalley U Tallinn 2018,EVENTS,5.0,1,21M,100+,Free,0,Everyone,Events,2018-07-03,1.0.5,4.4 and up,100.0,0.0,21.0,Events
Rockmaraton Info,EVENTS,,49,13M,"1,000+",Free,0,Everyone,Events,2018-07-08,18.4,4.4 and up,1000.0,0.0,13.0,Events
Freitas Auctioneer Official,EVENTS,3.7,100,27M,"50,000+",Free,0,Everyone,Events,2017-12-15,1.0.11,4.0.3 and up,50000.0,0.0,27.0,Events
mobLee Events,EVENTS,,11,11M,"5,000+",Free,0,Everyone,Events,2018-05-30,3.05.30.16,4.1 and up,5000.0,0.0,11.0,Events
"Xceed - Clubs, DJs, Festivals & Tickets",EVENTS,4.1,399,24M,"100,000+",Free,0,Everyone,Events,2018-08-03,Cannonau 3.11.11,5.0 and up,100000.0,0.0,24.0,Events
AMM Events & CPD,EVENTS,,5,6.1M,100+,Free,0,Everyone,Events,2018-08-04,1.0.5,4.3 and up,100.0,0.0,6.1,Events
Arab Halls - For Wedding & Events,EVENTS,4.8,28,6.3M,"1,000+",Free,0,Everyone,Events,2018-05-20,8.0bld14,4.1 and up,1000.0,0.0,6.3,Events
MeAuDote - An act of love that saves a life,EVENTS,,250,23M,"1,000+",Free,0,Everyone,Events,2018-06-22,1.0.11,4.1 and up,1000.0,0.0,23.0,Events
TCF National Conference,EVENTS,,1,34M,100+,Free,0,Everyone,Events,2018-07-11,1.0,4.1 and up,100.0,0.0,34.0,Events
Endurance Lifestyle,EVENTS,4.6,7,3.8M,500+,Free,0,Teen,Events,2017-07-10,2.1,4.2 and up,500.0,0.0,3.8,Events
K PLUS,FINANCE,4.4,124424,Varies with device,"10,000,000+",Free,0,Everyone,Finance,2018-06-26,4.6.0,4.2 and up,10000000.0,0.0,,Finance
ING Banking,FINANCE,4.4,39041,Varies with device,"1,000,000+",Free,0,Everyone,Finance,2018-08-03,Varies with device,Varies with device,1000000.0,0.0,,Finance
Citibanamex Movil,FINANCE,3.6,52306,42M,"5,000,000+",Free,0,Everyone,Finance,2018-07-27,20.1.0,5.0 and up,5000000.0,0.0,42.0,Finance
The postal bank,FINANCE,3.7,36718,Varies with device,"5,000,000+",Free,0,Everyone,Finance,2018-07-16,Varies with device,Varies with device,5000000.0,0.0,,Finance
KTB Netbank,FINANCE,3.8,42644,19M,"5,000,000+",Free,0,Everyone,Finance,2018-06-28,8.18,4.2 and up,5000000.0,0.0,19.0,Finance
Mobile Bancomer,FINANCE,4.2,278082,70M,"10,000,000+",Free,0,Everyone,Finance,2018-07-30,10.78,4.0.3 and up,10000000.0,0.0,70.0,Finance
Nedbank Money,FINANCE,4.2,6076,32M,"500,000+",Free,0,Everyone,Finance,2018-07-28,4.1.1-0-prod,4.2 and up,500000.0,0.0,32.0,Finance
SCB EASY,FINANCE,4.2,112656,93M,"5,000,000+",Free,0,Everyone,Finance,2018-07-19,3.9.0,4.1 and up,5000000.0,0.0,93.0,Finance
CASHIER,FINANCE,3.3,335738,Varies with device,"10,000,000+",Free,0,Everyone,Finance,2018-05-03,Varies with device,Varies with device,10000000.0,0.0,,Finance
Rabo Banking,FINANCE,3.4,31906,Varies with device,"1,000,000+",Free,0,Everyone,Finance,2018-07-19,5.16.0,4.0 and up,1000000.0,0.0,,Finance
Capitec Remote Banking,FINANCE,4.3,20672,Varies with device,"1,000,000+",Free,0,Everyone,Finance,2018-05-08,Varies with device,Varies with device,1000000.0,0.0,,Finance
Itau bank,FINANCE,4.2,957973,40M,"10,000,000+",Free,0,Everyone,Finance,2018-07-30,6.5.7,4.2 and up,10000000.0,0.0,40.0,Finance
Nubank,FINANCE,4.7,130582,24M,"5,000,000+",Free,0,Everyone,Finance,2018-08-02,Varies with device,Varies with device,5000000.0,0.0,24.0,Finance
The Societe Generale App,FINANCE,4.1,31218,Varies with device,"1,000,000+",Free,0,Everyone,Finance,2018-07-31,Varies with device,Varies with device,1000000.0,0.0,,Finance
IKO,FINANCE,4.7,167168,20M,"1,000,000+",Free,0,Everyone,Finance,2018-07-04,3.115.27,4.1 and up,1000000.0,0.0,20.0,Finance
Cash App,FINANCE,4.0,34428,15M,"10,000,000+",Free,0,Everyone,Finance,2018-08-02,2.31.1,5.0 and up,10000000.0,0.0,15.0,Finance
Standard Bank / Stanbic Bank,FINANCE,3.6,15247,28M,"1,000,000+",Free,0,Everyone,Finance,2018-07-13,3.0.5,4.0.3 and up,1000000.0,0.0,28.0,Finance
Bualuang mBanking,FINANCE,4.0,48445,10M,"5,000,000+",Free,0,Everyone,Finance,2018-07-16,2.6.0,4.0.3 and up,5000000.0,0.0,10.0,Finance
Intesa Sanpaolo Mobile,FINANCE,3.6,35518,Varies with device,"1,000,000+",Free,0,Everyone,Finance,2018-07-02,Varies with device,Varies with device,1000000.0,0.0,,Finance
UBA Mobile Banking,FINANCE,4.3,12185,Varies with device,"1,000,000+",Free,0,Everyone,Finance,2018-06-08,Varies with device,Varies with device,1000000.0,0.0,,Finance
BBVA Spain,FINANCE,4.2,36746,Varies with device,"5,000,000+",Free,0,Everyone,Finance,2018-07-24,Varies with device,Varies with device,5000000.0,0.0,,Finance
MyMo by GSB,FINANCE,4.2,21996,14M,"1,000,000+",Free,0,Everyone,Finance,2018-07-19,1.17.2,4.0.3 and up,1000000.0,0.0,14.0,Finance
VTB-Online,FINANCE,4.1,138371,Varies with device,"5,000,000+",Free,0,Everyone,Finance,2018-08-02,Varies with device,4.0.3 and up,5000000.0,0.0,,Finance
Ecobank Mobile Banking,FINANCE,4.0,12073,42M,"1,000,000+",Free,0,Everyone,Finance,2018-05-25,3.3,4.2 and up,1000000.0,0.0,42.0,Finance
Banorte Movil,FINANCE,4.1,111632,65M,"1,000,000+",Free,0,Everyone,Finance,2018-06-09,5.10.1.40699,4.4 and up,1000000.0,0.0,65.0,Finance
Wells Fargo Mobile,FINANCE,4.4,250706,37M,"10,000,000+",Free,0,Everyone,Finance,2018-07-31,6.8.0.109,5.0 and up,10000000.0,0.0,37.0,Finance
Credit Karma,FINANCE,4.7,706301,Varies with device,"10,000,000+",Free,0,Everyone,Finance,2018-07-31,Varies with device,Varies with device,10000000.0,0.0,,Finance
BZWBK24 mobile,FINANCE,4.5,64959,39M,"1,000,000+",Free,0,Everyone,Finance,2018-06-18,5.0.1,4.1 and up,1000000.0,0.0,39.0,Finance
PayPal,FINANCE,4.3,659741,47M,"50,000,000+",Free,0,Everyone,Finance,2018-07-18,6.28.0,4.4 and up,50000000.0,0.0,47.0,Finance
Capital One® Mobile,FINANCE,4.6,510392,79M,"10,000,000+",Free,0,Everyone,Finance,2018-08-01,5.38.1,5.0 and up,10000000.0,0.0,79.0,Finance
Zenith Bank Mobile App,FINANCE,4.3,7215,18M,"1,000,000+",Free,0,Everyone,Finance,2018-07-23,2.7.4,4.0 and up,1000000.0,0.0,18.0,Finance
"GCash - Buy Load, Pay Bills, Send Money",FINANCE,4.0,25508,Varies with device,"1,000,000+",Free,0,Everyone,Finance,2018-07-31,Varies with device,4.2 and up,1000000.0,0.0,,Finance
Post Bank,FINANCE,4.5,60449,100M,"1,000,000+",Free,0,Everyone,Finance,2018-07-23,2.9.12,4.0 and up,1000000.0,0.0,100.0,Finance
İşCep,FINANCE,4.5,381788,32M,"10,000,000+",Free,0,Everyone,Finance,2018-08-02,3.22.0,4.1 and up,10000000.0,0.0,32.0,Finance
People's Bank,FINANCE,3.6,10697,46M,"1,000,000+",Free,0,Everyone,Finance,2018-07-18,3.22.1,4.1 and up,1000000.0,0.0,46.0,Finance
Google Pay,FINANCE,4.2,347838,Varies with device,"100,000,000+",Free,0,Everyone,Finance,2018-07-26,2.70.206190089,Varies with device,100000000.0,0.0,,Finance
Transfer,FINANCE,4.1,31804,9.8M,"5,000,000+",Free,0,Everyone,Finance,2018-07-27,3.1.6.12,4.0 and up,5000000.0,0.0,9.8,Finance
T-Mobile in,FINANCE,3.5,3856,8.2M,"1,000,000+",Free,0,Everyone,Finance,2018-07-31,3.2.1,4.4 and up,1000000.0,0.0,8.2,Finance
TrueMoney Wallet,FINANCE,4.4,199684,18M,"5,000,000+",Free,0,Everyone,Finance,2018-07-19,Varies with device,Varies with device,5000000.0,0.0,18.0,Finance
Alfa-Bank (Alfa-Bank),FINANCE,4.0,44545,Varies with device,"1,000,000+",Free,0,Everyone,Finance,2018-07-31,Varies with device,Varies with device,1000000.0,0.0,,Finance
Bank of Brazil,FINANCE,4.5,1336246,39M,"10,000,000+",Free,0,Everyone,Finance,2018-08-03,6.39.1.4,4.1 and up,10000000.0,0.0,39.0,Finance
WiseBanyan - Invest For Free,FINANCE,4.2,257,44M,"10,000+",Free,0,Everyone,Finance,2018-07-31,2.2.12,4.4W and up,10000.0,0.0,44.0,Finance
"Robinhood - Investing, No Fees",FINANCE,4.6,57493,Varies with device,"1,000,000+",Free,0,Everyone,Finance,2018-07-31,Varies with device,Varies with device,1000000.0,0.0,,Finance
Wells Fargo Daily Change,FINANCE,4.2,283,5.0M,"100,000+",Free,0,Everyone,Finance,2018-04-26,2.5.0.26,5.0 and up,100000.0,0.0,5.0,Finance
"Even - organize your money, get paid early",FINANCE,4.8,12304,21M,"100,000+",Free,0,Everyone,Finance,2018-08-02,6.0.16,5.0 and up,100000.0,0.0,21.0,Finance
Digit Save Money Automatically,FINANCE,4.5,8188,22M,"100,000+",Free,0,Everyone,Finance,2018-07-31,2.29.01,4.1 and up,100000.0,0.0,22.0,Finance
Stash: Invest. Learn. Save.,FINANCE,4.2,11919,23M,"1,000,000+",Free,0,Everyone,Finance,2018-07-27,1.13.2.11,4.4 and up,1000000.0,0.0,23.0,Finance
Acorns - Invest Spare Change,FINANCE,4.3,45957,Varies with device,"1,000,000+",Free,0,Everyone,Finance,2018-07-31,Varies with device,Varies with device,1000000.0,0.0,,Finance
"Money Lover: Expense Tracker, Budget Planner",FINANCE,4.4,126431,Varies with device,"1,000,000+",Free,0,Everyone,Finance,2018-08-01,Varies with device,Varies with device,1000000.0,0.0,,Finance
Expense IQ Money Manager,FINANCE,4.4,21570,27M,"1,000,000+",Free,0,Everyone,Finance,2018-06-19,2.0.4,4.0 and up,1000000.0,0.0,27.0,Finance
Money Manager Expense & Budget,FINANCE,4.6,134564,Varies with device,"5,000,000+",Free,0,Everyone,Finance,2018-07-25,Varies with device,Varies with device,5000000.0,0.0,,Finance
"Prism Pay Bills, Track Money, Personal Finance",FINANCE,4.6,16961,32M,"500,000+",Free,0,Everyone,Finance,2018-08-04,2.12.100,4.1 and up,500000.0,0.0,32.0,Finance
Monefy - Money Manager,FINANCE,4.6,111254,7.4M,"1,000,000+",Free,0,Everyone,Finance,2018-07-03,1.8.9,4.0 and up,1000000.0,0.0,7.4,Finance
Simple - Better Banking,FINANCE,4.4,7731,24M,"100,000+",Free,0,Everyone,Finance,2018-08-02,2.53.2,5.0 and up,100000.0,0.0,24.0,Finance
Chime - Mobile Banking,FINANCE,4.3,5928,22M,"500,000+",Free,0,Everyone,Finance,2018-07-22,5.1.1,5.0 and up,500000.0,0.0,22.0,Finance
Bluebird by American Express,FINANCE,4.2,15703,Varies with device,"1,000,000+",Free,0,Everyone,Finance,2018-07-25,Varies with device,Varies with device,1000000.0,0.0,,Finance
Walmart MoneyCard,FINANCE,4.2,6148,10M,"1,000,000+",Free,0,Everyone,Finance,2018-06-01,1.14.1,4.1 and up,1000000.0,0.0,10.0,Finance
Moven - Smart Finances,FINANCE,3.8,861,17M,"100,000+",Free,0,Everyone,Finance,2018-05-29,3.3.9,4.4 and up,100000.0,0.0,17.0,Finance
Qapital - Save Small. Live Large,FINANCE,4.5,8662,38M,"100,000+",Free,0,Everyone,Finance,2018-07-20,2.5.7,4.4 and up,100000.0,0.0,38.0,Finance
Experian - Free Credit Report,FINANCE,4.6,23130,46M,"1,000,000+",Free,0,Everyone,Finance,2018-07-12,2.1.4,4.2 and up,1000000.0,0.0,46.0,Finance
Branch,FINANCE,4.6,69973,3.8M,"1,000,000+",Free,0,Everyone,Finance,2018-07-23,1.17.1,4.0 and up,1000000.0,0.0,3.8,Finance
"WalletHub - Free Credit Score, Report & Monitoring",FINANCE,4.7,1311,9.3M,"50,000+",Free,0,Everyone,Finance,2018-06-19,1.4.11,4.4 and up,50000.0,0.0,9.3,Finance
CreditWise from Capital One,FINANCE,4.6,26587,8.4M,"1,000,000+",Free,0,Everyone,Finance,2018-07-19,1.18.0,4.4 and up,1000000.0,0.0,8.4,Finance
"NerdWallet: Personal Finance, Credit Score & Cash",FINANCE,4.6,2417,28M,"100,000+",Free,0,Everyone,Finance,2018-08-03,3.5.0,4.4 and up,100000.0,0.0,28.0,Finance
my face,FINANCE,3.8,1054,9.7M,"100,000+",Free,0,Everyone,Finance,2018-07-10,2.3.0,5.0 and up,100000.0,0.0,9.7,Finance
Credit Sesame,FINANCE,4.3,25166,11M,"1,000,000+",Free,0,Everyone,Finance,2018-07-25,3.1.16,4.1 and up,1000000.0,0.0,11.0,Finance
"Mint: Budget, Bills, Finance",FINANCE,4.3,129304,Varies with device,"5,000,000+",Free,0,Everyone,Finance,2018-08-02,Varies with device,Varies with device,5000000.0,0.0,,Finance
Fresh EBT - Food Stamp Balance,FINANCE,4.5,19870,7.4M,"1,000,000+",Free,0,Everyone,Finance,2018-07-24,2.9.5,4.0.3 and up,1000000.0,0.0,7.4,Finance
"Hurdlr: Track Mileage, Expenses, and Log Receipts",FINANCE,4.6,3596,19M,"100,000+",Free,0,Everyone,Finance,2018-07-20,16.6,6.0 and up,100000.0,0.0,19.0,Finance
Mobills: Budget Planner,FINANCE,4.6,161440,16M,"1,000,000+",Free,0,Everyone,Finance,2018-08-03,3.2.18.07.30,4.0.3 and up,1000000.0,0.0,16.0,Finance
Everlance: Free Mileage Log,FINANCE,4.7,7514,14M,"100,000+",Free,0,Everyone,Finance,2018-07-31,1.9.9.9.3,4.4 and up,100000.0,0.0,14.0,Finance
MileIQ - Free Mileage Tracker for Business,FINANCE,4.5,46106,22M,"1,000,000+",Free,0,Everyone,Finance,2018-07-31,1.28.0.5402,4.4 and up,1000000.0,0.0,22.0,Finance
QuickBooks Self-Employed:Mileage Tracker and Taxes,FINANCE,4.4,15141,25M,"1,000,000+",Free,0,Everyone,Finance,2018-07-24,4.63,5.0 and up,1000000.0,0.0,25.0,Finance
FREE Stock Market Trading Tips,FINANCE,3.9,714,3.6M,"50,000+",Free,0,Everyone,Finance,2017-06-07,2.10.3,2.3.3 and up,50000.0,0.0,3.6,Finance
MetaTrader 5,FINANCE,4.5,42410,Varies with device,"1,000,000+",Free,0,Everyone,Finance,2018-08-03,Varies with device,Varies with device,1000000.0,0.0,,Finance
MetaTrader 4,FINANCE,4.6,260547,Varies with device,"5,000,000+",Free,0,Everyone,Finance,2018-07-31,Varies with device,Varies with device,5000000.0,0.0,,Finance
Stock Quote,FINANCE,4.1,4344,4.5M,"500,000+",Free,0,Everyone,Finance,2018-07-30,3.6.2,4.0 and up,500000.0,0.0,4.5,Finance
Seeking Alpha,FINANCE,4.5,22808,Varies with device,"1,000,000+",Free,0,Everyone,Finance,2018-08-03,Varies with device,Varies with device,1000000.0,0.0,,Finance
Stock Trainer: Virtual Trading (Stock Markets),FINANCE,4.4,42809,23M,"1,000,000+",Free,0,Everyone,Finance,2018-07-27,3.04 - Beta,4.1 and up,1000000.0,0.0,23.0,Finance
Stocks: Realtime Quotes Charts,FINANCE,4.5,16808,Varies with device,"1,000,000+",Free,0,Everyone,Finance,2018-05-01,Varies with device,Varies with device,1000000.0,0.0,,Finance
"Stocks, Forex, Bitcoin, Ethereum: Portfolio & News",FINANCE,4.6,157505,Varies with device,"5,000,000+",Free,0,Everyone,Finance,2018-08-01,Varies with device,Varies with device,5000000.0,0.0,,Finance
CNBC: Breaking Business News & Live Market Data,FINANCE,4.2,24647,Varies with device,"1,000,000+",Free,0,Everyone,Finance,2018-07-13,Varies with device,Varies with device,1000000.0,0.0,,Finance
US Stock Market,FINANCE,4.4,1922,4.2M,"100,000+",Free,0,Everyone,Finance,2018-08-01,1.28,2.3 and up,100000.0,0.0,4.2,Finance
Bloomberg Professional,FINANCE,4.1,3334,Varies with device,"500,000+",Free,0,Everyone,Finance,2018-07-23,Varies with device,Varies with device,500000.0,0.0,,Finance
E*TRADE Mobile,FINANCE,3.9,10658,58M,"1,000,000+",Free,0,Everyone,Finance,2018-08-02,6.8.2,4.4 and up,1000000.0,0.0,58.0,Finance
MSN Money- Stock Quotes & News,FINANCE,4.5,78361,22M,"1,000,000+",Free,0,Everyone,Finance,2018-07-05,1.2.0,4.2 and up,1000000.0,0.0,22.0,Finance
Fox Business,FINANCE,3.7,2594,Varies with device,"500,000+",Free,0,Everyone,Finance,2018-03-13,Varies with device,Varies with device,500000.0,0.0,,Finance
NSE Mobile Trading,FINANCE,4.1,13868,1.4M,"1,000,000+",Free,0,Everyone,Finance,2017-08-03,1.1.16,2.1 and up,1000000.0,0.0,1.4,Finance
Yahoo Finance,FINANCE,4.4,135952,Varies with device,"5,000,000+",Free,0,Everyone,Finance,2018-07-30,Varies with device,Varies with device,5000000.0,0.0,,Finance
"JStock - Stock Market, Portfolio & News",FINANCE,4.6,11066,9.1M,"500,000+",Free,0,Everyone,Finance,2018-07-18,1.1.39,4.0 and up,500000.0,0.0,9.1,Finance
Webull - Stock Quotes & Free Stock Trading,FINANCE,4.3,34861,Varies with device,"1,000,000+",Free,0,Everyone,Finance,2018-08-03,Varies with device,Varies with device,1000000.0,0.0,,Finance
"Trading 212 - Forex, Stocks, CFDs",FINANCE,4.3,37580,Varies with device,"5,000,000+",Free,0,Everyone,Finance,2018-08-01,4.5.2.1,4.4 and up,5000000.0,0.0,,Finance
"Moneycontrol – Stocks, Sensex, Mutual Funds, IPO",FINANCE,4.4,281485,Varies with device,"5,000,000+",Free,0,Everyone,Finance,2018-05-11,Varies with device,Varies with device,5000000.0,0.0,,Finance
Current debit card and app made for teens,FINANCE,4.3,685,21M,"50,000+",Free,0,Everyone,Finance,2018-08-03,3.0.22,4.4 and up,50000.0,0.0,21.0,Finance
Betterment,FINANCE,4.4,3780,11M,"100,000+",Free,0,Everyone,Finance,2018-08-03,6.0.6,5.0 and up,100000.0,0.0,11.0,Finance
Citizens Bank Mobile Banking,FINANCE,4.1,15192,38M,"1,000,000+",Free,0,Everyone,Finance,2018-05-23,4.2.1,4.1 and up,1000000.0,0.0,38.0,Finance
GoBank,FINANCE,4.4,5950,12M,"500,000+",Free,0,Everyone,Finance,2018-06-01,2.131,4.1 and up,500000.0,0.0,12.0,Finance
NetSpend Prepaid,FINANCE,4.2,15993,45M,"1,000,000+",Free,0,Everyone,Finance,2018-05-09,4.10.0,4.4 and up,1000000.0,0.0,45.0,Finance
BBVA Compass Banking,FINANCE,4.3,5905,50M,"500,000+",Free,0,Everyone,Finance,2018-07-27,6.0.2,4.4 and up,500000.0,0.0,50.0,Finance
BankMobile Vibe App,FINANCE,4.3,14627,23M,"1,000,000+",Free,0,Everyone,Finance,2018-07-09,5.1,4.1 and up,1000000.0,0.0,23.0,Finance
Netspend Skylight ONE,FINANCE,3.9,1098,46M,"100,000+",Free,0,Everyone,Finance,2018-05-09,4.10.0,4.4 and up,100000.0,0.0,46.0,Finance
ACE Elite,FINANCE,4.1,2898,45M,"100,000+",Free,0,Everyone,Finance,2018-05-09,4.10.0,4.4 and up,100000.0,0.0,45.0,Finance
U.S. Bank,FINANCE,4.1,70782,50M,"1,000,000+",Free,0,Everyone,Finance,2018-07-25,2.34.29,4.0.3 and up,1000000.0,0.0,50.0,Finance
Huntington Mobile,FINANCE,4.2,11264,24M,"1,000,000+",Free,0,Everyone,Finance,2018-06-26,5.2.203,4.2 and up,1000000.0,0.0,24.0,Finance
USAA Mobile,FINANCE,4.5,100997,33M,"5,000,000+",Free,0,Everyone,Finance,2018-07-27,8.44.2,5.0 and up,5000000.0,0.0,33.0,Finance
Associated Credit Union Mobile,FINANCE,4.7,3290,12M,"50,000+",Free,0,Everyone,Finance,2018-05-30,5.9.1.0,5.0 and up,50000.0,0.0,12.0,Finance
Bank of America Mobile Banking,FINANCE,4.4,341090,53M,"10,000,000+",Free,0,Everyone,Finance,2018-07-31,7.8.8,4.4 and up,10000000.0,0.0,53.0,Finance
USE Credit Union Mobile,FINANCE,4.6,964,14M,"10,000+",Free,0,Everyone,Finance,2018-06-12,5.9.1.0,5.0 and up,10000.0,0.0,14.0,Finance
Discover Mobile,FINANCE,4.6,87951,68M,"5,000,000+",Free,0,Everyone,Finance,2018-07-23,9.7.0,4.1 and up,5000000.0,0.0,68.0,Finance
Amex Mobile,FINANCE,4.3,24729,32M,"1,000,000+",Free,0,Everyone,Finance,2018-08-03,6.7.0,5.0 and up,1000000.0,0.0,32.0,Finance
Citi Mobile®,FINANCE,4.0,78306,46M,"5,000,000+",Free,0,Everyone,Finance,2018-07-31,9.9.0,4.4 and up,5000000.0,0.0,46.0,Finance
Navy Federal Credit Union,FINANCE,4.4,43313,40M,"1,000,000+",Free,0,Everyone,Finance,2018-07-09,5.16.2,4.1 and up,1000000.0,0.0,40.0,Finance
Chase Mobile,FINANCE,4.6,1374549,32M,"10,000,000+",Free,0,Everyone,Finance,2018-07-23,3.52,5.0 and up,10000000.0,0.0,32.0,Finance
HDFC Bank MobileBanking,FINANCE,4.2,208463,Varies with device,"10,000,000+",Free,0,Everyone,Finance,2018-07-26,Varies with device,Varies with device,10000000.0,0.0,,Finance
Barclays US for Android,FINANCE,4.1,6998,24M,"1,000,000+",Free,0,Everyone,Finance,2018-08-01,6.29.37589,5.0 and up,1000000.0,0.0,24.0,Finance
McDonald's,FOOD_AND_DRINK,3.6,145323,42M,"10,000,000+",Free,0,Everyone,Food & Drink,2018-07-31,5.15.0,4.4 and up,10000000.0,0.0,42.0,Food & Drink
Easy and Fast Recipes,FOOD_AND_DRINK,,95,12M,"50,000+",Free,0,Everyone,Food & Drink,2018-01-06,3.0.1,2.3 and up,50000.0,0.0,12.0,Food & Drink
Cookpad - FREE recipe search makes fun cooking · musical making!,FOOD_AND_DRINK,4.1,64784,13M,"10,000,000+",Free,0,Everyone,Food & Drink,2018-08-02,18.6.0.10,5.0 and up,10000000.0,0.0,13.0,Food & Drink
DELISH KITCHEN - FREE recipe movies make food fun and easy!,FOOD_AND_DRINK,4.6,32997,13M,"1,000,000+",Free,0,Everyone,Food & Drink,2018-08-04,2.2.7,4.1 and up,1000000.0,0.0,13.0,Food & Drink
Sumine side dish - dish recipe side dish,FOOD_AND_DRINK,,82,4.9M,"10,000+",Free,0,Everyone,Food & Drink,2018-06-23,1.1,4.1 and up,10000.0,0.0,4.9,Food & Drink
Easy Recipes,FOOD_AND_DRINK,4.7,2707,8.9M,"100,000+",Free,0,Everyone,Food & Drink,2018-05-15,2.12,4.0.3 and up,100000.0,0.0,8.9,Food & Drink
Delicious Recipes,FOOD_AND_DRINK,4.7,129737,Varies with device,"1,000,000+",Free,0,Teen,Food & Drink,2018-08-03,Varies with device,Varies with device,1000000.0,0.0,,Food & Drink
Tastely,FOOD_AND_DRINK,4.7,611136,19M,"10,000,000+",Free,0,Everyone,Food & Drink,2018-07-13,3.2.0d,4.0.3 and up,10000000.0,0.0,19.0,Food & Drink
Pastry & Cooking (Without Net),FOOD_AND_DRINK,4.7,6118,Varies with device,"1,000,000+",Free,0,Everyone,Food & Drink,2018-07-07,Varies with device,Varies with device,1000000.0,0.0,,Food & Drink
Frigo Magic: Easy recipe idea and anti-waste,FOOD_AND_DRINK,4.1,2473,14M,"500,000+",Free,0,Everyone,Food & Drink,2018-07-28,3.1.5,4.4 and up,500000.0,0.0,14.0,Food & Drink
McDonald's - McDonald's Japan,FOOD_AND_DRINK,3.4,109784,64M,"10,000,000+",Free,0,Everyone,Food & Drink,2018-08-03,4.0.30,4.0.3 and up,10000000.0,0.0,64.0,Food & Drink
Debonairs Pizza,FOOD_AND_DRINK,3.8,3320,8.4M,"500,000+",Free,0,Everyone,Food & Drink,2018-08-04,1.9.117,4.0.3 and up,500000.0,0.0,8.4,Food & Drink
Popeyes® App,FOOD_AND_DRINK,3.7,61,11M,"50,000+",Free,0,Everyone,Food & Drink,2018-07-23,1.0.2,4.1 and up,50000.0,0.0,11.0,Food & Drink
Dunkin' Donuts,FOOD_AND_DRINK,4.2,68103,66M,"1,000,000+",Free,0,Everyone,Food & Drink,2018-06-20,5.0.0,4.4 and up,1000000.0,0.0,66.0,Food & Drink
Pyaterochka,FOOD_AND_DRINK,3.1,8412,Varies with device,"1,000,000+",Free,0,Everyone,Food & Drink,2018-07-19,Varies with device,4.4 and up,1000000.0,0.0,,Food & Drink
Refreshing app Free application that can use deal coupons,FOOD_AND_DRINK,3.5,10741,41M,"1,000,000+",Free,0,Everyone,Food & Drink,2018-07-23,5.2.2,4.2 and up,1000000.0,0.0,41.0,Food & Drink
Simple Recipes,FOOD_AND_DRINK,4.7,3803,15M,"500,000+",Free,0,Everyone,Food & Drink,2018-02-22,1.6,4.0 and up,500000.0,0.0,15.0,Food & Drink
Grubhub: Food Delivery,FOOD_AND_DRINK,4.5,155944,35M,"5,000,000+",Free,0,Everyone,Food & Drink,2018-08-02,7.12,5.0 and up,5000000.0,0.0,35.0,Food & Drink
Panera Bread,FOOD_AND_DRINK,4.2,10159,36M,"1,000,000+",Free,0,Everyone,Food & Drink,2018-07-17,4.3.3,5.0 and up,1000000.0,0.0,36.0,Food & Drink
Chick-fil-A,FOOD_AND_DRINK,4.3,28008,17M,"5,000,000+",Free,0,Everyone,Food & Drink,2018-08-03,6.0.1,5.0 and up,5000000.0,0.0,17.0,Food & Drink
hellofood - Food Delivery,FOOD_AND_DRINK,4.0,43614,25M,"1,000,000+",Free,0,Everyone,Food & Drink,2016-10-12,2.14.36,4.0.3 and up,1000000.0,0.0,25.0,Food & Drink
Starbucks,FOOD_AND_DRINK,4.5,455377,35M,"10,000,000+",Free,0,Everyone,Food & Drink,2018-08-01,4.11.1,4.4 and up,10000000.0,0.0,35.0,Food & Drink
Easy and quick desserts,FOOD_AND_DRINK,4.6,1398,10M,"100,000+",Free,0,Everyone 10+,Food & Drink,2018-06-14,1.0,4.0.3 and up,100000.0,0.0,10.0,Food & Drink
Domino's Pizza USA,FOOD_AND_DRINK,4.7,1032935,Varies with device,"10,000,000+",Free,0,Everyone,Food & Drink,2018-07-20,Varies with device,Varies with device,10000000.0,0.0,,Food & Drink
Chef - Recipes & Cooking,FOOD_AND_DRINK,4.1,32405,12M,"5,000,000+",Free,0,Everyone,Food & Drink,2018-07-03,3.3.21,4.1 and up,5000000.0,0.0,12.0,Food & Drink
"Delivery Club-food delivery: pizza, sushi, burger, salad",FOOD_AND_DRINK,4.3,151080,Varies with device,"5,000,000+",Free,0,Everyone,Food & Drink,2018-07-27,Varies with device,Varies with device,5000000.0,0.0,,Food & Drink
HungerStation,FOOD_AND_DRINK,3.8,22513,11M,"1,000,000+",Free,0,Everyone,Food & Drink,2018-05-21,5.3.8,4.0.3 and up,1000000.0,0.0,11.0,Food & Drink
Delivery yogi.,FOOD_AND_DRINK,4.4,90042,Varies with device,"10,000,000+",Free,0,Everyone,Food & Drink,2018-07-18,Varies with device,Varies with device,10000000.0,0.0,,Food & Drink
Delivery trough - delivery trough delivery trough,FOOD_AND_DRINK,4.3,58316,Varies with device,"5,000,000+",Free,0,Everyone,Food & Drink,2018-07-25,Varies with device,Varies with device,5000000.0,0.0,,Food & Drink
Dr. Oetker recipe ideas,FOOD_AND_DRINK,4.2,8509,17M,"1,000,000+",Free,0,Everyone,Food & Drink,2018-07-12,3.5.5,4.0.3 and up,1000000.0,0.0,17.0,Food & Drink
SONIC Drive-In,FOOD_AND_DRINK,4.3,19314,43M,"1,000,000+",Free,0,Everyone,Food & Drink,2018-07-31,3.3.6,4.4 and up,1000000.0,0.0,43.0,Food & Drink
SUBWAY®,FOOD_AND_DRINK,3.8,21314,41M,"1,000,000+",Free,0,Everyone,Food & Drink,2018-07-24,7.9.0.0,4.4 and up,1000000.0,0.0,41.0,Food & Drink
GialloZafferano: Recipes,FOOD_AND_DRINK,4.3,30224,Varies with device,"1,000,000+",Free,0,Everyone,Food & Drink,2018-05-28,Varies with device,Varies with device,1000000.0,0.0,,Food & Drink
Dairy Queen,FOOD_AND_DRINK,3.7,731,43M,"100,000+",Free,0,Everyone,Food & Drink,2018-07-25,2.1.0,4.1 and up,100000.0,0.0,43.0,Food & Drink
9th stage,FOOD_AND_DRINK,4.5,454,16M,"100,000+",Free,0,Everyone,Food & Drink,2018-03-28,2.0.0,4.0.3 and up,100000.0,0.0,16.0,Food & Drink
OpenRice,FOOD_AND_DRINK,3.6,14952,39M,"1,000,000+",Free,0,Everyone,Food & Drink,2018-06-08,5.8.5,4.1 and up,1000000.0,0.0,39.0,Food & Drink
SarashpazPapion (Cooking with Chef Bowls),FOOD_AND_DRINK,4.8,1250,13M,"50,000+",Free,0,Everyone,Food & Drink,2018-07-28,3.2.7,4.1 and up,50000.0,0.0,13.0,Food & Drink
Little Caesars,FOOD_AND_DRINK,3.3,1726,30M,"500,000+",Free,0,Everyone,Food & Drink,2018-07-19,4.26,4.4 and up,500000.0,0.0,30.0,Food & Drink
Recipes Pastries and homemade pies More than 500 recipes for pastries,FOOD_AND_DRINK,4.7,14065,7.1M,"500,000+",Free,0,Everyone,Food & Drink,2018-06-12,1.2.2,4.1 and up,500000.0,0.0,7.1,Food & Drink
Om Waleed Sweets,FOOD_AND_DRINK,4.6,556,23M,"100,000+",Free,0,Teen,Food & Drink,2018-01-25,2.0,4.0 and up,100000.0,0.0,23.0,Food & Drink
"Eat Fast Prepare ""Without Internet""",FOOD_AND_DRINK,4.6,4925,17M,"1,000,000+",Free,0,Everyone,Food & Drink,2018-06-10,3.6.6,4.0.3 and up,1000000.0,0.0,17.0,Food & Drink
Wendy’s – Food and Offers,FOOD_AND_DRINK,3.4,6507,18M,"1,000,000+",Free,0,Everyone,Food & Drink,2018-04-12,5.7.0,4.4 and up,1000000.0,0.0,18.0,Food & Drink
My Recipes Cookbook : RecetteTek,FOOD_AND_DRINK,4.6,11707,Varies with device,"100,000+",Free,0,Everyone,Food & Drink,2018-06-24,Varies with device,Varies with device,100000.0,0.0,,Food & Drink
Healthy Recipes Free,FOOD_AND_DRINK,4.0,1077,17M,"100,000+",Free,0,Everyone,Food & Drink,2017-10-18,3.2.0,4.0.3 and up,100000.0,0.0,17.0,Food & Drink
Cookbook Recipes,FOOD_AND_DRINK,4.1,46539,Varies with device,"5,000,000+",Free,0,Teen,Food & Drink,2018-07-23,Varies with device,Varies with device,5000000.0,0.0,,Food & Drink
ChefTap Recipes & Grocery List,FOOD_AND_DRINK,4.5,9066,15M,"500,000+",Free,0,Everyone,Food & Drink,2018-04-25,4.0.0.427,5.1 and up,500000.0,0.0,15.0,Food & Drink
Recipe Keeper,FOOD_AND_DRINK,4.4,1962,22M,"100,000+",Free,0,Everyone,Food & Drink,2018-06-27,3.17.1.0,4.1 and up,100000.0,0.0,22.0,Food & Drink
My CookBook (Recipe Manager),FOOD_AND_DRINK,4.5,22071,Varies with device,"1,000,000+",Free,0,Everyone,Food & Drink,2018-06-29,Varies with device,Varies with device,1000000.0,0.0,,Food & Drink
50 Healthy Slow Cooker Recipes,FOOD_AND_DRINK,4.0,196,9.0M,"10,000+",Free,0,Everyone 10+,Food & Drink,2017-02-17,1.2,2.3.3 and up,10000.0,0.0,9.0,Food & Drink
Easy Healthy Recipes,FOOD_AND_DRINK,4.1,278,7.2M,"50,000+",Free,0,Everyone,Food & Drink,2018-07-20,24.5.0,4.0 and up,50000.0,0.0,7.2,Food & Drink
Allrecipes Dinner Spinner,FOOD_AND_DRINK,4.5,61881,Varies with device,"5,000,000+",Free,0,Everyone,Food & Drink,2018-04-10,Varies with device,Varies with device,5000000.0,0.0,,Food & Drink
My CookBook Pro (Ad Free),FOOD_AND_DRINK,4.6,2129,Varies with device,"10,000+",Paid,$3.49,Everyone,Food & Drink,2018-06-28,Varies with device,Varies with device,10000.0,3.49,,Food & Drink
Paprika Recipe Manager,FOOD_AND_DRINK,4.1,1268,2.3M,"50,000+",Paid,$4.99,Everyone,Food & Drink,2018-06-03,1.4.4,4.0 and up,50000.0,4.99,2.3,Food & Drink
Yummly Recipes & Shopping List,FOOD_AND_DRINK,4.5,91359,27M,"1,000,000+",Free,0,Everyone,Food & Drink,2018-07-05,2.0.3,4.4 and up,1000000.0,0.0,27.0,Food & Drink
Kitchen Stories - Recipes & Cooking,FOOD_AND_DRINK,4.6,22015,Varies with device,"1,000,000+",Free,0,Everyone,Food & Drink,2018-07-06,Varies with device,5.0 and up,1000000.0,0.0,,Food & Drink
Cookpad,FOOD_AND_DRINK,4.5,131569,8.2M,"10,000,000+",Free,0,Everyone,Food & Drink,2018-08-03,2.76.2.0-android,4.2 and up,10000000.0,0.0,8.2,Food & Drink
"BigOven Recipes, Meal Planner, Grocery List & More",FOOD_AND_DRINK,4.3,31986,76M,"1,000,000+",Free,0,Teen,Food & Drink,2017-11-23,5.7.23,5.0 and up,1000000.0,0.0,76.0,Food & Drink
Postmates Food Delivery: Order Eats & Alcohol,FOOD_AND_DRINK,3.6,22875,22M,"1,000,000+",Free,0,Everyone,Food & Drink,2018-07-27,4.2.6,5.0 and up,1000000.0,0.0,22.0,Food & Drink
Instacart: Grocery Delivery,FOOD_AND_DRINK,4.4,17071,Varies with device,"1,000,000+",Free,0,Everyone,Food & Drink,2018-08-02,Varies with device,5.0 and up,1000000.0,0.0,,Food & Drink
OpenTable: Restaurants Near Me,FOOD_AND_DRINK,4.6,90242,19M,"5,000,000+",Free,0,Everyone,Food & Drink,2018-07-31,9.15.0.2020,5.0 and up,5000000.0,0.0,19.0,Food & Drink
Foursquare City Guide,FOOD_AND_DRINK,4.1,483960,Varies with device,"10,000,000+",Free,0,Teen,Food & Drink,2018-07-23,Varies with device,Varies with device,10000000.0,0.0,,Food & Drink
Zomato - Restaurant Finder and Food Delivery App,FOOD_AND_DRINK,4.3,511228,Varies with device,"10,000,000+",Free,0,Everyone,Food & Drink,2018-08-01,Varies with device,Varies with device,10000000.0,0.0,,Food & Drink
Munchery: Chef Crafted Fresh Food Delivered,FOOD_AND_DRINK,3.9,464,28M,"50,000+",Free,0,Everyone,Food & Drink,2018-05-22,2.6.15,4.4 and up,50000.0,0.0,28.0,Food & Drink
"delivery.com: Order Food, Alcohol & Laundry",FOOD_AND_DRINK,4.1,1920,Varies with device,"100,000+",Free,0,Everyone,Food & Drink,2018-07-31,Varies with device,Varies with device,100000.0,0.0,,Food & Drink
Eat24 Food Delivery & Takeout,FOOD_AND_DRINK,4.3,40116,Varies with device,"1,000,000+",Free,0,Everyone,Food & Drink,2018-08-02,Varies with device,Varies with device,1000000.0,0.0,,Food & Drink
BeyondMenu Food Delivery,FOOD_AND_DRINK,4.7,51517,Varies with device,"1,000,000+",Free,0,Everyone,Food & Drink,2018-08-01,Varies with device,Varies with device,1000000.0,0.0,,Food & Drink
EatStreet Food Delivery App,FOOD_AND_DRINK,4.6,7690,25M,"100,000+",Free,0,Everyone,Food & Drink,2018-07-03,3.1.14,5.0 and up,100000.0,0.0,25.0,Food & Drink
Pizza Hut,FOOD_AND_DRINK,4.4,321134,30M,"10,000,000+",Free,0,Everyone,Food & Drink,2018-06-12,4.7.0,4.1 and up,10000000.0,0.0,30.0,Food & Drink
Caviar - Food Delivery,FOOD_AND_DRINK,4.2,3755,8.5M,"100,000+",Free,0,Everyone,Food & Drink,2018-07-20,2.4.11,6.0 and up,100000.0,0.0,8.5,Food & Drink
DoorDash - Food Delivery,FOOD_AND_DRINK,4.5,104504,Varies with device,"1,000,000+",Free,0,Everyone,Food & Drink,2018-07-31,Varies with device,Varies with device,1000000.0,0.0,,Food & Drink
Uber Eats: Local Food Delivery,FOOD_AND_DRINK,4.2,333208,34M,"10,000,000+",Free,0,Everyone,Food & Drink,2018-08-01,1.161.10002,5.0 and up,10000000.0,0.0,34.0,Food & Drink
Seamless Food Delivery/Takeout,FOOD_AND_DRINK,4.5,35218,34M,"1,000,000+",Free,0,Everyone,Food & Drink,2018-08-02,7.12,5.0 and up,1000000.0,0.0,34.0,Food & Drink
Talabat: Food Delivery,FOOD_AND_DRINK,4.5,116403,Varies with device,"5,000,000+",Free,0,Everyone,Food & Drink,2018-08-01,Varies with device,Varies with device,5000000.0,0.0,,Food & Drink
TheFork - Restaurants booking and special offers,FOOD_AND_DRINK,4.3,37517,17M,"5,000,000+",Free,0,Everyone,Food & Drink,2018-07-20,11.11.1,4.1 and up,5000000.0,0.0,17.0,Food & Drink
foodpanda - Local Food Delivery,FOOD_AND_DRINK,4.0,292969,16M,"10,000,000+",Free,0,Everyone,Food & Drink,2018-07-30,4.11.3,4.2 and up,10000000.0,0.0,16.0,Food & Drink
Home Workout - No Equipment,HEALTH_AND_FITNESS,4.8,428156,15M,"10,000,000+",Free,0,Everyone,Health & Fitness,2018-06-28,Varies with device,Varies with device,10000000.0,0.0,15.0,Health & Fitness
Step Counter - Calorie Counter,HEALTH_AND_FITNESS,4.0,1577,2.2M,"500,000+",Free,0,Everyone,Health & Fitness,2017-08-12,1.0.7,4.4 and up,500000.0,0.0,2.2,Health & Fitness
Lose Belly Fat in 30 Days - Flat Stomach,HEALTH_AND_FITNESS,4.9,38098,11M,"5,000,000+",Free,0,Everyone,Health & Fitness,2018-06-21,1.0.4,4.2 and up,5000000.0,0.0,11.0,Health & Fitness
Pedometer - Step Counter Free & Calorie Burner,HEALTH_AND_FITNESS,4.8,31139,6.9M,"1,000,000+",Free,0,Everyone,Health & Fitness,2018-07-24,1.0.11,4.1 and up,1000000.0,0.0,6.9,Health & Fitness
Six Pack in 30 Days - Abs Workout,HEALTH_AND_FITNESS,4.9,272337,13M,"10,000,000+",Free,0,Everyone,Health & Fitness,2018-06-21,1.0.2,4.2 and up,10000000.0,0.0,13.0,Health & Fitness
Lose Weight in 30 Days,HEALTH_AND_FITNESS,4.8,220125,11M,"10,000,000+",Free,0,Everyone,Health & Fitness,2018-07-31,1.0.14,4.0 and up,10000000.0,0.0,11.0,Health & Fitness
Pedometer,HEALTH_AND_FITNESS,4.4,400592,2.9M,"10,000,000+",Free,0,Everyone,Health & Fitness,2018-07-04,5.23,4.0 and up,10000000.0,0.0,2.9,Health & Fitness
LG Health,HEALTH_AND_FITNESS,3.3,20098,25M,"10,000,000+",Free,0,Everyone,Health & Fitness,2018-05-14,5.31.75,4.4 and up,10000000.0,0.0,25.0,Health & Fitness
Step Counter - Pedometer Free & Calorie Counter,HEALTH_AND_FITNESS,4.7,117925,7.0M,"10,000,000+",Free,0,Everyone,Health & Fitness,2018-07-24,1.0.26,4.1 and up,10000000.0,0.0,7.0,Health & Fitness
"Pedometer, Step Counter & Weight Loss Tracker App",HEALTH_AND_FITNESS,4.6,548021,27M,"10,000,000+",Free,0,Everyone,Health & Fitness,2018-08-02,p5.7.1,4.1 and up,10000000.0,0.0,27.0,Health & Fitness
Sportractive GPS Running Cycling Distance Tracker,HEALTH_AND_FITNESS,4.8,48276,7.5M,"1,000,000+",Free,0,Everyone,Health & Fitness,2018-08-04,3.0.6,4.4 and up,1000000.0,0.0,7.5,Health & Fitness
30 Day Fitness Challenge - Workout at Home,HEALTH_AND_FITNESS,4.8,471036,Varies with device,"10,000,000+",Free,0,Everyone,Health & Fitness,2018-08-03,Varies with device,4.0 and up,10000000.0,0.0,,Health & Fitness
Home Workout for Men - Bodybuilding,HEALTH_AND_FITNESS,4.8,12705,15M,"1,000,000+",Free,0,Everyone,Health & Fitness,2018-07-10,1.0.2,4.0 and up,1000000.0,0.0,15.0,Health & Fitness
Fat Burning Workout - Home Weight lose,HEALTH_AND_FITNESS,4.5,706,9.4M,"100,000+",Free,0,Everyone,Health & Fitness,2018-07-24,1.0.5,4.1 and up,100000.0,0.0,9.4,Health & Fitness
Buttocks and Abdomen,HEALTH_AND_FITNESS,4.4,465,6.4M,"500,000+",Free,0,Everyone,Health & Fitness,2018-06-07,1.08,4.0.3 and up,500000.0,0.0,6.4,Health & Fitness
Walking for Weight Loss - Walk Tracker,HEALTH_AND_FITNESS,4.5,644,5.5M,"100,000+",Free,0,Everyone,Health & Fitness,2018-07-25,1.0.4,4.1 and up,100000.0,0.0,5.5,Health & Fitness
Running & Jogging,HEALTH_AND_FITNESS,4.5,6238,3.9M,"500,000+",Free,0,Everyone,Health & Fitness,2018-07-30,1.1.22,4.1 and up,500000.0,0.0,3.9,Health & Fitness
Walk with Map My Walk,HEALTH_AND_FITNESS,4.5,144040,55M,"5,000,000+",Free,0,Everyone,Health & Fitness,2018-07-27,18.7.1,5.0 and up,5000000.0,0.0,55.0,Health & Fitness
Sleep Sounds,HEALTH_AND_FITNESS,4.8,51227,28M,"1,000,000+",Free,0,Everyone,Health & Fitness,2018-07-13,4.0.1,4.0.3 and up,1000000.0,0.0,28.0,Health & Fitness
Fitbit,HEALTH_AND_FITNESS,3.9,357417,Varies with device,"10,000,000+",Free,0,Everyone,Health & Fitness,2018-07-26,Varies with device,Varies with device,10000000.0,0.0,,Health & Fitness
Lose Belly Fat-Home Abs Fitness Workout,HEALTH_AND_FITNESS,4.6,199,8.8M,"50,000+",Free,0,Everyone,Health & Fitness,2018-07-24,1.0.7,4.1 and up,50000.0,0.0,8.8,Health & Fitness
Runtastic Running App & Mile Tracker,HEALTH_AND_FITNESS,4.5,827597,Varies with device,"10,000,000+",Free,0,Everyone,Health & Fitness,2018-07-25,Varies with device,Varies with device,10000000.0,0.0,,Health & Fitness
Cycling - Bike Tracker,HEALTH_AND_FITNESS,4.5,9116,4.0M,"500,000+",Free,0,Everyone,Health & Fitness,2018-07-30,1.1.22,4.1 and up,500000.0,0.0,4.0,Health & Fitness
Abs Training-Burn belly fat,HEALTH_AND_FITNESS,4.7,2071,6.9M,"100,000+",Free,0,Everyone,Health & Fitness,2018-07-24,1.0.12,4.1 and up,100000.0,0.0,6.9,Health & Fitness
Calorie Counter - EasyFit free,HEALTH_AND_FITNESS,4.7,50294,11M,"1,000,000+",Free,0,Everyone,Health & Fitness,2018-07-09,3.0.7,4.1 and up,1000000.0,0.0,11.0,Health & Fitness
Nike+ Run Club,HEALTH_AND_FITNESS,4.4,708674,Varies with device,"10,000,000+",Free,0,Everyone,Health & Fitness,2018-07-12,2.17.0,4.4 and up,10000000.0,0.0,,Health & Fitness
Aunjai i lert u,HEALTH_AND_FITNESS,4.2,1140,5.5M,"500,000+",Free,0,Teen,Health & Fitness,2017-01-10,1.5,3.0 and up,500000.0,0.0,5.5,Health & Fitness
Garmin Connect™,HEALTH_AND_FITNESS,3.9,232153,Varies with device,"10,000,000+",Free,0,Everyone,Health & Fitness,2018-08-02,Varies with device,Varies with device,10000000.0,0.0,,Health & Fitness
BetterMe: Weight Loss Workouts,HEALTH_AND_FITNESS,4.2,14709,15M,"5,000,000+",Free,0,Everyone,Health & Fitness,2018-07-26,2.8.2,5.0 and up,5000000.0,0.0,15.0,Health & Fitness
Bike Computer - GPS Cycling Tracker,HEALTH_AND_FITNESS,4.4,12029,4.3M,"1,000,000+",Free,0,Everyone,Health & Fitness,2018-08-04,2.6,4.2 and up,1000000.0,0.0,4.3,Health & Fitness
Calorie Counter - MyFitnessPal,HEALTH_AND_FITNESS,4.6,1873516,Varies with device,"50,000,000+",Free,0,Everyone,Health & Fitness,2018-07-31,Varies with device,Varies with device,50000000.0,0.0,,Health & Fitness
Six Packs for Man–Body Building with No Equipment,HEALTH_AND_FITNESS,4.6,2880,7.1M,"100,000+",Free,0,Everyone,Health & Fitness,2018-07-24,1.0.8,4.1 and up,100000.0,0.0,7.1,Health & Fitness
Weight Watchers Mobile,HEALTH_AND_FITNESS,4.2,270267,58M,"5,000,000+",Free,0,Everyone,Health & Fitness,2018-07-31,6.15.0,4.1 and up,5000000.0,0.0,58.0,Health & Fitness
Endomondo - Running & Walking,HEALTH_AND_FITNESS,4.5,559186,Varies with device,"10,000,000+",Free,0,Everyone,Health & Fitness,2018-07-11,Varies with device,Varies with device,10000000.0,0.0,,Health & Fitness
Running Distance Tracker +,HEALTH_AND_FITNESS,4.7,77777,Varies with device,"1,000,000+",Free,0,Everyone,Health & Fitness,2018-06-29,3.401,5.0 and up,1000000.0,0.0,,Health & Fitness
The TK-App - everything under control,HEALTH_AND_FITNESS,4.5,8642,18M,"100,000+",Free,0,Everyone,Health & Fitness,2018-08-02,1.20,4.4 and up,100000.0,0.0,18.0,Health & Fitness
Runkeeper - GPS Track Run Walk,HEALTH_AND_FITNESS,4.5,501144,Varies with device,"10,000,000+",Free,0,Everyone,Health & Fitness,2018-07-16,Varies with device,Varies with device,10000000.0,0.0,,Health & Fitness
Walking: Pedometer diet,HEALTH_AND_FITNESS,3.7,1861,1.5M,"1,000,000+",Free,0,Everyone,Health & Fitness,2018-06-18,1.5,2.3 and up,1000000.0,0.0,1.5,Health & Fitness
Recipes for hair and face tried,HEALTH_AND_FITNESS,4.5,1203,6.5M,"500,000+",Free,0,Everyone,Health & Fitness,2016-10-16,1.2,2.3.3 and up,500000.0,0.0,6.5,Health & Fitness
Abs Workout - 30 Days Fitness App for Six Pack Abs,HEALTH_AND_FITNESS,4.6,299,11M,"100,000+",Free,0,Everyone,Health & Fitness,2018-08-03,1.3.8,4.4 and up,100000.0,0.0,11.0,Health & Fitness
8fit Workouts & Meal Planner,HEALTH_AND_FITNESS,4.6,115721,67M,"10,000,000+",Free,0,Everyone,Health & Fitness,2018-07-11,3.5.0,5.0 and up,10000000.0,0.0,67.0,Health & Fitness
Keep Trainer - Workout Trainer & Fitness Coach,HEALTH_AND_FITNESS,4.7,14810,Varies with device,"1,000,000+",Free,0,Everyone,Health & Fitness,2018-07-24,Varies with device,Varies with device,1000000.0,0.0,,Health & Fitness
Run with Map My Run,HEALTH_AND_FITNESS,4.5,183662,57M,"5,000,000+",Free,0,Everyone,Health & Fitness,2018-07-27,18.7.1,5.0 and up,5000000.0,0.0,57.0,Health & Fitness
Weight Loss Running by Verv,HEALTH_AND_FITNESS,4.5,27393,59M,"1,000,000+",Free,0,Mature 17+,Health & Fitness,2018-07-16,6.5.3,4.1 and up,1000000.0,0.0,59.0,Health & Fitness
Couch to 10K Running Trainer,HEALTH_AND_FITNESS,4.6,10445,48M,"500,000+",Free,0,Everyone,Health & Fitness,2018-07-02,112.0,4.4 and up,500000.0,0.0,48.0,Health & Fitness
PumpUp — Fitness Community,HEALTH_AND_FITNESS,4.0,49479,57M,"1,000,000+",Free,0,Teen,Health & Fitness,2018-07-10,5.13.0,5.0 and up,1000000.0,0.0,57.0,Health & Fitness
"Home workouts - fat burning, abs, legs, arms,chest",HEALTH_AND_FITNESS,4.3,4848,13M,"1,000,000+",Free,0,Everyone,Health & Fitness,2018-07-18,2.6,4.1 and up,1000000.0,0.0,13.0,Health & Fitness
Running Weight Loss Walking Jogging Hiking FITAPP,HEALTH_AND_FITNESS,4.4,20812,Varies with device,"1,000,000+",Free,0,Teen,Health & Fitness,2018-07-27,Varies with device,Varies with device,1000000.0,0.0,,Health & Fitness
"Strava Training: Track Running, Cycling & Swimming",HEALTH_AND_FITNESS,4.5,328469,Varies with device,"10,000,000+",Free,0,Teen,Health & Fitness,2018-08-01,Varies with device,Varies with device,10000000.0,0.0,,Health & Fitness
Workout Trainer: fitness coach,HEALTH_AND_FITNESS,4.2,100406,Varies with device,"10,000,000+",Free,0,Everyone,Health & Fitness,2018-06-30,Varies with device,Varies with device,10000000.0,0.0,,Health & Fitness
"Fabulous: Motivate Me! Meditate, Relax, Sleep",HEALTH_AND_FITNESS,4.6,205299,31M,"5,000,000+",Free,0,Everyone,Health & Fitness,2018-07-16,3.48,4.1 and up,5000000.0,0.0,31.0,Health & Fitness
StrongLifts 5x5 Workout Gym Log & Personal Trainer,HEALTH_AND_FITNESS,4.9,66791,10M,"1,000,000+",Free,0,Everyone,Health & Fitness,2018-07-30,Varies with device,Varies with device,1000000.0,0.0,10.0,Health & Fitness
7 Minute Workout,HEALTH_AND_FITNESS,4.5,399009,Varies with device,"10,000,000+",Free,0,Everyone,Health & Fitness,2018-06-08,Varies with device,Varies with device,10000000.0,0.0,,Health & Fitness
Workout Tracker & Gym Trainer - Fitness Log Book,HEALTH_AND_FITNESS,4.6,5420,21M,"500,000+",Free,0,Everyone,Health & Fitness,2018-06-05,2.48.3,4.1 and up,500000.0,0.0,21.0,Health & Fitness
Freeletics: Personal Trainer & Fitness Workouts,HEALTH_AND_FITNESS,4.5,130104,25M,"10,000,000+",Free,0,Everyone,Health & Fitness,2018-08-03,5.3,5.0 and up,10000000.0,0.0,25.0,Health & Fitness
Nike Training Club - Workouts & Fitness Plans,HEALTH_AND_FITNESS,4.6,251534,93M,"10,000,000+",Free,0,Everyone,Health & Fitness,2018-07-18,5.14.0,5.0 and up,10000000.0,0.0,93.0,Health & Fitness
Fitbit Coach,HEALTH_AND_FITNESS,4.6,28951,60M,"1,000,000+",Free,0,Everyone,Health & Fitness,2018-07-16,4.4,4.4 and up,1000000.0,0.0,60.0,Health & Fitness
"JEFIT Workout Tracker, Weight Lifting, Gym Log App",HEALTH_AND_FITNESS,4.5,60096,27M,"5,000,000+",Free,0,Teen,Health & Fitness,2018-04-07,10.0,4.0.3 and up,5000000.0,0.0,27.0,Health & Fitness
Map My Ride GPS Cycling Riding,HEALTH_AND_FITNESS,4.5,106547,54M,"1,000,000+",Free,0,Everyone,Health & Fitness,2018-07-27,18.7.1,5.0 and up,1000000.0,0.0,54.0,Health & Fitness
Daily Workouts - Exercise Fitness Routine Trainer,HEALTH_AND_FITNESS,4.4,134195,Varies with device,"10,000,000+",Free,0,Everyone,Health & Fitness,2018-06-14,Varies with device,Varies with device,10000000.0,0.0,,Health & Fitness
Google Fit - Fitness Tracking,HEALTH_AND_FITNESS,3.9,249855,Varies with device,"10,000,000+",Free,0,Everyone,Health & Fitness,2018-07-24,Varies with device,Varies with device,10000000.0,0.0,,Health & Fitness
Sworkit: Workouts & Fitness Plans,HEALTH_AND_FITNESS,4.6,109756,78M,"5,000,000+",Free,0,Everyone,Health & Fitness,2018-08-01,8.2.0,4.0.3 and up,5000000.0,0.0,78.0,Health & Fitness
Map My Fitness Workout Trainer,HEALTH_AND_FITNESS,4.4,38343,55M,"1,000,000+",Free,0,Everyone,Health & Fitness,2018-07-27,18.7.1,5.0 and up,1000000.0,0.0,55.0,Health & Fitness
Sports Tracker Running Cycling,HEALTH_AND_FITNESS,4.5,190247,Varies with device,"5,000,000+",Free,0,Everyone,Health & Fitness,2018-08-03,Varies with device,Varies with device,5000000.0,0.0,,Health & Fitness
Seven - 7 Minute Workout Training Challenge,HEALTH_AND_FITNESS,4.5,75571,Varies with device,"1,000,000+",Free,0,Everyone,Health & Fitness,2018-08-03,7.2.5,Varies with device,1000000.0,0.0,,Health & Fitness
Daily Yoga - Yoga Fitness Plans,HEALTH_AND_FITNESS,4.4,70769,35M,"5,000,000+",Free,0,Everyone,Health & Fitness,2018-07-24,6.2.73,4.0 and up,5000000.0,0.0,35.0,Health & Fitness
Pocket Yoga,HEALTH_AND_FITNESS,4.4,2107,Varies with device,"100,000+",Paid,$2.99,Everyone,Health & Fitness,2015-12-22,Varies with device,Varies with device,100000.0,2.99,,Health & Fitness
Relax Meditation: Sleep with Sleep Sounds,HEALTH_AND_FITNESS,4.4,26540,43M,"1,000,000+",Free,0,Everyone,Health & Fitness,2017-02-09,2.5.1,4.0.3 and up,1000000.0,0.0,43.0,Health & Fitness
Free Meditation - Take a Break,HEALTH_AND_FITNESS,4.2,1608,39M,"100,000+",Free,0,Everyone,Health & Fitness,2016-07-28,6.7,2.3.3 and up,100000.0,0.0,39.0,Health & Fitness
Meditate OM,HEALTH_AND_FITNESS,4.5,19074,4.2M,"1,000,000+",Free,0,Everyone,Health & Fitness,2018-01-17,16.0,4.0 and up,1000000.0,0.0,4.2,Health & Fitness
Yoga - Track Yoga,HEALTH_AND_FITNESS,4.5,7976,44M,"500,000+",Free,0,Everyone,Health & Fitness,2018-07-09,7.0,4.0.3 and up,500000.0,0.0,44.0,Health & Fitness
My Chakra Meditation,HEALTH_AND_FITNESS,4.4,7586,45M,"500,000+",Free,0,Everyone,Health & Fitness,2018-04-10,1.0.6,2.3.3 and up,500000.0,0.0,45.0,Health & Fitness
Relax with Andrew Johnson Lite,HEALTH_AND_FITNESS,4.3,2885,Varies with device,"100,000+",Free,0,Everyone,Health & Fitness,2012-06-19,Varies with device,Varies with device,100000.0,0.0,,Health & Fitness
"Meditation Music - Relax, Yoga",HEALTH_AND_FITNESS,4.6,48226,28M,"1,000,000+",Free,0,Everyone,Health & Fitness,2018-03-05,3.1.9,4.0.3 and up,1000000.0,0.0,28.0,Health & Fitness
Meditation Studio,HEALTH_AND_FITNESS,4.6,1026,29M,"10,000+",Paid,$3.99,Everyone,Health & Fitness,2018-05-15,1.0.6,4.3 and up,10000.0,3.99,29.0,Health & Fitness
Down Dog: Great Yoga Anywhere,HEALTH_AND_FITNESS,4.9,28945,12M,"500,000+",Free,0,Teen,Health & Fitness,2018-05-17,2.6.1,4.2 and up,500000.0,0.0,12.0,Health & Fitness
21-Day Meditation Experience,HEALTH_AND_FITNESS,4.4,11506,15M,"100,000+",Free,0,Everyone,Health & Fitness,2018-08-02,3.0.0,4.1 and up,100000.0,0.0,15.0,Health & Fitness
My Chakra Meditation 2,HEALTH_AND_FITNESS,4.3,1288,31M,"100,000+",Free,0,Everyone,Health & Fitness,2018-04-10,2.0.4,2.3.3 and up,100000.0,0.0,31.0,Health & Fitness
Simply Yoga - Fitness Trainer for Workouts & Poses,HEALTH_AND_FITNESS,4.1,6826,Varies with device,"1,000,000+",Free,0,Everyone,Health & Fitness,2018-06-14,Varies with device,Varies with device,1000000.0,0.0,,Health & Fitness
"Calm - Meditate, Sleep, Relax",HEALTH_AND_FITNESS,4.6,111450,Varies with device,"5,000,000+",Free,0,Everyone,Health & Fitness,2018-08-05,Varies with device,Varies with device,5000000.0,0.0,,Health & Fitness
Relax Melodies P: Sleep Sounds,HEALTH_AND_FITNESS,4.8,19543,Varies with device,"100,000+",Paid,$2.99,Everyone,Health & Fitness,2018-01-19,Varies with device,Varies with device,100000.0,2.99,,Health & Fitness
Relax Melodies: Sleep Sounds,HEALTH_AND_FITNESS,4.5,233243,Varies with device,"5,000,000+",Free,0,Everyone,Health & Fitness,2018-07-23,Varies with device,Varies with device,5000000.0,0.0,,Health & Fitness
Simple Habit Meditation,HEALTH_AND_FITNESS,4.7,11689,20M,"500,000+",Free,0,Everyone,Health & Fitness,2018-07-27,1.29.15,4.4 and up,500000.0,0.0,20.0,Health & Fitness
Headspace: Meditation & Mindfulness,HEALTH_AND_FITNESS,4.6,77563,39M,"10,000,000+",Free,0,Everyone,Health & Fitness,2018-07-23,3.6.4,4.2 and up,10000000.0,0.0,39.0,Health & Fitness
Yoga Studio: Mind & Body,HEALTH_AND_FITNESS,4.3,5499,94M,"100,000+",Free,0,Everyone,Health & Fitness,2018-07-23,2.0.16,4.1 and up,100000.0,0.0,94.0,Health & Fitness
Pregnancy & Baby Tracker,HEALTH_AND_FITNESS,4.6,48286,Varies with device,"1,000,000+",Free,0,Everyone,Health & Fitness,2018-07-27,Varies with device,Varies with device,1000000.0,0.0,,Health & Fitness
My Cycles Period and Ovulation,HEALTH_AND_FITNESS,4.3,26652,41M,"1,000,000+",Free,0,Everyone,Health & Fitness,2018-05-04,2.3.3,4.0.3 and up,1000000.0,0.0,41.0,Health & Fitness
I’m Expecting - Pregnancy App,HEALTH_AND_FITNESS,4.6,71269,49M,"1,000,000+",Free,0,Everyone,Health & Fitness,2018-03-30,2.3.2,4.0.3 and up,1000000.0,0.0,49.0,Health & Fitness
The Bump Pregnancy Tracker,HEALTH_AND_FITNESS,4.6,20301,22M,"1,000,000+",Free,0,Everyone,Health & Fitness,2018-05-16,3.22,4.3 and up,1000000.0,0.0,22.0,Health & Fitness
My Days - Ovulation Calendar & Period Tracker ™,HEALTH_AND_FITNESS,4.5,93691,Varies with device,"5,000,000+",Free,0,Everyone,Health & Fitness,2018-07-05,Varies with device,Varies with device,5000000.0,0.0,,Health & Fitness
Best Ovulation Tracker Fertility Calendar App Glow,HEALTH_AND_FITNESS,4.6,56145,23M,"1,000,000+",Free,0,Everyone,Health & Fitness,2018-08-01,7.3.4-play,5.0 and up,1000000.0,0.0,23.0,Health & Fitness
"Eve Period Tracker - Love, Sex & Relationships App",HEALTH_AND_FITNESS,4.6,20326,28M,"1,000,000+",Free,0,Teen,Health & Fitness,2018-08-04,2.9.18,4.1 and up,1000000.0,0.0,28.0,Health & Fitness
Fertility Friend Ovulation App,HEALTH_AND_FITNESS,4.5,12955,7.2M,"1,000,000+",Free,0,Teen,Health & Fitness,2018-06-27,10.24,4.4 and up,1000000.0,0.0,7.2,Health & Fitness
Pregnancy Tracker,HEALTH_AND_FITNESS,4.1,2681,6.5M,"500,000+",Free,0,Everyone,Health & Fitness,2018-02-10,37,4.0.3 and up,500000.0,0.0,6.5,Health & Fitness
Period Tracker,HEALTH_AND_FITNESS,4.5,325738,Varies with device,"10,000,000+",Free,0,Everyone,Health & Fitness,2018-07-28,Varies with device,Varies with device,10000000.0,0.0,,Health & Fitness
"Spot On Period, Birth Control, & Cycle Tracker",HEALTH_AND_FITNESS,4.6,4102,24M,"500,000+",Free,0,Everyone 10+,Health & Fitness,2018-07-19,2.6.1,4.2 and up,500000.0,0.0,24.0,Health & Fitness
OvuView: Ovulation and Fertility,HEALTH_AND_FITNESS,4.5,40296,Varies with device,"1,000,000+",Free,0,Everyone,Health & Fitness,2018-06-15,Varies with device,Varies with device,1000000.0,0.0,,Health & Fitness
Period Tracker - Period Calendar Ovulation Tracker,HEALTH_AND_FITNESS,4.8,4559407,Varies with device,"100,000,000+",Free,0,Everyone,Health & Fitness,2018-08-01,Varies with device,Varies with device,100000000.0,0.0,,Health & Fitness
Period Tracker Clue: Period and Ovulation Tracker,HEALTH_AND_FITNESS,4.8,570242,20M,"10,000,000+",Free,0,Everyone,Health & Fitness,2018-08-02,5.0.2,4.1 and up,10000000.0,0.0,20.0,Health & Fitness
WomanLog Calendar,HEALTH_AND_FITNESS,4.5,121838,15M,"5,000,000+",Free,0,Everyone,Health & Fitness,2018-05-23,5.5.1,4.0.3 and up,5000000.0,0.0,15.0,Health & Fitness
Geocaching®,HEALTH_AND_FITNESS,4.1,62616,Varies with device,"5,000,000+",Free,0,Teen,Health & Fitness,2018-08-02,Varies with device,Varies with device,5000000.0,0.0,,Health & Fitness
Map My Hike GPS Hiking,HEALTH_AND_FITNESS,4.4,12858,55M,"500,000+",Free,0,Everyone,Health & Fitness,2018-07-27,18.7.1,5.0 and up,500000.0,0.0,55.0,Health & Fitness
"ViewRanger - Hike, Ride or Walk",HEALTH_AND_FITNESS,4.2,34356,Varies with device,"1,000,000+",Free,0,Everyone,Health & Fitness,2018-07-31,Varies with device,Varies with device,1000000.0,0.0,,Health & Fitness
Runtastic Mountain Bike GPS Tracker,HEALTH_AND_FITNESS,4.5,50679,38M,"1,000,000+",Free,0,Everyone,Health & Fitness,2018-08-01,3.6.2,4.4 and up,1000000.0,0.0,38.0,Health & Fitness
"AllTrails: Hiking, Running & Mountain Bike Trails",HEALTH_AND_FITNESS,4.3,16943,32M,"1,000,000+",Free,0,Everyone,Health & Fitness,2018-07-30,8.8.14,4.4 and up,1000000.0,0.0,32.0,Health & Fitness
Water Drink Reminder,HEALTH_AND_FITNESS,4.6,524299,Varies with device,"10,000,000+",Free,0,Everyone,Health & Fitness,2018-06-29,Varies with device,Varies with device,10000000.0,0.0,,Health & Fitness
"Zombies, Run! 5k Training (Free)",HEALTH_AND_FITNESS,4.0,267,Varies with device,"50,000+",Free,0,Teen,Health & Fitness,2018-08-01,Varies with device,Varies with device,50000.0,0.0,,Health & Fitness
Tracks,HEALTH_AND_FITNESS,4.6,623,40M,"50,000+",Free,0,Everyone 10+,Health & Fitness,2017-07-17,1.2.3,4.0.3 and up,50000.0,0.0,40.0,Health & Fitness
"YAZIO Calorie Counter, Nutrition Diary & Diet Plan",HEALTH_AND_FITNESS,4.6,117176,Varies with device,"5,000,000+",Free,0,Everyone,Health & Fitness,2018-07-07,Varies with device,Varies with device,5000000.0,0.0,,Health & Fitness
"Technutri - calorie counter, diet and carb tracker",HEALTH_AND_FITNESS,4.4,70416,23M,"5,000,000+",Free,0,Everyone,Health & Fitness,2018-07-27,3.19.4,4.1 and up,5000000.0,0.0,23.0,Health & Fitness
Couch to 5K by RunDouble,HEALTH_AND_FITNESS,4.7,15674,6.1M,"1,000,000+",Free,0,Everyone,Health & Fitness,2018-07-31,4.5.4,4.1 and up,1000000.0,0.0,6.1,Health & Fitness
Fooducate Healthy Weight Loss & Calorie Counter,HEALTH_AND_FITNESS,4.4,14402,Varies with device,"1,000,000+",Free,0,Everyone,Health & Fitness,2018-08-03,Varies with device,Varies with device,1000000.0,0.0,,Health & Fitness
My Diet Coach - Weight Loss Motivation & Tracker,HEALTH_AND_FITNESS,4.4,141163,Varies with device,"10,000,000+",Free,0,Everyone,Health & Fitness,2018-06-11,Varies with device,Varies with device,10000000.0,0.0,,Health & Fitness
Lose It! - Calorie Counter,HEALTH_AND_FITNESS,4.4,69395,Varies with device,"10,000,000+",Free,0,Everyone,Health & Fitness,2018-08-03,Varies with device,Varies with device,10000000.0,0.0,,Health & Fitness
Calorie Counter - MyNetDiary,HEALTH_AND_FITNESS,4.5,27439,19M,"1,000,000+",Free,0,Everyone,Health & Fitness,2018-07-16,6.5.1,5.0 and up,1000000.0,0.0,19.0,Health & Fitness
10 Best Foods for You,HEALTH_AND_FITNESS,4.0,2490,3.8M,"500,000+",Free,0,Everyone 10+,Health & Fitness,2017-02-17,1.9,2.3.3 and up,500000.0,0.0,3.8,Health & Fitness
MyPlate Calorie Tracker,HEALTH_AND_FITNESS,4.6,24094,18M,"1,000,000+",Free,0,Everyone,Health & Fitness,2018-07-09,3.3.0(1),4.1 and up,1000000.0,0.0,18.0,Health & Fitness
My Diet Diary Calorie Counter,HEALTH_AND_FITNESS,4.1,18539,57M,"1,000,000+",Free,0,Everyone,Health & Fitness,2018-07-30,1.11.4,4.0.3 and up,1000000.0,0.0,57.0,Health & Fitness
Calorie Counter - Macros,HEALTH_AND_FITNESS,4.0,3061,5.5M,"100,000+",Free,0,Everyone,Health & Fitness,2016-08-27,2.3.4,5.0 and up,100000.0,0.0,5.5,Health & Fitness
Calorie Counter by FatSecret,HEALTH_AND_FITNESS,4.4,229210,Varies with device,"10,000,000+",Free,0,Everyone,Health & Fitness,2018-07-31,Varies with device,Varies with device,10000000.0,0.0,,Health & Fitness
Weight Loss Tracker - RecStyle,HEALTH_AND_FITNESS,4.4,20547,5.7M,"1,000,000+",Free,0,Everyone,Health & Fitness,2017-11-29,3.2.7,4.1 and up,1000000.0,0.0,5.7,Health & Fitness
Lark - 24/7 Health Coach,HEALTH_AND_FITNESS,4.1,3405,51M,"100,000+",Free,0,Everyone,Health & Fitness,2018-07-25,4.5.1.123,4.4 and up,100000.0,0.0,51.0,Health & Fitness
MealLogger-Photo Food Journal,HEALTH_AND_FITNESS,3.5,217,9.4M,"50,000+",Free,0,Teen,Health & Fitness,2017-08-23,4.6.2,4.0.3 and up,50000.0,0.0,9.4,Health & Fitness
Health and Nutrition Guide,HEALTH_AND_FITNESS,4.3,7895,3.3M,"500,000+",Free,0,Everyone,Health & Fitness,2018-07-15,3.3,4.0 and up,500000.0,0.0,3.3,Health & Fitness
Calorie Counter & Diet Tracker,HEALTH_AND_FITNESS,4.5,32606,Varies with device,"1,000,000+",Free,0,Everyone,Health & Fitness,2018-03-22,Varies with device,Varies with device,1000000.0,0.0,,Health & Fitness
Food Calorie Calculator,HEALTH_AND_FITNESS,4.2,1324,4.0M,"100,000+",Free,0,Everyone,Health & Fitness,2018-01-29,10.2.0,4.0 and up,100000.0,0.0,4.0,Health & Fitness
Monitor Your Weight,HEALTH_AND_FITNESS,4.5,126017,4.3M,"5,000,000+",Free,0,Everyone,Health & Fitness,2018-07-05,4.9.8.1,4.0 and up,5000000.0,0.0,4.3,Health & Fitness
Eat Fit - Diet and Health Free,HEALTH_AND_FITNESS,4.1,2469,3.6M,"100,000+",Free,0,Everyone,Health & Fitness,2014-07-23,1.0.9,2.3 and up,100000.0,0.0,3.6,Health & Fitness
Self Healing,HEALTH_AND_FITNESS,4.5,14394,9.9M,"500,000+",Free,0,Everyone,Health & Fitness,2017-07-16,Public.Heal,4.0.3 and up,500000.0,0.0,9.9,Health & Fitness
Happify,HEALTH_AND_FITNESS,3.7,1812,37M,"100,000+",Free,0,Everyone,Health & Fitness,2018-07-24,1.31.0-15160.950adac99,4.4 and up,100000.0,0.0,37.0,Health & Fitness
Binaural Beats Therapy,HEALTH_AND_FITNESS,4.3,13724,Varies with device,"1,000,000+",Free,0,Everyone,Health & Fitness,2017-08-17,Varies with device,Varies with device,1000000.0,0.0,,Health & Fitness
Pacifica - Stress & Anxiety,HEALTH_AND_FITNESS,4.5,10253,Varies with device,"500,000+",Free,0,Teen,Health & Fitness,2018-07-09,6.3.1,Varies with device,500000.0,0.0,,Health & Fitness
Relaxing Sounds,HEALTH_AND_FITNESS,4.6,4642,40M,"100,000+",Free,0,Everyone,Health & Fitness,2017-03-11,1.92,4.1 and up,100000.0,0.0,40.0,Health & Fitness
White Sound Pro,HEALTH_AND_FITNESS,4.7,16570,73M,"500,000+",Free,0,Everyone,Health & Fitness,2018-07-29,4.8.0,4.4 and up,500000.0,0.0,73.0,Health & Fitness
Insight Timer - Free Meditation App,HEALTH_AND_FITNESS,4.6,20161,Varies with device,"1,000,000+",Free,0,Everyone,Health & Fitness,2018-08-01,Varies with device,Varies with device,1000000.0,0.0,,Health & Fitness
Self-help Anxiety Management,HEALTH_AND_FITNESS,4.0,2894,23M,"500,000+",Free,0,Everyone 10+,Health & Fitness,2017-02-22,1.2.6,4.0.3 and up,500000.0,0.0,23.0,Health & Fitness
Brain Waves - Binaural Beats,HEALTH_AND_FITNESS,4.4,5038,10M,"500,000+",Free,0,Everyone,Health & Fitness,2018-07-15,5.2,4.4 and up,500000.0,0.0,10.0,Health & Fitness
Prana Breath: Calm & Meditate,HEALTH_AND_FITNESS,4.8,31665,8.4M,"1,000,000+",Free,0,Everyone,Health & Fitness,2018-07-19,8.2.0_8,4.0 and up,1000000.0,0.0,8.4,Health & Fitness
7 Cups: Anxiety & Stress Chat,HEALTH_AND_FITNESS,4.2,13799,Varies with device,"500,000+",Free,0,Teen,Health & Fitness,2018-07-31,Varies with device,Varies with device,500000.0,0.0,,Health & Fitness
Runtastic Sleep Better: Sleep Cycle & Smart Alarm,HEALTH_AND_FITNESS,4.1,111462,Varies with device,"5,000,000+",Free,0,Everyone,Health & Fitness,2018-07-25,Varies with device,Varies with device,5000000.0,0.0,,Health & Fitness
White Noise Lite,HEALTH_AND_FITNESS,4.4,57634,41M,"1,000,000+",Free,0,Everyone,Health & Fitness,2018-06-25,7.4,4.1 and up,1000000.0,0.0,41.0,Health & Fitness
"Stop, Breathe & Think: Meditation & Mindfulness",HEALTH_AND_FITNESS,4.3,8576,Varies with device,"1,000,000+",Free,0,Everyone,Health & Fitness,2018-07-28,Varies with device,Varies with device,1000000.0,0.0,,Health & Fitness
Zillow: Find Houses for Sale & Apartments for Rent,HOUSE_AND_HOME,4.5,417907,34M,"10,000,000+",Free,0,Everyone,House & Home,2018-08-01,9.8.1.7425,4.4 and up,10000000.0,0.0,34.0,House & Home
"Viva Decora - Decoration, Photos, Architecture, House",HOUSE_AND_HOME,4.8,3167,7.5M,"100,000+",Free,0,Everyone,House & Home,2018-08-03,2.0.0,5.0 and up,100000.0,0.0,7.5,House & Home
Apartments & Rentals - Zillow,HOUSE_AND_HOME,4.2,27386,Varies with device,"1,000,000+",Free,0,Everyone,House & Home,2018-06-21,Varies with device,Varies with device,1000000.0,0.0,,House & Home
Realtor.com Real Estate: Homes for Sale and Rent,HOUSE_AND_HOME,4.5,162243,12M,"10,000,000+",Free,0,Everyone,House & Home,2018-07-26,8.18,4.0.3 and up,10000000.0,0.0,12.0,House & Home
Real Estate sale & rent Trovit,HOUSE_AND_HOME,4.1,65913,7.7M,"5,000,000+",Free,0,Everyone,House & Home,2018-07-16,4.47.3,4.0.3 and up,5000000.0,0.0,7.7,House & Home
"591 housing transactions - renting houses, middle-class houses, new cases, real-time registration, villas through the sky, apartment suites, MRT, buying a house selling prices, housing mortgages",HOUSE_AND_HOME,4.1,24977,21M,"1,000,000+",Free,0,Everyone,House & Home,2018-08-01,3.5.9,4.0.3 and up,1000000.0,0.0,21.0,House & Home
"Homes.com 🏠 For Sale, Rent",HOUSE_AND_HOME,4.0,6000,18M,"1,000,000+",Free,0,Everyone,House & Home,2018-07-28,9.6.8,4.1 and up,1000000.0,0.0,18.0,House & Home
"CYANOGEN. Rent, buy an apartment, a room, a cottage 3+",HOUSE_AND_HOME,4.3,37711,40M,"1,000,000+",Free,0,Everyone,House & Home,2018-07-31,2.51.0,4.4 and up,1000000.0,0.0,40.0,House & Home
Trulia Real Estate & Rentals,HOUSE_AND_HOME,4.5,175293,Varies with device,"10,000,000+",Free,0,Everyone,House & Home,2018-07-24,Varies with device,Varies with device,10000000.0,0.0,,House & Home
Latest 2018 Home Designs,HOUSE_AND_HOME,,174,8.7M,"10,000+",Free,0,Everyone,House & Home,2018-07-26,1.1,2.3 and up,10000.0,0.0,8.7,House & Home
Houzz Interior Design Ideas,HOUSE_AND_HOME,4.6,353799,Varies with device,"10,000,000+",Free,0,Everyone,House & Home,2018-08-01,Varies with device,Varies with device,10000000.0,0.0,,House & Home
Good room network fast rent,HOUSE_AND_HOME,3.7,2758,8.6M,"500,000+",Free,0,Everyone,House & Home,2018-06-25,4.2.3,4.0 and up,500000.0,0.0,8.6,House & Home
Yongqing fast search,HOUSE_AND_HOME,3.7,1437,Varies with device,"100,000+",Free,0,Everyone,House & Home,2018-08-02,Varies with device,Varies with device,100000.0,0.0,,House & Home
LIFULL HOME'S,HOUSE_AND_HOME,4.2,7573,18M,"1,000,000+",Free,0,Everyone,House & Home,2018-07-25,8.2.1,4.2 and up,1000000.0,0.0,18.0,House & Home
"Apartment List: Housing, Apt, and Property Rentals",HOUSE_AND_HOME,4.5,8481,7.5M,"1,000,000+",Free,0,Everyone,House & Home,2018-08-03,2.1.0,5.0 and up,1000000.0,0.0,7.5,House & Home
Gold Butterfly Keyboard Theme,HOUSE_AND_HOME,4.3,10054,9.1M,"1,000,000+",Free,0,Everyone,House & Home,2018-07-12,6.7.12.2018,4.0.3 and up,1000000.0,0.0,9.1,House & Home
"Apartment, Home Rental Search: Realtor.com Rentals",HOUSE_AND_HOME,3.9,10117,13M,"1,000,000+",Free,0,Everyone,House & Home,2018-06-29,3.6,4.0.3 and up,1000000.0,0.0,13.0,House & Home
Living Smart Home,HOUSE_AND_HOME,4.6,39189,Varies with device,"1,000,000+",Free,0,Everyone,House & Home,2018-07-30,Varies with device,Varies with device,1000000.0,0.0,,House & Home
591 Housing Trading - Hong Kong,HOUSE_AND_HOME,4.3,3522,15M,"100,000+",Free,0,Everyone,House & Home,2018-08-02,3.10.8,4.0 and up,100000.0,0.0,15.0,House & Home
Trulia Rent Apartments & Homes,HOUSE_AND_HOME,4.4,71419,Varies with device,"5,000,000+",Free,0,Everyone,House & Home,2018-07-24,Varies with device,Varies with device,5000000.0,0.0,,House & Home
Redfin Real Estate,HOUSE_AND_HOME,4.6,36857,19M,"1,000,000+",Free,0,Everyone,House & Home,2018-07-25,220.0,5.0 and up,1000000.0,0.0,19.0,House & Home
"Domofond Real Estate. Buy, rent an apartment.",HOUSE_AND_HOME,4.5,39123,Varies with device,"1,000,000+",Free,0,Everyone,House & Home,2018-08-03,Varies with device,Varies with device,1000000.0,0.0,,House & Home
"realestate.com.au - Buy, Rent & Sell Property",HOUSE_AND_HOME,3.8,14653,Varies with device,"1,000,000+",Free,0,Everyone,House & Home,2018-07-16,Varies with device,Varies with device,1000000.0,0.0,,House & Home
Yes319 real price login query,HOUSE_AND_HOME,,12,5.1M,"5,000+",Free,0,Everyone,House & Home,2018-07-12,1.04,4.0.3 and up,5000.0,0.0,5.1,House & Home
DaBang - Rental Homes in Korea,HOUSE_AND_HOME,4.4,23013,26M,"5,000,000+",Free,0,Everyone,House & Home,2018-07-17,3.2.4,4.1 and up,5000000.0,0.0,26.0,House & Home
DIY On A Budget,HOUSE_AND_HOME,4.7,114,8.3M,"10,000+",Free,0,Teen,House & Home,2018-02-18,2.1,4.1 and up,10000.0,0.0,8.3,House & Home
Free Foreclosure Real Estate Search by USHUD.com,HOUSE_AND_HOME,3.4,287,27M,"100,000+",Free,0,Everyone,House & Home,2018-05-29,2.4.2,4.4 and up,100000.0,0.0,27.0,House & Home
Mortgage by Zillow: Calculator & Rates,HOUSE_AND_HOME,4.3,4435,7.9M,"500,000+",Free,0,Everyone,House & Home,2016-03-02,2.6.0.287,4.0 and up,500000.0,0.0,7.9,House & Home
Home Security Camera WardenCam - reuse old phones,HOUSE_AND_HOME,4.3,43800,Varies with device,"1,000,000+",Free,0,Everyone,House & Home,2018-07-06,Varies with device,Varies with device,1000000.0,0.0,,House & Home
Room planner: Interior & Floorplan Design for IKEA,HOUSE_AND_HOME,4.0,4281,27M,"100,000+",Free,0,Everyone,House & Home,2018-08-05,858,4.0.3 and up,100000.0,0.0,27.0,House & Home
Rent.com Apartment Homes,HOUSE_AND_HOME,4.0,7508,5.1M,"1,000,000+",Free,0,Everyone,House & Home,2018-07-09,7.9.0,5.0 and up,1000000.0,0.0,5.1,House & Home
Good house to buy a house,HOUSE_AND_HOME,3.8,491,15M,"100,000+",Free,0,Everyone,House & Home,2018-07-25,2.6.0,4.0.3 and up,100000.0,0.0,15.0,House & Home
LH Housing Promotion Notice,HOUSE_AND_HOME,,160,3.1M,"100,000+",Free,0,Everyone,House & Home,2017-09-19,1.2.0,4.0 and up,100000.0,0.0,3.1,House & Home
Apartments.com Rental Search,HOUSE_AND_HOME,4.3,22584,16M,"1,000,000+",Free,0,Everyone,House & Home,2018-07-16,4.7.13,4.4 and up,1000000.0,0.0,16.0,House & Home
Hemnet,HOUSE_AND_HOME,3.6,4087,9.2M,"500,000+",Free,0,Everyone,House & Home,2018-07-16,4.3.0,4.1 and up,500000.0,0.0,9.2,House & Home
At home - rental · real estate · room finding application such as apartment · apartment,HOUSE_AND_HOME,3.8,2496,Varies with device,"500,000+",Free,0,Everyone,House & Home,2018-07-05,Varies with device,Varies with device,500000.0,0.0,,House & Home
Alfred Home Security Camera,HOUSE_AND_HOME,4.5,103305,Varies with device,"5,000,000+",Free,0,Everyone,House & Home,2018-07-31,Varies with device,Varies with device,5000000.0,0.0,,House & Home
House app: beautiful everyday ~,HOUSE_AND_HOME,4.6,2669,10M,"500,000+",Free,0,Teen,House & Home,2018-08-03,2.0.6.9,4.1 and up,500000.0,0.0,10.0,House & Home
Home tips and advice,HOUSE_AND_HOME,,10,2.6M,"5,000+",Free,0,Everyone,House & Home,2017-12-28,2.0,4.0.3 and up,5000.0,0.0,2.6,House & Home
"N1.RU - Real estate: apartments, new buildings, lodging",HOUSE_AND_HOME,4.5,7619,13M,"100,000+",Free,0,Everyone,House & Home,2018-07-12,1.22.0,4.0.3 and up,100000.0,0.0,13.0,House & Home
Ruler,HOUSE_AND_HOME,4.7,126,1.9M,"10,000+",Free,0,Everyone,House & Home,2017-08-21,1.0,4.0 and up,10000.0,0.0,1.9,House & Home
Home Decor Showpiece Art making: Medium Difficulty,HOUSE_AND_HOME,4.3,273,7.0M,"50,000+",Free,0,Everyone,House & Home,2018-05-30,1.2,4.0.3 and up,50000.0,0.0,7.0,House & Home
"乐屋网: Buying a house, selling a house, renting a house",HOUSE_AND_HOME,3.7,2248,15M,"100,000+",Free,0,Everyone,House & Home,2018-08-03,v3.1.1,4.0 and up,100000.0,0.0,15.0,House & Home
Real estate court auction information site - Hyundai court auction,HOUSE_AND_HOME,,10,4.2M,"10,000+",Free,0,Everyone,House & Home,2018-08-02,1.2,4.3 and up,10000.0,0.0,4.2,House & Home
iProperty Malaysia,HOUSE_AND_HOME,4.2,809,7.8M,"100,000+",Free,0,Everyone,House & Home,2018-07-25,1.6.1.2,4.0 and up,100000.0,0.0,7.8,House & Home
ColorSnap® Visualizer,HOUSE_AND_HOME,3.4,3280,77M,"1,000,000+",Free,0,Everyone,House & Home,2018-06-29,5.0.1,4.0.3 and up,1000000.0,0.0,77.0,House & Home
Apartment Decorating Ideas,HOUSE_AND_HOME,3.9,1478,5.7M,"100,000+",Free,0,Everyone,House & Home,2015-03-13,1.2,3.0 and up,100000.0,0.0,5.7,House & Home
Bedroom Decorating Ideas,HOUSE_AND_HOME,4.0,2382,5.9M,"500,000+",Free,0,Everyone,House & Home,2015-04-07,1.7,3.0 and up,500000.0,0.0,5.9,House & Home
Room Painting Ideas,HOUSE_AND_HOME,4.0,4450,7.6M,"1,000,000+",Free,0,Everyone,House & Home,2015-03-17,1.7,3.0 and up,1000000.0,0.0,7.6,House & Home
Kitchen Island Ideas,HOUSE_AND_HOME,4.0,515,5.8M,"50,000+",Free,0,Everyone,House & Home,2015-05-30,1.5,3.0 and up,50000.0,0.0,5.8,House & Home
Living Room Decorating Ideas,HOUSE_AND_HOME,4.0,4465,5.8M,"1,000,000+",Free,0,Everyone,House & Home,2015-03-06,1.7,3.0 and up,1000000.0,0.0,5.8,House & Home
Bathroom Decorating Ideas,HOUSE_AND_HOME,4.1,2427,5.3M,"500,000+",Free,0,Everyone,House & Home,2015-03-12,1.4,3.0 and up,500000.0,0.0,5.3,House & Home
Wall Decorating Ideas,HOUSE_AND_HOME,3.9,6631,5.5M,"1,000,000+",Free,0,Everyone,House & Home,2015-03-11,1.5,3.0 and up,1000000.0,0.0,5.5,House & Home
Zumper - Apartment Rental Finder,HOUSE_AND_HOME,4.4,11200,25M,"1,000,000+",Free,0,Everyone,House & Home,2018-07-16,4.5.15,5.0 and up,1000000.0,0.0,25.0,House & Home
RadPad: Apartment Finder App,HOUSE_AND_HOME,4.4,6896,35M,"500,000+",Free,0,Everyone,House & Home,2017-08-30,1.7.3,4.1 and up,500000.0,0.0,35.0,House & Home
Homesnap Real Estate & Rentals,HOUSE_AND_HOME,4.3,3834,30M,"500,000+",Free,0,Everyone,House & Home,2018-07-31,5.20.38,4.2 and up,500000.0,0.0,30.0,House & Home
Trulia Mortgage Calculators,HOUSE_AND_HOME,4.1,81,16M,"50,000+",Free,0,Everyone,House & Home,2018-02-16,2.1.0,4.4 and up,50000.0,0.0,16.0,House & Home
Public Digital Library,LIBRARIES_AND_DEMO,3.9,2087,Varies with device,"50,000+",Free,0,Everyone,Libraries & Demo,2018-07-30,Varies with device,Varies with device,50000.0,0.0,,Libraries & Demo
Quotes,LIBRARIES_AND_DEMO,4.4,58,15M,"10,000+",Free,0,Everyone,Libraries & Demo,2018-07-06,1.0,4.0.3 and up,10000.0,0.0,15.0,Libraries & Demo
Best New Ringtones 2018 Free 🔥 For Android™,LIBRARIES_AND_DEMO,4.6,3014,21M,"100,000+",Free,0,Everyone,Libraries & Demo,2018-06-27,1.1,5.0 and up,100000.0,0.0,21.0,Libraries & Demo
Lamp detector,LIBRARIES_AND_DEMO,,5,1.8M,"1,000+",Free,0,Everyone,Libraries & Demo,2018-04-23,4.4.2,2.3.3 and up,1000.0,0.0,1.8,Libraries & Demo
SUDOKU,LIBRARIES_AND_DEMO,4.1,923,4.3M,"100,000+",Free,0,Everyone,Libraries & Demo,2015-10-15,3.1,2.3 and up,100000.0,0.0,4.3,Libraries & Demo
General culture,LIBRARIES_AND_DEMO,,26,10M,"10,000+",Free,0,Everyone,Libraries & Demo,2018-02-20,1.2,4.0 and up,10000.0,0.0,10.0,Libraries & Demo
Luffs,LIBRARIES_AND_DEMO,,487,3.7M,"100,000+",Free,0,Everyone,Libraries & Demo,2018-01-16,1.0,4.0.3 and up,100000.0,0.0,3.7,Libraries & Demo
Aviary Effects: Classic,LIBRARIES_AND_DEMO,3.8,67007,232k,"5,000,000+",Free,0,Everyone,Libraries & Demo,2013-03-06,1.2.0,2.2 and up,5000000.0,0.0,0.2265625,Libraries & Demo
Chakra Cleansing,LIBRARIES_AND_DEMO,4.6,539,99M,"50,000+",Free,0,Everyone,Libraries & Demo,2018-08-02,7.0,4.0.3 and up,50000.0,0.0,99.0,Libraries & Demo
Aviary Stickers: Free Pack,LIBRARIES_AND_DEMO,3.5,126862,624k,"10,000,000+",Free,0,Everyone,Libraries & Demo,2012-01-17,1.0,2.2 and up,10000000.0,0.0,0.609375,Libraries & Demo
Call Recorder,LIBRARIES_AND_DEMO,4.7,48,6.9M,"1,000+",Free,0,Everyone,Libraries & Demo,2018-05-25,1.7.2.10,4.0 and up,1000.0,0.0,6.9,Libraries & Demo
Pink Water Sakura Keyboard Theme,LIBRARIES_AND_DEMO,4.3,1465,7.0M,"100,000+",Free,0,Everyone,Libraries & Demo,2018-07-09,6.7.5,4.0.3 and up,100000.0,0.0,7.0,Libraries & Demo
auto Call Recorder 2018,LIBRARIES_AND_DEMO,4.5,929,7.0M,"50,000+",Free,0,Everyone,Libraries & Demo,2018-02-16,1.02.2018.11,4.0 and up,50000.0,0.0,7.0,Libraries & Demo
converter video to mp3,LIBRARIES_AND_DEMO,4.4,783,6.4M,"100,000+",Free,0,Everyone,Libraries & Demo,2017-06-10,1.6,2.2 and up,100000.0,0.0,6.4,Libraries & Demo
eBiblio,LIBRARIES_AND_DEMO,3.4,2907,Varies with device,"50,000+",Free,0,Everyone,Libraries & Demo,2018-06-22,Varies with device,Varies with device,50000.0,0.0,,Libraries & Demo
chicken song,LIBRARIES_AND_DEMO,4.3,434,16M,"100,000+",Free,0,Everyone,Libraries & Demo,2018-06-06,6.0.0,2.3 and up,100000.0,0.0,16.0,Libraries & Demo
Words (188 Category),LIBRARIES_AND_DEMO,,54,5.9M,"10,000+",Free,0,Everyone,Libraries & Demo,2018-07-04,1.0,4.0.3 and up,10000.0,0.0,5.9,Libraries & Demo
Binaural Beats Meditation,LIBRARIES_AND_DEMO,4.3,411,95M,"50,000+",Free,0,Everyone,Libraries & Demo,2018-06-08,5.0,4.0.3 and up,50000.0,0.0,95.0,Libraries & Demo
Essential Resources,LIBRARIES_AND_DEMO,4.6,237,8.5k,"50,000+",Free,0,Everyone,Libraries & Demo,2017-09-27,1.02,7.1 and up,50000.0,0.0,0.00830078125,Libraries & Demo
MOMOLAND BBoom BBoom,LIBRARIES_AND_DEMO,4.6,2580,20M,"100,000+",Free,0,Everyone,Libraries & Demo,2018-03-08,2.0,2.3 and up,100000.0,0.0,20.0,Libraries & Demo
Cold Spirits,LIBRARIES_AND_DEMO,,363,2.5M,"100,000+",Free,0,Everyone,Libraries & Demo,2017-01-02,1.2,2.3 and up,100000.0,0.0,2.5,Libraries & Demo
Cardboard,LIBRARIES_AND_DEMO,4.2,130272,50M,"10,000,000+",Free,0,Everyone,Libraries & Demo,2016-03-14,1.8,4.1 and up,10000000.0,0.0,50.0,Libraries & Demo
How to sew & make the easiest pattern,LIBRARIES_AND_DEMO,,110,10M,"10,000+",Free,0,Everyone,Libraries & Demo,2017-11-05,1.0,4.0 and up,10000.0,0.0,10.0,Libraries & Demo
I will return his eggs,LIBRARIES_AND_DEMO,,91,18M,"100,000+",Free,0,Everyone,Libraries & Demo,2017-11-16,6.0,2.3 and up,100000.0,0.0,18.0,Libraries & Demo
Bird Sounds & Bird Ringtones for Free 2018,LIBRARIES_AND_DEMO,4.6,130,12M,"10,000+",Free,0,Everyone,Libraries & Demo,2018-02-23,1.0,4.0.3 and up,10000.0,0.0,12.0,Libraries & Demo
Benefits of olive oil with garlic,LIBRARIES_AND_DEMO,,25,2.5M,"10,000+",Free,0,Everyone,Libraries & Demo,2018-06-23,1.0,4.0.3 and up,10000.0,0.0,2.5,Libraries & Demo
Sad hair without net,LIBRARIES_AND_DEMO,,20,2.1M,"5,000+",Free,0,Everyone,Libraries & Demo,2018-03-26,1.0,2.3 and up,5000.0,0.0,2.1,Libraries & Demo
Top Popular Ringtones 2018 Free 🔥,LIBRARIES_AND_DEMO,4.4,7396,22M,"500,000+",Free,0,Everyone,Libraries & Demo,2018-07-06,5.28,4.0.3 and up,500000.0,0.0,22.0,Libraries & Demo
Wifi Connect Library,LIBRARIES_AND_DEMO,3.9,58055,41k,"5,000,000+",Free,0,Everyone,Libraries & Demo,2016-11-07,2.0.3,1.5 and up,5000000.0,0.0,0.0400390625,Libraries & Demo
Super Funny Ringtones 2018 🔔,LIBRARIES_AND_DEMO,4.5,1703,22M,"100,000+",Free,0,Everyone,Libraries & Demo,2018-03-01,3.1,4.0.3 and up,100000.0,0.0,22.0,Libraries & Demo
Apk Installer,LIBRARIES_AND_DEMO,3.8,7750,292k,"1,000,000+",Free,0,Everyone,Libraries & Demo,2011-06-29,1.0,1.6 and up,1000000.0,0.0,0.28515625,Libraries & Demo
SAMSUNG RETAILMODE 2018,LIBRARIES_AND_DEMO,4.3,6,5.5M,"10,000+",Free,0,Everyone,Libraries & Demo,2018-08-03,8.0.20180212,4.2 and up,10000.0,0.0,5.5,Libraries & Demo
OpenCV Manager,LIBRARIES_AND_DEMO,3.7,12657,Varies with device,"1,000,000+",Free,0,Everyone,Libraries & Demo,2015-09-21,3.00,Varies with device,1000000.0,0.0,,Libraries & Demo
Eternal life,LIBRARIES_AND_DEMO,5.0,26,2.5M,"1,000+",Free,0,Everyone,Libraries & Demo,2018-05-24,1.0,1.6 and up,1000.0,0.0,2.5,Libraries & Demo
V380s,LIBRARIES_AND_DEMO,3.2,1919,8.1M,"500,000+",Free,0,Everyone,Libraries & Demo,2018-07-11,5.9.1,4.1 and up,500000.0,0.0,8.1,Libraries & Demo
Cool Popular Ringtones 2018 🔥,LIBRARIES_AND_DEMO,4.5,60170,28M,"1,000,000+",Free,0,Everyone,Libraries & Demo,2018-07-13,2.4,5.0 and up,1000000.0,0.0,28.0,Libraries & Demo
Blackpink as if it's your last,LIBRARIES_AND_DEMO,4.7,831,24M,"100,000+",Free,0,Everyone,Libraries & Demo,2018-02-20,8.0,2.3 and up,100000.0,0.0,24.0,Libraries & Demo
Wifi Test,LIBRARIES_AND_DEMO,4.0,8671,3.1M,"1,000,000+",Free,0,Everyone,Libraries & Demo,2018-07-03,3.6,4.0 and up,1000000.0,0.0,3.1,Libraries & Demo
Patience Words,LIBRARIES_AND_DEMO,,31,3.4M,"10,000+",Free,0,Everyone,Libraries & Demo,2017-12-14,1.0,4.0.3 and up,10000.0,0.0,3.4,Libraries & Demo
Market Update Helper,LIBRARIES_AND_DEMO,4.1,20145,11k,"1,000,000+",Free,0,Everyone,Libraries & Demo,2013-02-12,,1.5 and up,1000000.0,0.0,0.0107421875,Libraries & Demo
Ayyush wih wih new without Net,LIBRARIES_AND_DEMO,3.8,912,13M,"500,000+",Free,0,Everyone,Libraries & Demo,2018-01-09,2.0.0,2.3 and up,500000.0,0.0,13.0,Libraries & Demo
Girls Nancy Ajram Without Net,LIBRARIES_AND_DEMO,4.7,2639,19M,"500,000+",Free,0,Everyone,Libraries & Demo,2017-12-11,6.0,2.3 and up,500000.0,0.0,19.0,Libraries & Demo
R M Lock Screen,LIBRARIES_AND_DEMO,4.5,399,9.5M,"100,000+",Free,0,Everyone,Libraries & Demo,2018-05-22,1.1,4.0.3 and up,100000.0,0.0,9.5,Libraries & Demo
Mama Lala 's song,LIBRARIES_AND_DEMO,,102,21M,"50,000+",Free,0,Everyone,Libraries & Demo,2018-07-01,6.0.0,2.3 and up,50000.0,0.0,21.0,Libraries & Demo
Barcode Scanner,LIBRARIES_AND_DEMO,4.2,3945,9.4M,"500,000+",Free,0,Everyone,Libraries & Demo,2018-01-09,4.2.2,3.2 and up,500000.0,0.0,9.4,Libraries & Demo
Young Speeches,LIBRARIES_AND_DEMO,,2221,2.4M,"500,000+",Free,0,Everyone,Libraries & Demo,2017-01-08,1.1,2.3 and up,500000.0,0.0,2.4,Libraries & Demo
New Ringtones 2018,LIBRARIES_AND_DEMO,4.1,3781,36M,"1,000,000+",Free,0,Everyone,Libraries & Demo,2018-04-15,1.8,4.0 and up,1000000.0,0.0,36.0,Libraries & Demo
EyeCloud,LIBRARIES_AND_DEMO,3.1,1267,55M,"100,000+",Free,0,Everyone,Libraries & Demo,2018-08-02,5.1.2,4.4 and up,100000.0,0.0,55.0,Libraries & Demo
Dollhouse Decorating Games,LIFESTYLE,4.1,18968,32M,"5,000,000+",Free,0,Teen,Lifestyle,2018-04-26,5.1,4.1 and up,5000000.0,0.0,32.0,Lifestyle
metroZONE,LIFESTYLE,4.1,47497,34M,"10,000,000+",Free,0,Everyone,Lifestyle,2018-06-08,5.3.0.54.7,5.0 and up,10000000.0,0.0,34.0,Lifestyle
Easy Hair Style Design,LIFESTYLE,4.3,601,5.1M,"100,000+",Free,0,Everyone,Lifestyle,2017-12-20,1.0,2.3 and up,100000.0,0.0,5.1,Lifestyle
Talking Babsy Baby: Baby Games,LIFESTYLE,4.0,140995,100M,"10,000,000+",Free,0,Everyone,Lifestyle;Pretend Play,2018-07-16,9.0,4.0 and up,10000000.0,0.0,100.0,Lifestyle
"Black Wallpaper, AMOLED, Dark Background: Darkify",LIFESTYLE,4.6,51357,80M,"5,000,000+",Free,0,Everyone,Lifestyle,2018-07-31,8.0,4.0 and up,5000000.0,0.0,80.0,Lifestyle
Girly Wallpapers Backgrounds,LIFESTYLE,4.4,13565,3.3M,"1,000,000+",Free,0,Everyone,Lifestyle,2018-08-05,2.5,4.0 and up,1000000.0,0.0,3.3,Lifestyle
Chart - Myanmar Keyboard,LIFESTYLE,4.4,39364,28M,"5,000,000+",Free,0,Everyone,Lifestyle,2018-07-17,10.19,4.0.3 and up,5000000.0,0.0,28.0,Lifestyle
Easy Makeup Tutorials,LIFESTYLE,4.3,7287,5.0M,"1,000,000+",Free,0,Everyone,Lifestyle,2016-11-03,1.0,2.3 and up,1000000.0,0.0,5.0,Lifestyle
Horoscopes – Daily Zodiac Horoscope and Astrology,LIFESTYLE,4.6,161143,11M,"10,000,000+",Free,0,Everyone 10+,Lifestyle,2018-06-25,5.2.4(881),4.0.3 and up,10000000.0,0.0,11.0,Lifestyle
Entel,LIFESTYLE,3.2,16168,55M,"1,000,000+",Free,0,Everyone,Lifestyle,2018-07-26,2.2.9,4.0.3 and up,1000000.0,0.0,55.0,Lifestyle
ZenUI Safeguard,LIFESTYLE,4.5,100,7.1M,"1,000,000+",Free,0,Everyone,Lifestyle,2018-05-09,1.0.0.21_180410,7.0 - 7.1.1,1000000.0,0.0,7.1,Lifestyle
Live 4D Results ! (MY & SG),LIFESTYLE,4.6,116079,3.2M,"5,000,000+",Free,0,Everyone,Lifestyle,2018-05-20,5.8,2.3 and up,5000000.0,0.0,3.2,Lifestyle
Diary with lock,LIFESTYLE,4.6,815893,4.4M,"10,000,000+",Free,0,Everyone,Lifestyle,2018-06-30,4.90,4.1 and up,10000000.0,0.0,4.4,Lifestyle
FOSSIL Q: DESIGN YOUR DIAL,LIFESTYLE,4.3,985,16M,"500,000+",Free,0,Everyone,Lifestyle,2018-05-31,3.7,7.0 and up,500000.0,0.0,16.0,Lifestyle
Telstra,LIFESTYLE,3.0,4260,6.3M,"5,000,000+",Free,0,Everyone,Lifestyle,2017-08-08,6.1,2.3.3 and up,5000000.0,0.0,6.3,Lifestyle
Family Locator - GPS Tracker,LIFESTYLE,4.4,726074,45M,"10,000,000+",Free,0,Everyone,Lifestyle,2018-08-02,16.7.1,4.4 and up,10000000.0,0.0,45.0,Lifestyle
Van Nien 2018 - Lich Van su & Lich Am,LIFESTYLE,4.4,3829,23M,"1,000,000+",Free,0,Everyone,Lifestyle,2018-06-01,3.9.3,4.1 and up,1000000.0,0.0,23.0,Lifestyle
Safeway,LIFESTYLE,4.3,33572,37M,"1,000,000+",Free,0,Everyone,Lifestyle,2018-08-02,6.2.0,4.4 and up,1000000.0,0.0,37.0,Lifestyle
HTC Speak,LIFESTYLE,3.5,6145,13M,"10,000,000+",Free,0,Everyone,Lifestyle,2016-06-30,8.00.775375,5.0 and up,10000000.0,0.0,13.0,Lifestyle
Kawaii Easy Drawing : How to draw Step by Step,LIFESTYLE,4.3,34327,8.1M,"5,000,000+",Free,0,Everyone,Lifestyle,2018-07-17,2.5.1,4.0 and up,5000000.0,0.0,8.1,Lifestyle
Tattoodo - Find your next tattoo,LIFESTYLE,4.5,7457,13M,"1,000,000+",Free,0,Teen,Lifestyle,2018-08-03,2.4.12-r244,4.1 and up,1000000.0,0.0,13.0,Lifestyle
H&M,LIFESTYLE,3.7,41941,14M,"10,000,000+",Free,0,Everyone,Lifestyle,2018-07-30,9.6.3,4.4 and up,10000000.0,0.0,14.0,Lifestyle
Samsung+,LIFESTYLE,4.5,82145,30M,"50,000,000+",Free,0,Everyone,Lifestyle,2018-07-05,10.19.0.0,4.4 and up,50000000.0,0.0,30.0,Lifestyle
Anime Avatar Creator: Make Your Own Avatar,LIFESTYLE,4.2,10944,36M,"1,000,000+",Free,0,Everyone,Lifestyle,2018-06-15,2.0,4.1 and up,1000000.0,0.0,36.0,Lifestyle
Beautiful Design Birthday Cake,LIFESTYLE,4.3,665,3.0M,"500,000+",Free,0,Everyone,Lifestyle,2018-08-04,2.0,2.3 and up,500000.0,0.0,3.0,Lifestyle
Pronunciation and know the name of the caller from his number,LIFESTYLE,4.6,2167,1.4M,"500,000+",Free,0,Everyone,Lifestyle,2018-01-07,1.0,2.3 and up,500000.0,0.0,1.4,Lifestyle
Super Slime Simulator - Satisfying Slime App,LIFESTYLE,4.5,53652,39M,"1,000,000+",Free,0,Everyone,Lifestyle,2018-08-05,2.15,5.0 and up,1000000.0,0.0,39.0,Lifestyle
Caf - My Account,LIFESTYLE,3.9,18961,1.8M,"5,000,000+",Free,0,Everyone,Lifestyle,2015-09-24,1.1.1,2.3 and up,5000000.0,0.0,1.8,Lifestyle
H Pack,LIFESTYLE,4.3,9412,1.7M,"1,000,000+",Free,0,Everyone,Lifestyle,2016-12-17,1.5.1,4.0.3 and up,1000000.0,0.0,1.7,Lifestyle
Family convenience store FamilyMart,LIFESTYLE,3.3,9663,19M,"1,000,000+",Free,0,Everyone,Lifestyle,2018-07-16,Version:6.97,4.4 and up,1000000.0,0.0,19.0,Lifestyle
သိင်္ Astrology - Min Thein Kha BayDin,LIFESTYLE,4.7,2225,15M,"100,000+",Free,0,Everyone,Lifestyle,2018-07-26,4.2.1,4.0.3 and up,100000.0,0.0,15.0,Lifestyle
w UN map,LIFESTYLE,4.2,23164,10.0M,"1,000,000+",Free,0,Mature 17+,Lifestyle,2018-07-24,2.6,5.0 and up,1000000.0,0.0,10.0,Lifestyle
Official Matsumoto Kiyoshi application,LIFESTYLE,3.2,3031,2.7M,"1,000,000+",Free,0,Everyone,Lifestyle,2018-07-03,1.5.3,4.0 and up,1000000.0,0.0,2.7,Lifestyle
Galaxy Gift,LIFESTYLE,4.4,95557,16M,"10,000,000+",Free,0,Everyone,Lifestyle,2018-07-23,7.0.8,4.0.3 and up,10000000.0,0.0,16.0,Lifestyle
PASS by KT (formerly KT certified),LIFESTYLE,3.5,7869,21M,"1,000,000+",Free,0,Everyone,Lifestyle,2018-08-01,02.00.06,4.4 and up,1000000.0,0.0,21.0,Lifestyle
Safety stepping stone,LIFESTYLE,3.7,4212,20M,"1,000,000+",Free,0,Everyone,Lifestyle,2018-07-25,3.4.5,2.3 and up,1000000.0,0.0,20.0,Lifestyle
Rate Guide Bill Letter,LIFESTYLE,3.8,17368,14M,"10,000,000+",Free,0,Everyone,Lifestyle,2018-06-27,5.1.3,4.0 and up,10000000.0,0.0,14.0,Lifestyle
US Mission - buy gourmet movie KTV,LIFESTYLE,3.8,6554,76M,"500,000+",Free,0,Teen,Lifestyle,2018-06-20,9.4.2,4.1 and up,500000.0,0.0,76.0,Lifestyle
OK cashbag [point of pleasure],LIFESTYLE,3.7,33264,18M,"10,000,000+",Free,0,Everyone,Lifestyle,2018-06-15,6.2.1,4.0 and up,10000000.0,0.0,18.0,Lifestyle
JOANN - Crafts & Coupons,LIFESTYLE,4.6,34782,12M,"1,000,000+",Free,0,Everyone,Lifestyle,2018-06-22,5.2.2,4.3 and up,1000000.0,0.0,12.0,Lifestyle
MK eCatalog,LIFESTYLE,4.0,6676,6.2M,"1,000,000+",Free,0,Everyone,Lifestyle,2018-02-21,3.0,4.2 and up,1000000.0,0.0,6.2,Lifestyle
Vaniday - Beauty Booking App,LIFESTYLE,3.6,1067,Varies with device,"100,000+",Free,0,Everyone,Lifestyle,2018-03-20,3.8.15,4.1 and up,100000.0,0.0,,Lifestyle
Fashion in Vogue,LIFESTYLE,3.8,1797,6.8M,"100,000+",Free,0,Everyone,Lifestyle,2016-09-27,2.0,4.3 and up,100000.0,0.0,6.8,Lifestyle
Mirror,LIFESTYLE,4.1,367505,Varies with device,"10,000,000+",Free,0,Everyone,Lifestyle,2018-07-25,Varies with device,Varies with device,10000000.0,0.0,,Lifestyle
StyleSeat,LIFESTYLE,4.7,20304,24M,"500,000+",Free,0,Everyone,Lifestyle,2018-07-31,4.35,4.0.3 and up,500000.0,0.0,24.0,Lifestyle
Wedding Countdown Widget,LIFESTYLE,3.9,7376,19M,"1,000,000+",Free,0,Everyone,Lifestyle,2018-01-11,5.2.2018010801-1,4.1 and up,1000000.0,0.0,19.0,Lifestyle
My Day - Countdown Calendar 🗓️,LIFESTYLE,4.1,49147,13M,"1,000,000+",Free,0,Everyone,Lifestyle,2018-05-07,2.9.5,4.1 and up,1000000.0,0.0,13.0,Lifestyle
justWink Greeting Cards,LIFESTYLE,4.6,69177,15M,"1,000,000+",Free,0,Teen,Lifestyle,2017-08-02,2.7.3,4.4 and up,1000000.0,0.0,15.0,Lifestyle
Wedding LookBook by The Knot,LIFESTYLE,4.2,3448,13M,"100,000+",Free,0,Everyone,Lifestyle,2018-07-09,3.9.5,4.0.3 and up,100000.0,0.0,13.0,Lifestyle
Big Days - Events Countdown,LIFESTYLE,4.6,39724,Varies with device,"1,000,000+",Free,0,Everyone,Lifestyle,2018-06-29,Varies with device,Varies with device,1000000.0,0.0,,Lifestyle
"Wedding Planner by WeddingWire - Venues, Checklist",LIFESTYLE,4.2,3788,44M,"1,000,000+",Free,0,Everyone,Lifestyle,2018-07-24,8.5.1,5.0 and up,1000000.0,0.0,44.0,Lifestyle
Been Together (Ad) - D-day,LIFESTYLE,4.4,95736,Varies with device,"10,000,000+",Free,0,Everyone,Lifestyle,2018-07-30,Varies with device,Varies with device,10000000.0,0.0,,Lifestyle
WedMeGood - Wedding Planner,LIFESTYLE,4.6,1658,9.7M,"100,000+",Free,0,Everyone,Lifestyle,2018-07-31,2.0.9,4.4 and up,100000.0,0.0,9.7,Lifestyle
DIY Garden Ideas,LIFESTYLE,4.1,3309,13M,"500,000+",Free,0,Everyone,Lifestyle,2018-08-05,10.0,4.0 and up,500000.0,0.0,13.0,Lifestyle
Brit + Co,LIFESTYLE,3.9,987,4.5M,"10,000+",Free,0,Everyone,Lifestyle,2017-08-29,2.0.4,4.0 and up,10000.0,0.0,4.5,Lifestyle
Creative Ideas - DIY & Craft,LIFESTYLE,4.0,5208,4.5M,"100,000+",Free,0,Teen,Lifestyle,2017-11-23,1.37,4.0 and up,100000.0,0.0,4.5,Lifestyle
Homestyler Interior Design & Decorating Ideas,LIFESTYLE,4.1,78298,29M,"5,000,000+",Free,0,Everyone,Lifestyle,2018-08-02,3.1.2.1,4.1 and up,5000000.0,0.0,29.0,Lifestyle
Wheretoget: Shop in style,LIFESTYLE,4.1,6808,12M,"500,000+",Free,0,Teen,Lifestyle,2017-06-05,3.2.0,4.1 and up,500000.0,0.0,12.0,Lifestyle
My Dressing - Fashion closet,LIFESTYLE,4.1,12452,Varies with device,"500,000+",Free,0,Everyone,Lifestyle,2017-01-26,Varies with device,Varies with device,500000.0,0.0,,Lifestyle
Chictopia,LIFESTYLE,4.1,360,4.6M,"10,000+",Free,0,Everyone,Lifestyle,2014-04-30,1.6.2,2.2 and up,10000.0,0.0,4.6,Lifestyle
Scarf Fashion Designer,LIFESTYLE,4.4,16637,10M,"1,000,000+",Free,0,Everyone,Lifestyle,2017-06-18,1.8,2.3 and up,1000000.0,0.0,10.0,Lifestyle
Zara,LIFESTYLE,4.3,95904,33M,"10,000,000+",Free,0,Everyone,Lifestyle,2018-07-30,4.1.0,4.1 and up,10000000.0,0.0,33.0,Lifestyle
Real Estate by Movoto,LIFESTYLE,4.4,3114,13M,"100,000+",Free,0,Everyone,Lifestyle,2018-02-20,6.1,4.0.3 and up,100000.0,0.0,13.0,Lifestyle
Etta Homes,LIFESTYLE,4.2,220,15M,"50,000+",Free,0,Everyone,Lifestyle,2018-07-26,9.1.0,5.0 and up,50000.0,0.0,15.0,Lifestyle
Houlihan Lawrence,LIFESTYLE,4.4,33,23M,"5,000+",Free,0,Everyone,Lifestyle,2017-10-12,3.9.5,4.2 and up,5000.0,0.0,23.0,Lifestyle
Home Scouting® MLS Mobile,LIFESTYLE,4.3,1533,7.7M,"100,000+",Free,0,Everyone,Lifestyle,2016-09-27,2.2.6,2.2 and up,100000.0,0.0,7.7,Lifestyle
Housing-Real Estate & Property,LIFESTYLE,4.1,28301,Varies with device,"1,000,000+",Free,0,Everyone,Lifestyle,2018-07-13,12.1.0,4.1 and up,1000000.0,0.0,,Lifestyle
ZipRealty Real Estate & Homes,LIFESTYLE,4.0,3937,15M,"100,000+",Free,0,Everyone,Lifestyle,2018-07-27,8.3.3,4.4 and up,100000.0,0.0,15.0,Lifestyle
Sotheby's International Realty,LIFESTYLE,4.2,894,25M,"50,000+",Free,0,Everyone,Lifestyle,2018-04-09,5.600.42,4.0.3 and up,50000.0,0.0,25.0,Lifestyle
Zoopla Property Search UK - Home to buy & rent,LIFESTYLE,4.1,21195,Varies with device,"1,000,000+",Free,0,Everyone,Lifestyle,2018-06-22,Varies with device,Varies with device,1000000.0,0.0,,Lifestyle
Neighborhoods & Apartments,LIFESTYLE,3.9,2042,3.0M,"100,000+",Free,0,Everyone,Lifestyle,2015-08-28,3.1.6,4.0 and up,100000.0,0.0,3.0,Lifestyle
Keller Williams Real Estate,LIFESTYLE,4.4,13213,22M,"1,000,000+",Free,0,Everyone,Lifestyle,2018-03-28,5.800.04,4.0.3 and up,1000000.0,0.0,22.0,Lifestyle
Relax Rain ~ Rain Sounds,LIFESTYLE,4.6,118034,Varies with device,"5,000,000+",Free,0,Everyone,Lifestyle,2018-08-02,Varies with device,Varies with device,5000000.0,0.0,,Lifestyle
Relax Ocean ~ Nature Sounds,LIFESTYLE,4.5,9464,Varies with device,"500,000+",Free,0,Everyone,Lifestyle,2017-07-18,Varies with device,Varies with device,500000.0,0.0,,Lifestyle
Bed Time Fan - White Noise Sleep Sounds,LIFESTYLE,4.5,10097,7.5M,"500,000+",Free,0,Everyone,Lifestyle,2018-04-26,1.2,4.0 and up,500000.0,0.0,7.5,Lifestyle
Nature Sounds,LIFESTYLE,4.8,28588,24M,"1,000,000+",Free,0,Everyone,Lifestyle,2018-03-01,3.1.8,4.0.3 and up,1000000.0,0.0,24.0,Lifestyle
SleepyTime: Bedtime Calculator,LIFESTYLE,4.4,19621,Varies with device,"500,000+",Free,0,Everyone,Lifestyle,2016-02-27,Varies with device,Varies with device,500000.0,0.0,,Lifestyle
White Noise Baby,LIFESTYLE,4.5,10544,44M,"1,000,000+",Free,0,Everyone,Lifestyle,2018-06-18,5.3,4.1 and up,1000000.0,0.0,44.0,Lifestyle
White Noise ~ Sleeping Sounds,LIFESTYLE,4.5,4427,Varies with device,"100,000+",Free,0,Everyone,Lifestyle,2017-06-23,Varies with device,Varies with device,100000.0,0.0,,Lifestyle
"Journey - Diary, Journal",LIFESTYLE,4.6,50338,Varies with device,"1,000,000+",Free,0,Everyone,Lifestyle,2018-07-23,Varies with device,Varies with device,1000000.0,0.0,,Lifestyle
7 Day Food Journal Challenge,LIFESTYLE,4.5,3346,14M,"100,000+",Free,0,Teen,Lifestyle,2017-03-08,3.6.3,4.0.3 and up,100000.0,0.0,14.0,Lifestyle
ROBLOX,GAME,4.5,4447388,67M,"100,000,000+",Free,0,Everyone 10+,Adventure;Action & Adventure,2018-07-31,2.347.225742,4.1 and up,100000000.0,0.0,67.0,Adventure
Subway Surfers,GAME,4.5,27722264,76M,"1,000,000,000+",Free,0,Everyone 10+,Arcade,2018-07-12,1.90.0,4.1 and up,1000000000.0,0.0,76.0,Arcade
Candy Crush Saga,GAME,4.4,22426677,74M,"500,000,000+",Free,0,Everyone,Casual,2018-07-05,1.129.0.2,4.1 and up,500000000.0,0.0,74.0,Casual
Solitaire,GAME,4.7,254258,23M,"10,000,000+",Free,0,Everyone,Card,2018-08-01,2.137.0,4.1 and up,10000000.0,0.0,23.0,Card
Bubble Shooter,GAME,4.5,148897,46M,"10,000,000+",Free,0,Everyone,Casual,2018-07-17,1.20.1,4.0.3 and up,10000000.0,0.0,46.0,Casual
Hello Kitty Nail Salon,GAME,4.2,369203,24M,"50,000,000+",Free,0,Everyone,Casual;Pretend Play,2018-04-17,1.5,4.1 and up,50000000.0,0.0,24.0,Casual
slither.io,GAME,4.4,5234162,Varies with device,"100,000,000+",Free,0,Everyone,Action,2017-11-14,Varies with device,2.3 and up,100000000.0,0.0,,Action
Clash Royale,GAME,4.6,23133508,97M,"100,000,000+",Free,0,Everyone 10+,Strategy,2018-06-27,2.3.2,4.1 and up,100000000.0,0.0,97.0,Strategy
Temple Run 2,GAME,4.3,8118609,62M,"500,000,000+",Free,0,Everyone,Action,2018-07-05,1.49.1,4.0 and up,500000000.0,0.0,62.0,Action
Pou,GAME,4.3,10485308,24M,"500,000,000+",Free,0,Everyone,Casual,2018-05-25,1.4.77,4.0 and up,500000000.0,0.0,24.0,Casual
Helix Jump,GAME,4.2,1497361,33M,"100,000,000+",Free,0,Everyone,Action,2018-04-09,1.0.6,4.1 and up,100000000.0,0.0,33.0,Action
Block Puzzle,GAME,4.6,59800,7.8M,"5,000,000+",Free,0,Everyone,Puzzle,2018-03-06,2.9,2.3 and up,5000000.0,0.0,7.8,Puzzle
Angry Birds Rio,GAME,4.4,2610526,46M,"100,000,000+",Free,0,Everyone,Arcade,2018-07-03,2.6.9,4.1 and up,100000000.0,0.0,46.0,Arcade
Plants vs. Zombies FREE,GAME,4.4,4066989,69M,"100,000,000+",Free,0,Everyone 10+,Strategy,2018-07-06,2.2.00,4.1 and up,100000000.0,0.0,69.0,Strategy
Sonic Dash,GAME,4.5,3778921,75M,"100,000,000+",Free,0,Everyone,Arcade,2018-07-26,3.8.5.Go,4.1 and up,100000000.0,0.0,75.0,Arcade
Candy Crush Soda Saga,GAME,4.4,6198563,67M,"100,000,000+",Free,0,Everyone,Casual,2018-07-10,1.118.4,4.1 and up,100000000.0,0.0,67.0,Casual
Zombie Hunter King,GAME,4.3,10306,50M,"1,000,000+",Free,0,Mature 17+,Action,2018-08-01,1.0.8,2.3 and up,1000000.0,0.0,50.0,Action
Clash of Clans,GAME,4.6,44891723,98M,"100,000,000+",Free,0,Everyone 10+,Strategy,2018-07-15,10.322.16,4.1 and up,100000000.0,0.0,98.0,Strategy
Kick the Buddy,GAME,4.3,1000417,Varies with device,"50,000,000+",Free,0,Teen,Action,2018-07-05,Varies with device,4.4 and up,50000000.0,0.0,,Action
Block Puzzle Classic Legend !,GAME,4.2,17039,4.9M,"5,000,000+",Free,0,Everyone,Puzzle,2018-04-13,2.9,2.3.3 and up,5000000.0,0.0,4.9,Puzzle
PAC-MAN,GAME,4.2,685981,37M,"100,000,000+",Free,0,Everyone,Arcade,2018-05-15,6.6.3,4.1 and up,100000000.0,0.0,37.0,Arcade
Super Jim Jump - pixel 3d,GAME,4.5,10393,18M,"1,000,000+",Free,0,Everyone,Arcade,2018-07-11,2.2.3181,4.0 and up,1000000.0,0.0,18.0,Arcade
8 Ball Pool,GAME,4.5,14198297,52M,"100,000,000+",Free,0,Everyone,Sports,2018-07-31,4.0.0,4.0.3 and up,100000000.0,0.0,52.0,Sports
Magic Tiles 3,GAME,4.5,592068,Varies with device,"50,000,000+",Free,0,Everyone,Music,2018-08-03,5.13.007,4.1 and up,50000000.0,0.0,,Music
Bubble Witch 3 Saga,GAME,4.7,1732263,78M,"50,000,000+",Free,0,Everyone,Puzzle,2018-07-17,4.8.4,3.0 and up,50000000.0,0.0,78.0,Puzzle
Word Search,GAME,4.7,295241,3.9M,"10,000,000+",Free,0,Everyone,Word,2018-06-06,1.1.3,3.0 and up,10000000.0,0.0,3.9,Word
Granny,GAME,4.5,1135631,59M,"50,000,000+",Free,0,Teen,Arcade,2018-05-29,1.4.0.1,4.0 and up,50000000.0,0.0,59.0,Arcade
Angry Birds Classic,GAME,4.4,5566669,97M,"100,000,000+",Free,0,Everyone,Arcade,2018-05-24,7.9.3,4.1 and up,100000000.0,0.0,97.0,Arcade
Flow Free,GAME,4.3,1295557,11M,"100,000,000+",Free,0,Everyone,Puzzle,2018-04-11,4.0,4.1 and up,100000000.0,0.0,11.0,Puzzle
Race the Traffic Moto,GAME,3.8,270687,38M,"10,000,000+",Free,0,Teen,Racing,2018-07-20,1.0.16,4.0.3 and up,10000000.0,0.0,38.0,Racing
Fishdom,GAME,4.6,2157930,Varies with device,"10,000,000+",Free,0,Everyone,Puzzle,2018-07-19,2.21.5,4.0.3 and up,10000000.0,0.0,,Puzzle
Galaxy Attack: Alien Shooter,GAME,4.6,506275,Varies with device,"10,000,000+",Free,0,Everyone,Arcade,2018-08-01,5.66,4.1 and up,10000000.0,0.0,,Arcade
Zombie Tsunami,GAME,4.4,4920817,Varies with device,"100,000,000+",Free,0,Everyone 10+,Arcade,2018-06-15,Varies with device,Varies with device,100000000.0,0.0,,Arcade
Bubble Shooter 2,GAME,4.3,23005,Varies with device,"5,000,000+",Free,0,Everyone,Arcade,2018-07-25,3.5,4.1 and up,5000000.0,0.0,,Arcade
Barbie™ Fashion Closet,GAME,4.1,68057,85M,"10,000,000+",Free,0,Everyone,Casual;Creativity,2018-07-30,1.3.7,4.1 and up,10000000.0,0.0,85.0,Casual
Candy Crush Jelly Saga,GAME,4.3,1300490,78M,"50,000,000+",Free,0,Everyone,Puzzle,2018-07-20,2.1.10,4.0 and up,50000000.0,0.0,78.0,Puzzle
Hill Climb Racing,GAME,4.4,8923587,63M,"100,000,000+",Free,0,Everyone,Racing,2018-07-02,1.37.2,4.2 and up,100000000.0,0.0,63.0,Racing
Gardenscapes,GAME,4.6,4128732,Varies with device,"50,000,000+",Free,0,Everyone,Casual,2018-07-13,2.6.2,4.0.3 and up,50000000.0,0.0,,Casual
Marble - Temple Quest,GAME,4.3,42053,24M,"10,000,000+",Free,0,Everyone,Puzzle,2018-06-21,4.9,4.0.3 and up,10000000.0,0.0,24.0,Puzzle
Shooting King,GAME,4.4,257724,69M,"10,000,000+",Free,0,Everyone 10+,Sports,2018-05-25,1.4.2,4.0.3 and up,10000000.0,0.0,69.0,Sports
Zombie Catchers,GAME,4.7,990491,75M,"10,000,000+",Free,0,Everyone,Action,2018-05-24,1.0.27,4.1 and up,10000000.0,0.0,75.0,Action
Minion Rush: Despicable Me Official Game,GAME,4.5,10216538,Varies with device,"100,000,000+",Free,0,Everyone 10+,Casual;Action & Adventure,2018-07-12,Varies with device,Varies with device,100000000.0,0.0,,Casual
Farm Heroes Saga,GAME,4.4,7614130,70M,"100,000,000+",Free,0,Everyone,Casual,2018-07-26,5.1.8,2.3 and up,100000000.0,0.0,70.0,Casual
Geometry Dash World,GAME,4.6,760628,63M,"10,000,000+",Free,0,Everyone,Arcade,2017-12-22,1.03,4.0 and up,10000000.0,0.0,63.0,Arcade
My Talking Angela,GAME,4.5,9881829,99M,"100,000,000+",Free,0,Everyone,Casual,2018-07-03,3.7.2.51,4.1 and up,100000000.0,0.0,99.0,Casual
Cut the Rope FULL FREE,GAME,4.4,2123381,49M,"100,000,000+",Free,0,Everyone,Puzzle,2018-07-05,3.7.2,4.1 and up,100000000.0,0.0,49.0,Puzzle
Sniper 3D Gun Shooter: Free Shooting Games - FPS,GAME,4.6,7671249,Varies with device,"100,000,000+",Free,0,Mature 17+,Action,2018-08-02,Varies with device,Varies with device,100000000.0,0.0,,Action
Cooking Fever,GAME,4.5,3197865,82M,"100,000,000+",Free,0,Everyone,Arcade,2018-07-12,2.8.0,4.0.3 and up,100000000.0,0.0,82.0,Arcade
Toon Blast,GAME,4.7,1351068,Varies with device,"10,000,000+",Free,0,Everyone,Puzzle,2018-07-30,3196,4.1 and up,10000000.0,0.0,,Puzzle
Score! Hero,GAME,4.6,5418675,96M,"100,000,000+",Free,0,Everyone,Sports,2018-06-13,1.751,4.4 and up,100000000.0,0.0,96.0,Sports
Toy Blast,GAME,4.7,1889250,Varies with device,"50,000,000+",Free,0,Everyone,Puzzle,2018-07-23,5423,4.1 and up,50000000.0,0.0,,Puzzle
Miraculous Ladybug & Cat Noir - The Official Game,GAME,4.5,183846,99M,"10,000,000+",Free,0,Everyone,Action,2018-07-30,1.0.6,4.4 and up,10000000.0,0.0,99.0,Action
Wordscapes,GAME,4.8,230710,87M,"10,000,000+",Free,0,Everyone,Word,2018-08-02,1.0.47,4.1 and up,10000000.0,0.0,87.0,Word
Garena Free Fire,GAME,4.5,5465624,53M,"100,000,000+",Free,0,Teen,Action,2018-08-03,1.21.0,4.0.3 and up,100000000.0,0.0,53.0,Action
Bowmasters,GAME,4.7,1534466,Varies with device,"50,000,000+",Free,0,Teen,Action,2018-07-23,2.12.5,4.1 and up,50000000.0,0.0,,Action
My Talking Tom,GAME,4.5,14891223,Varies with device,"500,000,000+",Free,0,Everyone,Casual,2018-07-19,4.8.0.132,4.1 and up,500000000.0,0.0,,Casual
Jungle Marble Blast,GAME,4.3,18985,23M,"5,000,000+",Free,0,Everyone,Casual,2018-07-23,1.5.4,4.0.3 and up,5000000.0,0.0,23.0,Casual
Rider,GAME,4.5,655067,72M,"10,000,000+",Free,0,Teen,Arcade,2017-07-17,1.2.1,4.0.3 and up,10000000.0,0.0,72.0,Arcade
Roll the Ball® - slide puzzle,GAME,4.5,1385093,35M,"100,000,000+",Free,0,Everyone,Puzzle,2018-08-02,1.7.40,4.1 and up,100000000.0,0.0,35.0,Puzzle
Talking Tom Gold Run,GAME,4.6,2698348,78M,"100,000,000+",Free,0,Everyone,Action,2018-07-31,2.8.2.59,4.1 and up,100000000.0,0.0,78.0,Action
Pixel Art: Color by Number Game,GAME,4.7,1125017,25M,"10,000,000+",Free,0,Everyone,Puzzle,2018-07-17,3.9.2,4.3 and up,10000000.0,0.0,25.0,Puzzle
Dream League Soccer 2018,GAME,4.6,9882639,74M,"100,000,000+",Free,0,Everyone,Sports,2018-07-16,5.064,4.4 and up,100000000.0,0.0,74.0,Sports
Fruits Bomb,GAME,4.4,74673,17M,"10,000,000+",Free,0,Everyone,Casual,2018-07-06,3.3.3179,4.0.3 and up,10000000.0,0.0,17.0,Casual
Traffic Racer,GAME,4.5,5387639,53M,"100,000,000+",Free,0,Everyone,Racing,2018-02-27,2.5,4.1 and up,100000000.0,0.0,53.0,Racing
Hill Climb Racing 2,GAME,4.6,2750410,Varies with device,"100,000,000+",Free,0,Everyone,Racing,2018-08-02,1.17.2,4.2 and up,100000000.0,0.0,,Racing
Knife Hit,GAME,4.5,461137,60M,"10,000,000+",Free,0,Everyone,Arcade,2018-05-22,1.7.2,4.0.3 and up,10000000.0,0.0,60.0,Arcade
Block Craft 3D: Building Simulator Games For Free,GAME,4.5,946926,57M,"50,000,000+",Free,0,Everyone,Simulation,2018-03-05,2.10.2,4.0.3 and up,50000000.0,0.0,57.0,Simulation
Farm Fruit Pop: Party Time,GAME,4.4,9305,14M,"1,000,000+",Free,0,Everyone,Casual,2018-08-02,1.9.2,4.0.3 and up,1000000.0,0.0,14.0,Casual
Love Balls,GAME,4.2,360630,40M,"50,000,000+",Free,0,Everyone,Puzzle,2018-07-31,1.2.7,4.1 and up,50000000.0,0.0,40.0,Puzzle
Hungry Shark Evolution,GAME,4.5,6074334,100M,"100,000,000+",Free,0,Teen,Arcade,2018-07-25,6.0.0,4.1 and up,100000000.0,0.0,100.0,Arcade
Piano Tiles 2™,GAME,4.7,8118880,Varies with device,"100,000,000+",Free,0,Everyone,Arcade,2018-08-03,3.1.0.226,4.1 and up,100000000.0,0.0,,Arcade
Pokémon GO,GAME,4.1,10424925,85M,"100,000,000+",Free,0,Everyone,Adventure,2018-07-23,0.111.3,4.4 and up,100000000.0,0.0,85.0,Adventure
Paint Hit,GAME,4.4,37023,33M,"10,000,000+",Free,0,Everyone,Casual,2018-07-06,5.200,5.0 and up,10000000.0,0.0,33.0,Casual
Snake VS Block,GAME,4.2,422244,32M,"50,000,000+",Free,0,Teen,Arcade,2018-04-23,1.24,4.1 and up,50000000.0,0.0,32.0,Arcade
Rolly Vortex,GAME,4.4,98123,40M,"10,000,000+",Free,0,Teen,Arcade,2018-05-25,1.7.0,4.1 and up,10000000.0,0.0,40.0,Arcade
Woody Puzzle,GAME,4.7,21262,29M,"1,000,000+",Free,0,Everyone,Puzzle,2018-08-03,1.0.9,4.4 and up,1000000.0,0.0,29.0,Puzzle
Stack Jump,GAME,4.3,118253,40M,"10,000,000+",Free,0,Teen,Arcade,2018-05-03,1.4.6,4.1 and up,10000000.0,0.0,40.0,Arcade
Color by Number – New Coloring Book,GAME,4.7,141529,24M,"5,000,000+",Free,0,Everyone 10+,Board,2018-08-01,2.0.6,4.1 and up,5000000.0,0.0,24.0,Board
The Cube,GAME,4.2,70226,38M,"5,000,000+",Free,0,Everyone,Arcade,2018-07-25,1.2.9,4.1 and up,5000000.0,0.0,38.0,Arcade
Extreme Car Driving Simulator,GAME,4.3,2251012,52M,"100,000,000+",Free,0,Everyone,Racing,2018-05-03,4.17.2,4.0 and up,100000000.0,0.0,52.0,Racing
Bricks n Balls,GAME,4.4,30253,Varies with device,"1,000,000+",Free,0,Everyone,Casual,2018-08-05,1.0.1.049,4.1 and up,1000000.0,0.0,,Casual
The Fish Master!,GAME,4.1,15763,54M,"1,000,000+",Free,0,Everyone,Arcade,2018-07-17,1.6,4.1 and up,1000000.0,0.0,54.0,Arcade
Color Road,GAME,4.1,84911,71M,"10,000,000+",Free,0,Everyone,Arcade,2018-07-19,2.5.0,4.1 and up,10000000.0,0.0,71.0,Arcade
Draw In,GAME,4.2,46416,73M,"10,000,000+",Free,0,Everyone,Arcade,2018-07-23,1.0.8,4.1 and up,10000000.0,0.0,73.0,Arcade
PLANK!,GAME,4.7,7196,38M,"500,000+",Free,0,Everyone,Arcade,2018-07-17,1.0.2,4.3 and up,500000.0,0.0,38.0,Arcade
Looper!,GAME,4.6,48256,62M,"1,000,000+",Free,0,Everyone,Puzzle,2018-07-20,1.2.0,4.1 and up,1000000.0,0.0,62.0,Puzzle
Trivia Crack,GAME,4.5,6427773,95M,"100,000,000+",Free,0,Everyone,Trivia,2018-08-03,2.79.0,4.1 and up,100000000.0,0.0,95.0,Trivia
Will it Crush?,GAME,3.1,25825,16M,"5,000,000+",Free,0,Everyone,Simulation,2018-05-22,1.3.3,4.4 and up,5000000.0,0.0,16.0,Simulation
Tomb of the Mask,GAME,4.1,55380,39M,"5,000,000+",Free,0,Everyone,Action,2018-07-24,1.2.1,5.0 and up,5000000.0,0.0,39.0,Action
Baseball Boy!,GAME,3.4,148177,78M,"10,000,000+",Free,0,Everyone,Arcade,2018-07-27,1.7.2,4.1 and up,10000000.0,0.0,78.0,Arcade
PUBG MOBILE,GAME,4.4,3715656,36M,"50,000,000+",Free,0,Teen,Action,2018-07-24,0.7.0,4.3 and up,50000000.0,0.0,36.0,Action
Episode - Choose Your Story,GAME,4.3,1841061,Varies with device,"50,000,000+",Free,0,Teen,Simulation,2018-07-31,Varies with device,Varies with device,50000000.0,0.0,,Simulation
Hello Stars,GAME,4.6,101686,31M,"10,000,000+",Free,0,Everyone,Puzzle,2018-08-04,1.8.2,4.1 and up,10000000.0,0.0,31.0,Puzzle
Run Sausage Run!,GAME,4.4,275447,Varies with device,"10,000,000+",Free,0,Everyone 10+,Arcade,2018-08-01,Varies with device,4.1 and up,10000000.0,0.0,,Arcade
Tank Stars,GAME,4.3,174755,98M,"10,000,000+",Free,0,Everyone 10+,Arcade,2018-07-11,1.1.1,5.0 and up,10000000.0,0.0,98.0,Arcade
Castle Clash: Heroes of the Empire US,GAME,4.6,4578476,24M,"50,000,000+",Free,0,Everyone 10+,Strategy,2018-07-17,1.4.51,4.1 and up,50000000.0,0.0,24.0,Strategy
Hole.io,GAME,4.2,145353,85M,"10,000,000+",Free,0,Teen,Arcade,2018-07-24,1.3.1,4.1 and up,10000000.0,0.0,85.0,Arcade
Mini Golf King - Multiplayer Game,GAME,4.5,531458,100M,"5,000,000+",Free,0,Everyone,Sports,2018-07-20,3.04.1,4.0.3 and up,5000000.0,0.0,100.0,Sports
Flip the Gun - Simulator Game,GAME,4.2,195558,86M,"10,000,000+",Free,0,Everyone,Arcade,2018-07-26,1.2,5.0 and up,10000000.0,0.0,86.0,Arcade
Mad Skills BMX 2,GAME,4.5,29940,80M,"1,000,000+",Free,0,Everyone,Action,2018-07-26,1.1.4,4.1 and up,1000000.0,0.0,80.0,Action
"MMX Hill Dash 2 – Offroad Truck, Car & Bike Racing",GAME,4.4,41975,79M,"1,000,000+",Free,0,Everyone,Racing,2018-07-19,3.00.11034,5.0 and up,1000000.0,0.0,79.0,Racing
Word Link,GAME,4.6,216675,30M,"10,000,000+",Free,0,Everyone,Word,2018-08-01,2.2.7,4.1 and up,10000000.0,0.0,30.0,Word
Last Day on Earth: Survival,GAME,4.5,2311785,87M,"10,000,000+",Free,0,Teen,Action,2018-08-01,1.9.3,4.1 and up,10000000.0,0.0,87.0,Action
MARVEL Strike Force,GAME,4.3,165888,91M,"5,000,000+",Free,0,Teen,Role Playing,2018-07-31,1.4.0,4.4 and up,5000000.0,0.0,91.0,Role Playing
Partymasters - Fun Idle Game,GAME,4.6,541144,63M,"10,000,000+",Free,0,Teen,Arcade,2018-07-12,1.2.5,5.0 and up,10000000.0,0.0,63.0,Arcade
Harry Potter: Hogwarts Mystery,GAME,4.4,1107310,Varies with device,"10,000,000+",Free,0,Teen,Adventure,2018-08-01,1.8.2,4.4 and up,10000000.0,0.0,,Adventure
Offroad Outlaws,GAME,4.4,29168,Varies with device,"1,000,000+",Free,0,Everyone,Racing,2018-05-29,2.0.1,4.1 and up,1000000.0,0.0,,Racing
Grim Soul: Dark Fantasy Survival,GAME,4.5,189773,95M,"5,000,000+",Free,0,Teen,Role Playing,2018-07-18,1.1.1,4.1 and up,5000000.0,0.0,95.0,Role Playing
DRAGON BALL LEGENDS,GAME,4.6,337752,48M,"5,000,000+",Free,0,Teen,Action,2018-08-03,1.11.0,6.0 and up,5000000.0,0.0,48.0,Action
Disney Heroes: Battle Mode,GAME,4.6,102107,Varies with device,"5,000,000+",Free,0,Everyone 10+,Strategy,2018-07-31,1.2.2,Varies with device,5000000.0,0.0,,Strategy
Homescapes,GAME,4.6,3093358,Varies with device,"10,000,000+",Free,0,Everyone,Casual,2018-07-13,1.8.0.900,4.0.3 and up,10000000.0,0.0,,Casual
New YAHTZEE® With Buddies Dice Game,GAME,4.1,42079,93M,"5,000,000+",Free,0,Everyone,Board,2018-07-05,5.6.5,4.1 and up,5000000.0,0.0,93.0,Board
Word Crossy - A crossword game,GAME,4.5,240416,53M,"5,000,000+",Free,0,Everyone,Word,2018-08-01,2.2.3,4.0.3 and up,5000000.0,0.0,53.0,Word
MLB TAP SPORTS BASEBALL 2018,GAME,4.6,32506,82M,"1,000,000+",Free,0,Everyone,Sports,2018-06-27,1.2.1,4.2 and up,1000000.0,0.0,82.0,Sports
Hero Hunters,GAME,4.4,70747,99M,"5,000,000+",Free,0,Teen,Action,2018-07-31,1.7,4.4 and up,5000000.0,0.0,99.0,Action
Cooking Madness - A Chef's Restaurant Games,GAME,4.7,358817,49M,"10,000,000+",Free,0,Everyone,Arcade,2018-07-30,1.2.2,4.1 and up,10000000.0,0.0,49.0,Arcade
Ice Crush 2018 - A new Puzzle Matching Adventure,GAME,4.6,15403,25M,"1,000,000+",Free,0,Everyone,Casual,2018-08-02,1.8.1,4.1 and up,1000000.0,0.0,25.0,Casual
TerraGenesis - Space Colony,GAME,4.3,38957,Varies with device,"1,000,000+",Free,0,Everyone,Simulation,2018-08-02,4.9.31,Varies with device,1000000.0,0.0,,Simulation
Merge Dragons!,GAME,4.5,214777,91M,"5,000,000+",Free,0,Everyone,Puzzle,2018-07-30,3.6.0,4.1 and up,5000000.0,0.0,91.0,Puzzle
SHADOWGUN LEGENDS,GAME,4.6,100609,52M,"1,000,000+",Free,0,Teen,Action,2018-07-16,0.5.4,6.0 and up,1000000.0,0.0,52.0,Action
RULES OF SURVIVAL,GAME,4.2,1343866,56M,"10,000,000+",Free,0,Teen,Action,2018-08-01,1.180271.184729,4.0 and up,10000000.0,0.0,56.0,Action
Mafia City,GAME,4.5,168717,56M,"10,000,000+",Free,0,Mature 17+,Strategy,2018-08-03,1.3.205,2.3 and up,10000000.0,0.0,56.0,Strategy
"Cash, Inc. Money Clicker Game & Business Adventure",GAME,4.8,549720,85M,"10,000,000+",Free,0,Everyone,Simulation,2018-07-19,2.1.1.4.0,4.4 and up,10000000.0,0.0,85.0,Simulation
Dino War: Rise of Beasts,GAME,4.1,18996,81M,"1,000,000+",Free,0,Teen,Strategy,2018-08-01,1.5.2,4.1 and up,1000000.0,0.0,81.0,Strategy
Tokyo Ghoul: Dark War,GAME,4.3,25094,82M,"1,000,000+",Free,0,Teen,Role Playing,2018-07-06,1.2.0,4.3 and up,1000000.0,0.0,82.0,Role Playing
Last Shelter: Survival,GAME,4.4,93033,98M,"5,000,000+",Free,0,Teen,Strategy,2018-08-04,1.250.078,4.0.3 and up,5000000.0,0.0,98.0,Strategy
Guns of Glory,GAME,4.0,120592,77M,"10,000,000+",Free,0,Everyone 10+,Strategy,2018-07-31,2.0.2,4.0.3 and up,10000000.0,0.0,77.0,Strategy
Lineage 2: Revolution,GAME,4.2,187972,99M,"5,000,000+",Free,0,Teen,Role Playing,2018-07-11,1.05.20,4.4 and up,5000000.0,0.0,99.0,Role Playing
Final Fantasy XV: A New Empire,GAME,4.0,484981,Varies with device,"10,000,000+",Free,0,Everyone 10+,Strategy,2018-06-15,3.30.4.83,4.1 and up,10000000.0,0.0,,Strategy
Girls' Frontline,GAME,4.2,2055,96M,"100,000+",Free,0,Teen,Strategy,2018-05-18,2.0081_206,4.0.3 and up,100000.0,0.0,96.0,Strategy
Chapters: Interactive Stories,GAME,4.5,73539,96M,"1,000,000+",Free,0,Mature 17+,Role Playing,2018-08-02,1.3.3,4.3 and up,1000000.0,0.0,96.0,Role Playing
Honkai Impact 3rd,GAME,4.7,59017,82M,"1,000,000+",Free,0,Teen,Action,2018-07-03,2.2.1,4.3 and up,1000000.0,0.0,82.0,Action
Master of Eternity(MOE),GAME,4.2,5829,70M,"100,000+",Free,0,Teen,Strategy,2018-07-26,1.8.2,4.4 and up,100000.0,0.0,70.0,Strategy
The Game of Life,GAME,4.4,18621,63M,"100,000+",Paid,$2.99,Everyone,Board,2018-07-04,2.1.2,4.4 and up,100000.0,2.99,63.0,Board
Clue,GAME,4.6,19922,35M,"100,000+",Paid,$1.99,Everyone 10+,Board,2018-07-30,2.2.5,5.0 and up,100000.0,1.99,35.0,Board
The Room: Old Sins,GAME,4.9,21119,48M,"100,000+",Paid,$4.99,Everyone,Puzzle,2018-04-18,1.0.1,4.4 and up,100000.0,4.99,48.0,Puzzle
The Escapists,GAME,4.4,7412,84M,"100,000+",Paid,$4.99,Teen,Strategy,2018-04-26,1.1.0,2.3 and up,100000.0,4.99,84.0,Strategy
Farming Simulator 18,GAME,4.5,18125,15M,"100,000+",Paid,$4.99,Everyone,Simulation;Education,2018-07-09,Varies with device,4.4 and up,100000.0,4.99,15.0,Simulation
RollerCoaster Tycoon® Classic,GAME,4.6,10795,69M,"100,000+",Paid,$5.99,Everyone,Simulation,2017-12-21,1.2.1.1712080,4.0.3 and up,100000.0,5.99,69.0,Simulation
Call of Duty:Black Ops Zombies,GAME,4.2,13004,46M,"100,000+",Paid,$6.99,Teen,Action,2016-12-20,1.0.11,2.3.3 and up,100000.0,6.99,46.0,Action
Star Wars ™: DIRTY,GAME,4.5,38207,15M,"100,000+",Paid,$9.99,Teen,Role Playing,2015-10-19,1.0.6,4.1 and up,100000.0,9.99,15.0,Role Playing
Monument Valley 2,GAME,4.6,9394,33M,"100,000+",Paid,$4.99,Everyone,Puzzle,2017-11-30,1.2.9,4.4 and up,100000.0,4.99,33.0,Puzzle
Angry Birds 2,GAME,4.6,3883589,57M,"100,000,000+",Free,0,Everyone,Casual,2018-07-26,2.21.1,4.1 and up,100000000.0,0.0,57.0,Casual
Fallout Shelter,GAME,4.6,2719142,25M,"10,000,000+",Free,0,Teen,Simulation,2018-06-11,1.13.12,4.1 and up,10000000.0,0.0,25.0,Simulation
The Sims™ FreePlay,GAME,4.3,931595,31M,"10,000,000+",Free,0,Teen,Simulation,2018-07-16,5.39.1,4.0.3 and up,10000000.0,0.0,31.0,Simulation
Best Fiends - Free Puzzle Game,GAME,4.6,1480189,Varies with device,"10,000,000+",Free,0,Everyone,Casual,2018-08-02,5.8.1,Varies with device,10000000.0,0.0,,Casual
MARVEL Contest of Champions,GAME,4.3,2468063,92M,"50,000,000+",Free,0,Teen,Action,2018-07-30,19.1.0,4.0.3 and up,50000000.0,0.0,92.0,Action
Jurassic World™ Alive,GAME,4.3,309176,70M,"5,000,000+",Free,0,Everyone 10+,Simulation,2018-08-02,1.3.15,4.4 and up,5000000.0,0.0,70.0,Simulation
Choices: Stories You Play,GAME,4.6,807338,93M,"10,000,000+",Free,0,Teen,Simulation,2018-07-30,2.3.5,4.0.3 and up,10000000.0,0.0,93.0,Simulation
Solitaire TriPeaks,GAME,4.5,446434,52M,"10,000,000+",Free,0,Everyone,Card,2018-08-01,4.6.2.46103,4.0.3 and up,10000000.0,0.0,52.0,Card
The Walking Dead: Road to Survival,GAME,4.2,522466,37M,"10,000,000+",Free,0,Mature 17+,Role Playing,2018-06-19,12.0.4.62276,4.0.3 and up,10000000.0,0.0,37.0,Role Playing
Hustle Castle: Fantasy Kingdom,GAME,4.7,584126,64M,"10,000,000+",Free,0,Everyone 10+,Role Playing,2018-07-27,1.5.4,4.1 and up,10000000.0,0.0,64.0,Role Playing
Might & Magic: Elemental Guardians,GAME,4.3,32551,35M,"500,000+",Free,0,Mature 17+,Role Playing,2018-07-12,1.93,4.4 and up,500000.0,0.0,35.0,Role Playing
Game of Thrones: Conquest™,GAME,4.0,90218,97M,"1,000,000+",Free,0,Teen,Strategy,2018-08-03,1.8.225278,6.0 and up,1000000.0,0.0,97.0,Strategy
Love Nikki-Dress UP Queen,GAME,4.4,212524,93M,"5,000,000+",Free,0,Everyone,Role Playing,2018-07-24,3.0.0,4.0.3 and up,5000000.0,0.0,93.0,Role Playing
Summoners War,GAME,4.3,2045554,28M,"50,000,000+",Free,0,Teen,Role Playing,2018-07-30,4.0.1,4.0.3 and up,50000000.0,0.0,28.0,Role Playing
FINAL FANTASY BRAVE EXVIUS,GAME,4.6,745684,83M,"5,000,000+",Free,0,Teen,Role Playing,2018-07-17,3.0.2,4.0.3 and up,5000000.0,0.0,83.0,Role Playing
Idle Heroes,GAME,4.7,416540,99M,"10,000,000+",Free,0,Everyone 10+,Role Playing,2018-05-30,1.14.0,2.3 and up,10000000.0,0.0,99.0,Role Playing
Fate/Grand Order (English),GAME,4.4,16601,55M,"500,000+",Free,0,Teen,Role Playing,2018-07-26,1.18.0,4.0 and up,500000.0,0.0,55.0,Role Playing
Lords Mobile: Battle of the Empires - Strategy RPG,GAME,4.4,3057481,14M,"50,000,000+",Free,0,Teen,Strategy,2018-07-26,1.76,2.3 and up,50000000.0,0.0,14.0,Strategy
War and Order,GAME,4.3,224514,81M,"5,000,000+",Free,0,Teen,Strategy,2018-07-18,1.1.8,4.0.3 and up,5000000.0,0.0,81.0,Strategy
Dungeon Hunter Champions: Epic Online Action RPG,GAME,4.2,26247,Varies with device,"1,000,000+",Free,0,Teen,Role Playing,2018-07-26,1.1.40,4.0.3 and up,1000000.0,0.0,,Role Playing
Yes day,GAME,4.5,10055521,94M,"100,000,000+",Free,0,Everyone,Casual,2018-06-28,1_39_93,4.0.3 and up,100000000.0,0.0,94.0,Casual
Jewels Star: OZ adventure,GAME,4.5,21892,14M,"1,000,000+",Free,0,Everyone,Puzzle,2017-12-29,1.3,4.0 and up,1000000.0,0.0,14.0,Puzzle
Sweet Fruit Candy,GAME,4.5,197540,29M,"10,000,000+",Free,0,Everyone,Puzzle,2018-07-16,79.0,4.1 and up,10000000.0,0.0,29.0,Puzzle
Shoot Bubble - Fruit Splash,GAME,4.6,29445,29M,"5,000,000+",Free,0,Everyone,Casual,2018-05-11,14.0,4.0.3 and up,5000000.0,0.0,29.0,Casual
Doodle Jump,GAME,4.3,1083571,Varies with device,"50,000,000+",Free,0,Everyone,Arcade,2018-07-20,Varies with device,Varies with device,50000000.0,0.0,,Arcade
Crossy Road,GAME,4.5,4230886,60M,"100,000,000+",Free,0,Everyone,Action,2018-08-01,3.1.0,5.0 and up,100000000.0,0.0,60.0,Action
Swamp Attack,GAME,4.4,2119218,70M,"50,000,000+",Free,0,Everyone 10+,Action,2018-06-29,3.0.1,4.1 and up,50000000.0,0.0,70.0,Action
Earn to Die 2,GAME,4.6,1327265,99M,"50,000,000+",Free,0,Teen,Racing,2017-04-12,1.3,2.3.3 and up,50000000.0,0.0,99.0,Racing
Hungry Shark World,GAME,4.5,1242855,27M,"50,000,000+",Free,0,Teen,Action,2018-07-18,3.0.0,4.2 and up,50000000.0,0.0,27.0,Action
Dude Perfect 2,GAME,4.5,401425,70M,"10,000,000+",Free,0,Everyone,Action,2017-04-12,1.6.1,4.0.3 and up,10000000.0,0.0,70.0,Action
Shadow Fight 2,GAME,4.6,10979062,88M,"100,000,000+",Free,0,Everyone 10+,Action,2018-07-02,1.9.38,3.0 and up,100000000.0,0.0,88.0,Action
Alto's Adventure,GAME,4.6,515657,63M,"10,000,000+",Free,0,Everyone,Action,2018-06-05,1.7.1,4.0 and up,10000000.0,0.0,63.0,Action
DEER HUNTER 2018,GAME,4.3,955656,82M,"10,000,000+",Free,0,Teen,Action,2018-06-26,5.1.2,3.0 and up,10000000.0,0.0,82.0,Action
DEAD TARGET: FPS Zombie Apocalypse Survival Games,GAME,4.5,1468591,Varies with device,"50,000,000+",Free,0,Mature 17+,Action,2018-07-23,Varies with device,Varies with device,50000000.0,0.0,,Action
Cover Fire: offline shooting games for free,GAME,4.7,725897,31M,"10,000,000+",Free,0,Teen,Action,2018-08-03,1.8.20,4.1 and up,10000000.0,0.0,31.0,Action
Anger of stick 5 : zombie,GAME,4.5,549039,23M,"50,000,000+",Free,0,Teen,Action,2018-08-03,1.1.5,2.3 and up,50000000.0,0.0,23.0,Action
CATS: Crash Arena Turbo Stars,GAME,4.7,1559650,Varies with device,"50,000,000+",Free,0,Everyone,Action,2018-07-09,2.11.1,4.1 and up,50000000.0,0.0,,Action
Soul Knight,GAME,4.7,292164,59M,"10,000,000+",Free,0,Everyone 10+,Action,2018-08-01,1.8.4,4.1 and up,10000000.0,0.0,59.0,Action
Major Mayhem,GAME,4.6,520962,39M,"10,000,000+",Free,0,Teen,Action,2017-06-28,108,4.0 and up,10000000.0,0.0,39.0,Action
DINO HUNTER: DEADLY SHORES,GAME,4.4,1381820,54M,"10,000,000+",Free,0,Teen,Action,2017-03-14,3.1.1,3.0 and up,10000000.0,0.0,54.0,Action
Strawberry Shortcake BerryRush,GAME,4.3,525517,48M,"10,000,000+",Free,0,Everyone,Action;Action & Adventure,2017-10-15,1.2.3,2.3 and up,10000000.0,0.0,48.0,Action
Extreme Match,GAME,4.5,696,Varies with device,"100,000+",Free,0,Everyone,Action,2018-07-05,1.1.7,4.1 and up,100000.0,0.0,,Action
Power Rangers Dino Charge,GAME,4.3,194969,30M,"10,000,000+",Free,0,Everyone 10+,Action,2018-01-29,1.4.0,4.1 and up,10000000.0,0.0,30.0,Action
Zombie Hunter: Post Apocalypse Survival Games,GAME,4.4,327599,66M,"10,000,000+",Free,0,Teen,Action,2017-07-28,2.4.2,2.3.3 and up,10000000.0,0.0,66.0,Action
Agar.io,GAME,4.2,3816799,32M,"100,000,000+",Free,0,Everyone,Action,2018-07-23,2.2.8,4.0.3 and up,100000000.0,0.0,32.0,Action
Battlelands Royale,GAME,4.4,105620,61M,"1,000,000+",Free,0,Everyone 10+,Action,2018-07-16,0.5.8,4.1 and up,1000000.0,0.0,61.0,Action
Once Upon a Tower,GAME,4.7,37139,49M,"1,000,000+",Free,0,Everyone 10+,Action,2018-01-24,8,4.1 and up,1000000.0,0.0,49.0,Action
TEKKEN™,GAME,4.2,147791,38M,"5,000,000+",Free,0,Teen,Action,2018-07-26,1.3,5.0 and up,5000000.0,0.0,38.0,Action
diep.io,GAME,4.1,347883,20M,"10,000,000+",Free,0,Everyone,Action,2018-03-16,1.2.7,4.0.3 and up,10000000.0,0.0,20.0,Action
Arrow.io,GAME,4.5,343263,Varies with device,"10,000,000+",Free,0,Everyone 10+,Action,2018-08-06,1.2.6,4.0.3 and up,10000000.0,0.0,,Action
BEYBLADE BURST app,GAME,4.5,216849,Varies with device,"10,000,000+",Free,0,Everyone,Action;Action & Adventure,2018-07-16,Varies with device,Varies with device,10000000.0,0.0,,Action
Dragon Hills,GAME,4.5,354373,66M,"10,000,000+",Free,0,Everyone 10+,Action,2017-10-12,1.2.7,4.1 and up,10000000.0,0.0,66.0,Action
Bus Rush: Subway Edition,GAME,4.1,753043,57M,"100,000,000+",Free,0,Teen,Action,2018-08-01,1.15.2,4.0.3 and up,100000000.0,0.0,57.0,Action
DC Super Hero Girls™,GAME,4.3,43055,95M,"5,000,000+",Free,0,Everyone,Action;Action & Adventure,2018-06-29,2.8.0,4.0 and up,5000000.0,0.0,95.0,Action
Tiny Archers,GAME,4.5,80678,Varies with device,"5,000,000+",Free,0,Mature 17+,Action,2018-05-25,Varies with device,Varies with device,5000000.0,0.0,,Action
Metal Soldiers 2,GAME,4.4,153381,Varies with device,"10,000,000+",Free,0,Teen,Action,2018-06-18,1.11.2,4.1 and up,10000000.0,0.0,,Action
Runner 3d like,GAME,4.5,559,32M,"100,000+",Free,0,Everyone 10+,Action,2018-08-03,1.0.7,4.0 and up,100000.0,0.0,32.0,Action
War Robots,GAME,4.6,3073251,33M,"50,000,000+",Free,0,Everyone 10+,Action,2018-07-25,4.1.1,4.1 and up,50000000.0,0.0,33.0,Action
Dinosaur Simulator: Dino World,GAME,4.0,26649,66M,"5,000,000+",Free,0,Teen,Action,2018-08-05,1.2,4.2 and up,5000000.0,0.0,66.0,Action
GUNSHIP BATTLE: Helicopter 3D,GAME,4.3,2151039,75M,"50,000,000+",Free,0,Teen,Action,2018-08-01,2.6.61,4.0.3 and up,50000000.0,0.0,75.0,Action
Quiz: Logo game,GAME,4.5,306764,29M,"10,000,000+",Free,0,Everyone,Trivia,2018-08-03,6.2,4.0.3 and up,10000000.0,0.0,29.0,Trivia
Jewels Legend - Match 3 Puzzle,GAME,4.6,280098,50M,"10,000,000+",Free,0,Everyone,Arcade,2018-07-20,2.11.2,4.0.3 and up,10000000.0,0.0,50.0,Arcade
Bubble Shooter Genies,GAME,4.5,26985,41M,"5,000,000+",Free,0,Everyone,Casual,2018-06-04,1.9.1,4.0.3 and up,5000000.0,0.0,41.0,Casual
Blossom Blast Saga,GAME,4.5,1125438,63M,"10,000,000+",Free,0,Everyone,Casual,2018-07-05,57.0.8,4.0.3 and up,10000000.0,0.0,63.0,Casual
Candy Bomb,GAME,4.4,42145,20M,"10,000,000+",Free,0,Everyone,Casual;Brain Games,2018-07-04,2.9.3181,4.0.3 and up,10000000.0,0.0,20.0,Casual
Gems or jewels ?,GAME,4.7,171448,13M,"10,000,000+",Free,0,Teen,Puzzle,2018-08-03,1.0.109,4.0 and up,10000000.0,0.0,13.0,Puzzle
Power Pop Bubbles,GAME,4.4,104303,Varies with device,"10,000,000+",Free,0,Everyone,Arcade,2018-08-02,3.15,4.1 and up,10000000.0,0.0,,Arcade
Jewels classic Prince,GAME,4.4,47644,15M,"5,000,000+",Free,0,Everyone,Puzzle,2018-06-15,2.4.2,4.0 and up,5000000.0,0.0,15.0,Puzzle
Fruit Block - Puzzle Legend,GAME,4.6,125647,33M,"10,000,000+",Free,0,Everyone,Casual,2018-07-23,60,4.1 and up,10000000.0,0.0,33.0,Casual
Bubble Shooter Space,GAME,4.2,4355,Varies with device,"1,000,000+",Free,0,Everyone,Casual,2017-07-17,1.6,2.3 and up,1000000.0,0.0,,Casual
1LINE – One Line with One Touch,GAME,4.6,214878,10M,"10,000,000+",Free,0,Everyone,Board,2018-08-03,2.0.4,4.1 and up,10000000.0,0.0,10.0,Board
Stick War: Legacy,GAME,4.6,811040,77M,"10,000,000+",Free,0,Teen,Strategy,2018-05-10,1.7.04,4.4 and up,10000000.0,0.0,77.0,Strategy
Marble Woka Woka 2018 - Bubble Shooter Match 3,GAME,4.6,155186,Varies with device,"10,000,000+",Free,0,Everyone,Puzzle,2018-08-03,1.3.35,4.1 and up,10000000.0,0.0,,Puzzle
Super Jabber Jump 3,GAME,4.3,34494,23M,"5,000,000+",Free,0,Everyone 10+,Arcade,2018-07-11,2.5.3182,2.3 and up,5000000.0,0.0,23.0,Arcade
Rush,GAME,4.6,260651,51M,"10,000,000+",Free,0,Everyone,Arcade,2018-02-14,1.1,4.0 and up,10000000.0,0.0,51.0,Arcade
Jetpack Joyride,GAME,4.4,4638163,96M,"100,000,000+",Free,0,Everyone 10+,Arcade,2018-07-19,1.10.12,4.1 and up,100000000.0,0.0,96.0,Arcade
Racing in Car 2,GAME,4.3,234110,38M,"50,000,000+",Free,0,Everyone,Racing,2016-11-22,1.0,2.3.3 and up,50000000.0,0.0,38.0,Racing
Dog Run - Pet Dog Simulator,GAME,4.7,48615,24M,"10,000,000+",Free,0,Everyone,Simulation;Action & Adventure,2018-05-22,1.4.12,4.1 and up,10000000.0,0.0,24.0,Simulation
Jewels Crush- Match 3 Puzzle,FAMILY,4.4,14774,19M,"1,000,000+",Free,0,Everyone,Casual;Brain Games,2018-07-23,1.9.3901,4.0.3 and up,1000000.0,0.0,19.0,Casual
Coloring & Learn,FAMILY,4.4,12753,51M,"5,000,000+",Free,0,Everyone,Educational;Creativity,2018-07-17,1.49,4.0.3 and up,5000000.0,0.0,51.0,Educational
Mahjong,FAMILY,4.5,33983,22M,"5,000,000+",Free,0,Everyone,Puzzle;Brain Games,2018-08-02,1.24.3181,4.0.3 and up,5000000.0,0.0,22.0,Puzzle
Super ABC! Learning games for kids! Preschool apps,FAMILY,4.6,20267,46M,"1,000,000+",Free,0,Everyone,Educational;Education,2018-07-16,1.1.6.7,4.1 and up,1000000.0,0.0,46.0,Educational
Toy Pop Cubes,FAMILY,4.5,5761,21M,"1,000,000+",Free,0,Everyone,Casual;Brain Games,2018-07-04,1.8.3181,4.0.3 and up,1000000.0,0.0,21.0,Casual
Educational Games 4 Kids,FAMILY,4.3,11618,39M,"5,000,000+",Free,0,Everyone,Educational;Education,2018-04-03,2.4,4.1 and up,5000000.0,0.0,39.0,Educational
Candy Pop Story,FAMILY,4.7,12948,23M,"1,000,000+",Free,0,Everyone,Casual;Brain Games,2018-05-24,2.0.3165,2.3 and up,1000000.0,0.0,23.0,Casual
Candy Smash,FAMILY,4.5,11436,15M,"1,000,000+",Free,0,Everyone,Casual;Brain Games,2018-04-17,2.2.3169,4.0.3 and up,1000000.0,0.0,15.0,Casual
Happy Fruits Bomb - Cube Blast,FAMILY,4.5,2150,20M,"500,000+",Free,0,Everyone,Casual;Brain Games,2018-02-01,1.0.3122,4.0.3 and up,500000.0,0.0,20.0,Casual
Princess Adventures Puzzles,FAMILY,4.4,382,44M,"500,000+",Free,0,Everyone,Education;Creativity,2018-08-01,1.1.0,2.3 and up,500000.0,0.0,44.0,Education
Kids Educational Game 3 Free,FAMILY,4.3,24936,38M,"5,000,000+",Free,0,Everyone,Educational;Education,2018-05-16,3.1,4.1 and up,5000000.0,0.0,38.0,Educational
Puzzle Kids - Animals Shapes and Jigsaw Puzzles,FAMILY,4.6,1109,52M,"1,000,000+",Free,0,Everyone,Educational;Brain Games,2018-07-18,1.0.6,4.1 and up,1000000.0,0.0,52.0,Educational
Baby Panda Care,FAMILY,4.2,108795,49M,"10,000,000+",Free,0,Everyone,Educational;Pretend Play,2018-06-15,8.25.10.00,4.0.3 and up,10000000.0,0.0,49.0,Educational
Kids Educational :All in One,FAMILY,4.5,1455,8.9M,"500,000+",Free,0,Everyone,Education;Education,2018-02-01,2.7,2.3 and up,500000.0,0.0,8.9,Education
Number Counting games for toddler preschool kids,FAMILY,4.3,1024,Varies with device,"1,000,000+",Free,0,Everyone,Educational;Education,2018-05-28,Varies with device,Varies with device,1000000.0,0.0,,Educational
Toca Kitchen 2,FAMILY,4.5,1014822,56M,"50,000,000+",Free,0,Everyone,Educational;Pretend Play,2017-06-29,1.2.3-play,4.1 and up,50000000.0,0.0,56.0,Educational
PJ Masks: Moonlight Heroes,FAMILY,4.4,86961,99M,"10,000,000+",Free,0,Everyone,Casual;Action & Adventure,2018-06-05,2.0.1,4.0.3 and up,10000000.0,0.0,99.0,Casual
Learn To Draw Glow Flower,FAMILY,4.4,7320,10M,"1,000,000+",Free,0,Everyone,Entertainment;Education,2017-07-07,1.0.1,4.0.3 and up,1000000.0,0.0,10.0,Entertainment
"No. Color - Color by Number, Number Coloring",FAMILY,4.8,269194,6.9M,"10,000,000+",Free,0,Everyone,Entertainment;Brain Games,2018-08-03,Varies with device,Varies with device,10000000.0,0.0,6.9,Entertainment
Draw.ly - Color by Number Pixel Art Coloring,FAMILY,4.4,18616,10M,"1,000,000+",Free,0,Everyone,Casual;Education,2018-08-05,1.0.9,4.0.3 and up,1000000.0,0.0,10.0,Casual
Baby puzzles,FAMILY,4.3,11950,19M,"5,000,000+",Free,0,Everyone,Educational;Education,2018-07-12,6.1,4.0.3 and up,5000000.0,0.0,19.0,Educational
Garden Fruit Legend,FAMILY,4.6,4289,33M,"500,000+",Free,0,Everyone,Casual;Brain Games,2018-07-31,3.5.3183,4.0.3 and up,500000.0,0.0,33.0,Casual
Candy Day,FAMILY,4.5,11716,48M,"1,000,000+",Free,0,Everyone,Casual;Brain Games,2018-08-03,8.4.3180,4.0 and up,1000000.0,0.0,48.0,Casual
Learn To Draw Glow Princess,FAMILY,4.5,3323,9.6M,"1,000,000+",Free,0,Everyone,Casual;Pretend Play,2017-07-14,1.0.1,4.0.3 and up,1000000.0,0.0,9.6,Casual
ABC Kids - Tracing & Phonics,FAMILY,4.5,36606,Varies with device,"10,000,000+",Free,0,Everyone,Educational;Education,2018-06-22,Varies with device,4.0 and up,10000000.0,0.0,,Educational
Barbie Magical Fashion,FAMILY,4.0,328619,15M,"10,000,000+",Free,0,Everyone,Casual;Creativity,2017-10-06,2.2,4.1 and up,10000000.0,0.0,15.0,Casual
Piano Kids - Music & Songs,FAMILY,4.6,46741,50M,"10,000,000+",Free,0,Everyone,Music;Music & Video,2018-08-03,1.73,4.0.3 and up,10000000.0,0.0,50.0,Music
Farming Simulator 14,FAMILY,4.5,530854,51M,"10,000,000+",Free,0,Everyone,Simulation;Action & Adventure,2017-07-17,1.4.4,2.3.3 and up,10000000.0,0.0,51.0,Simulation
Educational Games for Kids,FAMILY,4.5,7050,24M,"1,000,000+",Free,0,Everyone,Educational;Education,2018-05-27,2.0,4.0 and up,1000000.0,0.0,24.0,Educational
Fruit Boom,FAMILY,4.4,17753,16M,"1,000,000+",Free,0,Everyone,Casual;Brain Games,2018-05-25,2.2.3172,4.0.3 and up,1000000.0,0.0,16.0,Casual
Hot Wheels: Race Off,FAMILY,4.5,520609,Varies with device,"10,000,000+",Free,0,Everyone,Racing;Action & Adventure,2018-06-28,Varies with device,4.4 and up,10000000.0,0.0,,Racing
Baby Tiger Care - My Cute Virtual Pet Friend,FAMILY,4.5,432,63M,"100,000+",Free,0,Everyone 10+,Educational;Education,2018-07-27,1.0.89,4.4 and up,100000.0,0.0,63.0,Educational
Strawberry Shortcake Ice Cream Island,FAMILY,4.2,32029,15M,"5,000,000+",Free,0,Everyone,Casual;Pretend Play,2017-11-06,1.2,4.1 and up,5000000.0,0.0,15.0,Casual
Rhythm Patrol,FAMILY,4.3,4207,26M,"100,000+",Free,0,Everyone,Music;Music & Video,2018-07-23,2.180723,4.1 and up,100000.0,0.0,26.0,Music
Kiddopia - Preschool Learning Games,FAMILY,4.5,64,81M,"10,000+",Free,0,Everyone,Educational;Education,2018-07-18,1.1.2,5.0 and up,10000.0,0.0,81.0,Educational
Toca Mystery House,FAMILY,4.2,96,79M,"5,000+",Paid,$3.99,Everyone,Educational;Creativity,2018-06-14,1.0.1,4.4 and up,5000.0,3.99,79.0,Educational
DisneyNOW – TV Shows & Games,FAMILY,4.3,82471,Varies with device,"5,000,000+",Free,0,Everyone,Entertainment;Music & Video,2018-07-05,Varies with device,4.4 and up,5000000.0,0.0,,Entertainment
Papumba Academy - Fun Learning For Kids,FAMILY,4.4,496,94M,"100,000+",Free,0,Everyone,Education;Education,2018-07-11,1.0,4.2 and up,100000.0,0.0,94.0,Education
Drawing for Kids Learning Games for Toddlers age 3,FAMILY,4.6,29436,43M,"1,000,000+",Free,0,Everyone,Educational;Education,2018-03-21,2.0.5.0,4.1 and up,1000000.0,0.0,43.0,Educational
Baby Panda’s Juice Shop,FAMILY,4.5,19230,45M,"5,000,000+",Free,0,Everyone,Educational;Brain Games,2018-07-12,8.25.10.01,4.0.3 and up,5000000.0,0.0,45.0,Educational
Dr. Panda Restaurant 3,FAMILY,4.2,11126,91M,"1,000,000+",Free,0,Everyone,Educational;Pretend Play,2018-03-23,1.6.4,4.1 and up,1000000.0,0.0,91.0,Educational
LEGO® Friends: Heartlake Rush,FAMILY,4.5,23671,91M,"1,000,000+",Free,0,Everyone,Arcade;Pretend Play,2018-07-31,1.2.0,4.1 and up,1000000.0,0.0,91.0,Arcade
Baby ABC in box! Kids alphabet games for toddlers!,FAMILY,4.6,9652,53M,"1,000,000+",Free,0,Everyone,Educational;Education,2018-07-16,2.0.7.4,4.1 and up,1000000.0,0.0,53.0,Educational
Henry Danger Crime Warp,FAMILY,4.6,9626,28M,"1,000,000+",Free,0,Everyone,Action;Action & Adventure,2018-02-07,1.1,4.4 and up,1000000.0,0.0,28.0,Action
Thomas & Friends: Race On!,FAMILY,4.1,29319,26M,"5,000,000+",Free,0,Everyone,Casual;Action & Adventure,2018-05-18,2.4,4.4 and up,5000000.0,0.0,26.0,Casual
Super School: Educational Kids Games & Rhymes,FAMILY,4.5,1791,56M,"500,000+",Free,0,Everyone,Education;Education,2018-06-02,5.3.11,5.0 and up,500000.0,0.0,56.0,Education
Fruit Cube Blast,FAMILY,4.6,9199,80M,"500,000+",Free,0,Everyone,Puzzle;Brain Games,2018-08-03,1.2.7,4.1 and up,500000.0,0.0,80.0,Puzzle
Toddler Kids Puzzles PUZZINGO,FAMILY,4.6,14014,60M,"1,000,000+",Free,0,Everyone,Education;Education,2018-07-06,7.32,4.0.3 and up,1000000.0,0.0,60.0,Education
Happy Street,FAMILY,4.5,110877,Varies with device,"1,000,000+",Free,0,Everyone 10+,Casual;Action & Adventure,2018-03-28,Varies with device,Varies with device,1000000.0,0.0,,Casual
Intellijoy Early Learning Academy,FAMILY,4.3,160,67M,"50,000+",Free,0,Everyone,Education;Education,2018-06-18,3.4.0,Varies with device,50000.0,0.0,67.0,Education
Dr. Panda Town: Vacation,FAMILY,3.8,10366,78M,"1,000,000+",Free,0,Everyone,Education;Pretend Play,2018-07-24,1.2.1,4.1 and up,1000000.0,0.0,78.0,Education
Leo and Tig,FAMILY,4.5,47644,27M,"1,000,000+",Free,0,Everyone,Adventure;Action & Adventure,2018-05-31,10.180530,4.0.3 and up,1000000.0,0.0,27.0,Adventure
School of Dragons,FAMILY,4.1,530792,Varies with device,"10,000,000+",Free,0,Everyone,Role Playing;Action & Adventure,2018-05-30,Varies with device,Varies with device,10000000.0,0.0,,Role Playing
Fuzzy Seasons: Animal Forest,FAMILY,4.8,12137,63M,"100,000+",Free,0,Everyone 10+,Simulation;Pretend Play,2018-08-06,149,4.1 and up,100000.0,0.0,63.0,Simulation
Montessori Preschool,FAMILY,3.9,237,26M,"100,000+",Free,0,Everyone,Education;Education,2018-07-12,1.7.2,4.1 and up,100000.0,0.0,26.0,Education
Kids Corner: Interactive Tales and Games for kids,FAMILY,4.5,6404,46M,"500,000+",Free,0,Everyone,Educational;Brain Games,2018-07-16,1.8.3,4.1 and up,500000.0,0.0,46.0,Educational
Cutie Cubies,FAMILY,4.4,6356,83M,"500,000+",Free,0,Everyone,Puzzle;Creativity,2018-07-04,1.180702,4.1 and up,500000.0,0.0,83.0,Puzzle
My Little Princess : Stores,FAMILY,4.3,169,60M,"5,000+",Paid,$2.99,Everyone,Educational;Pretend Play,2018-05-25,1.08,4.1 and up,5000.0,2.99,60.0,Educational
Sago Mini Big City,FAMILY,4.2,8,44M,"1,000+",Paid,$3.99,Everyone,Education;Pretend Play,2018-07-09,1.1,4.4 and up,1000.0,3.99,44.0,Education
Pinkalicious Party,FAMILY,3.0,2,82M,500+,Paid,$2.99,Everyone,Educational;Creativity,2018-06-25,1.5.0,4.1 and up,500.0,2.99,82.0,Educational
Moana Island Life,FAMILY,4.1,15246,78M,"1,000,000+",Free,0,Everyone,Simulation;Action & Adventure,2017-07-12,3.2.473.202,4.0 and up,1000000.0,0.0,78.0,Simulation
Basketball FRVR - Shoot the Hoop and Slam Dunk!,FAMILY,4.5,4076,Varies with device,"100,000+",Free,0,Everyone,Sports;Action & Adventure,2018-08-01,1.3.3,4.1 and up,100000.0,0.0,,Sports
My Oasis - Calming and Relaxing Idle Clicker Game,FAMILY,4.6,106750,94M,"1,000,000+",Free,0,Everyone,Simulation;Action & Adventure,2018-06-29,1.221,4.1 and up,1000000.0,0.0,94.0,Simulation
My Little Pony Rainbow Runners,FAMILY,4.3,33785,16M,"5,000,000+",Free,0,Everyone,Casual;Action & Adventure,2017-12-20,1.3,4.1 and up,5000000.0,0.0,16.0,Casual
Extreme Racing 2 - Real driving RC cars game!,FAMILY,4.3,4207,93M,"500,000+",Free,0,Everyone,Racing;Action & Adventure,2017-08-31,1.1.9,4.1 and up,500000.0,0.0,93.0,Racing
Cars: Lightning League,FAMILY,4.5,58795,77M,"10,000,000+",Free,0,Everyone,Racing;Action & Adventure,2018-05-21,1.6,4.0.3 and up,10000000.0,0.0,77.0,Racing
Little Panda Run,FAMILY,4.2,3235,32M,"1,000,000+",Free,0,Everyone,Educational;Action & Adventure,2018-06-20,8.25.10.00,4.0.3 and up,1000000.0,0.0,32.0,Educational
Snoopy's Town Tale - City Building Simulator,FAMILY,4.2,47031,58M,"1,000,000+",Free,0,Everyone,Simulation;Action & Adventure,2018-07-30,3.2.4,4.4 and up,1000000.0,0.0,58.0,Simulation
Car Racing game for Kids - Beepzz Dogs 🐕,FAMILY,4.4,131,48M,"100,000+",Free,0,Everyone,Racing;Action & Adventure,2018-06-13,1.1.1,4.2 and up,100000.0,0.0,48.0,Racing
Pony Friends 🦄 - Beepzz racing game for kids,FAMILY,4.5,114,69M,"50,000+",Free,0,Everyone,Racing;Action & Adventure,2018-06-13,1.4.3,4.2 and up,50000.0,0.0,69.0,Racing
LEGO® Juniors Create & Cruise,FAMILY,4.1,673203,73M,"50,000,000+",Free,0,Everyone,Educational;Action & Adventure,2018-01-19,6.7.5222,4.1 and up,50000000.0,0.0,73.0,Educational
Xtreme Racing 2018 - Jeep & 4x4 off road simulator,FAMILY,4.2,2178,99M,"500,000+",Free,0,Everyone,Racing;Action & Adventure,2017-08-23,1.0.8,4.1 and up,500000.0,0.0,99.0,Racing
Thomas & Friends: Go Go Thomas,FAMILY,4.1,175625,16M,"10,000,000+",Free,0,Everyone,Racing;Action & Adventure,2017-11-22,1.4,4.1 and up,10000000.0,0.0,16.0,Racing
Ninja Dash - Ronin Jump RPG,FAMILY,4.7,8508,54M,"500,000+",Free,0,Everyone 10+,Arcade;Action & Adventure,2018-08-02,1.1.23,4.0.3 and up,500000.0,0.0,54.0,Arcade
Paw Patrol by ShuffleCards,FAMILY,4.3,3484,56M,"1,000,000+",Free,0,Everyone,Entertainment;Action & Adventure,2017-03-07,1.0.1,4.0 and up,1000000.0,0.0,56.0,Entertainment
Plants vs. Zombies™ Heroes,FAMILY,4.4,379415,68M,"10,000,000+",Free,0,Everyone,Casual;Action & Adventure,2018-06-26,1.28.01,4.1 and up,10000000.0,0.0,68.0,Casual
Transformers Rescue Bots: Disaster Dash,FAMILY,4.4,19245,25M,"1,000,000+",Free,0,Everyone,Casual;Action & Adventure,2018-03-28,1.3,4.1 and up,1000000.0,0.0,25.0,Casual
PAC-MAN Pop,FAMILY,4.3,24877,54M,"5,000,000+",Free,0,Everyone,Puzzle;Action & Adventure,2018-06-20,2.1.6579,4.1 and up,5000000.0,0.0,54.0,Puzzle
L.O.L. Surprise Ball Pop,FAMILY,4.3,10088,Varies with device,"1,000,000+",Free,0,Everyone,Casual;Action & Adventure,2018-03-08,Varies with device,4.1 and up,1000000.0,0.0,,Casual
Little Fire Station,FAMILY,4.2,3762,44M,"1,000,000+",Free,0,Everyone,Education;Action & Adventure,2018-07-02,1.47,4.3 and up,1000000.0,0.0,44.0,Education
Ice Cream Jump,FAMILY,4.2,141363,8.7M,"10,000,000+",Free,0,Everyone,Casual;Action & Adventure,2018-01-21,1.20.2,2.3 and up,10000000.0,0.0,8.7,Casual
Disney Magic Kingdoms: Build Your Own Magical Park,FAMILY,4.3,472584,91M,"10,000,000+",Free,0,Everyone,Simulation;Action & Adventure,2018-08-02,3.2.0h,4.0.3 and up,10000000.0,0.0,91.0,Simulation
Turbo FAST,FAMILY,4.3,1329192,97M,"50,000,000+",Free,0,Everyone,Racing;Action & Adventure,2017-10-04,2.1.20,2.3.3 and up,50000000.0,0.0,97.0,Racing
My Little Pony: Harmony Quest,FAMILY,4.1,148295,26M,"10,000,000+",Free,0,Everyone,Casual;Action & Adventure,2018-03-05,1.6,4.1 and up,10000000.0,0.0,26.0,Casual
Transformers Rescue Bots: Hero Adventures,FAMILY,4.2,41273,16M,"5,000,000+",Free,0,Everyone,Adventure;Action & Adventure,2018-07-05,1.5,4.1 and up,5000000.0,0.0,16.0,Adventure
Robots Vs Zombies: Transform To Race And Fight,FAMILY,4.5,278,Varies with device,"100,000+",Free,0,Everyone,Racing;Action & Adventure,2018-07-11,3.49,4.2 and up,100000.0,0.0,,Racing
Equestria Girls,FAMILY,4.3,392596,53M,"10,000,000+",Free,0,Everyone,Role Playing;Action & Adventure,2016-07-22,37893,4.0 and up,10000000.0,0.0,53.0,Role Playing
Disney Crossy Road,FAMILY,4.5,514088,83M,"10,000,000+",Free,0,Everyone,Arcade;Action & Adventure,2018-05-30,3.200.18289,4.4 and up,10000000.0,0.0,83.0,Arcade
Touch Racing 2 - Mini RC Race,FAMILY,4.1,41867,78M,"1,000,000+",Free,0,Everyone,Racing;Action & Adventure,2017-05-18,1.4.2.1,2.3.3 and up,1000000.0,0.0,78.0,Racing
Doctor Pets,FAMILY,4.2,23060,21M,"1,000,000+",Free,0,Everyone,Educational;Education,2018-07-26,1.19,4.1 and up,1000000.0,0.0,21.0,Educational
Supermarket – Game for Kids,FAMILY,4.4,112080,26M,"10,000,000+",Free,0,Everyone,Casual;Pretend Play,2018-07-26,1.24,4.1 and up,10000000.0,0.0,26.0,Casual
Supermarket Manager: Cashier Simulator Kids Games,FAMILY,4.0,15489,60M,"1,000,000+",Free,0,Everyone,Casual;Pretend Play,2017-10-11,2.4.9,4.0 and up,1000000.0,0.0,60.0,Casual
Kids Animals Jigsaw Puzzles 😄,FAMILY,4.1,51895,22M,"10,000,000+",Free,0,Everyone,Educational;Brain Games,2018-06-16,18.1,4.2 and up,10000000.0,0.0,22.0,Educational
Inside Out Thought Bubbles,FAMILY,4.4,623398,58M,"10,000,000+",Free,0,Everyone,Puzzle;Brain Games,2017-08-31,1.22.0,4.0.3 and up,10000000.0,0.0,58.0,Puzzle
Monster High™,FAMILY,4.1,66661,22M,"5,000,000+",Free,0,Everyone,Casual;Pretend Play,2018-02-02,5.2,4.1 and up,5000000.0,0.0,22.0,Casual
Cute Pet Puppies,FAMILY,4.0,10447,36M,"1,000,000+",Free,0,Everyone,Simulation;Action & Adventure,2016-02-18,1.0.4,2.3 and up,1000000.0,0.0,36.0,Simulation
Frozen Free Fall,FAMILY,4.3,1574197,37M,"50,000,000+",Free,0,Everyone,Puzzle;Action & Adventure,2018-07-27,6.7.0,4.2 and up,50000000.0,0.0,37.0,Puzzle
Monster High™ Minis Mania,FAMILY,4.6,19170,70M,"1,000,000+",Free,0,Everyone,Strategy;Action & Adventure,2017-03-15,1.4.2,4.0.3 and up,1000000.0,0.0,70.0,Strategy
Shopkins World!,FAMILY,4.3,169609,34M,"10,000,000+",Free,0,Everyone,Arcade;Action & Adventure,2018-06-13,3.6.1,4.1 and up,10000000.0,0.0,34.0,Arcade
Monica Toy TV,FAMILY,4.7,6188,49M,"500,000+",Free,0,Everyone 10+,Entertainment;Music & Video,2018-04-03,1.6.4,4.1 and up,500000.0,0.0,49.0,Entertainment
Toy Guitar with songs for kids,FAMILY,4.3,1369,9.8M,"500,000+",Free,0,Everyone,Music & Audio;Music & Video,2016-03-05,1.0.3,2.3 and up,500000.0,0.0,9.8,Music & Audio
Endless Numbers,FAMILY,4.4,2952,37M,"500,000+",Free,0,Everyone,Education;Education,2018-06-19,1.2.0,5.1 and up,500000.0,0.0,37.0,Education
Toddler Learning Games - Little Kids Games,FAMILY,4.2,731,Varies with device,"100,000+",Free,0,Everyone,Educational;Education,2018-07-28,3.7.2.7,4.2 and up,100000.0,0.0,,Educational
Sworkit Kids - Fitness Meets Fun,FAMILY,4.7,9856,55M,"100,000+",Free,0,Everyone,Health & Fitness;Education,2016-02-02,1.1.1,4.0 and up,100000.0,0.0,55.0,Health & Fitness
Earth to Luna! Watch and Play,FAMILY,3.9,10753,84M,"1,000,000+",Free,0,Everyone,Educational;Education,2018-07-23,2.5.6,4.1 and up,1000000.0,0.0,84.0,Educational
Nancy Drew Codes and Clues,FAMILY,4.1,154,16M,"10,000+",Free,0,Everyone,Educational;Education,2017-01-13,2.0.0,4.1 and up,10000.0,0.0,16.0,Educational
Masha and the Bear Child Games,FAMILY,4.1,288523,92M,"10,000,000+",Free,0,Everyone,Adventure;Education,2018-05-08,2.7.4,4.0 and up,10000000.0,0.0,92.0,Adventure
codeSpark Academy & The Foos,FAMILY,4.1,4522,57M,"500,000+",Free,0,Everyone,Educational;Education,2018-06-21,2.19.01,4.1 and up,500000.0,0.0,57.0,Educational
Toca Builders,FAMILY,4.2,3328,Varies with device,"100,000+",Paid,$3.99,Everyone,Education;Creativity,2017-07-13,Varies with device,Varies with device,100000.0,3.99,,Education
LEGO® Friends,FAMILY,4.4,854,6.9M,"10,000+",Paid,$4.99,Everyone,Casual;Pretend Play,2015-12-01,Varies with device,4.0.3 and up,10000.0,4.99,6.9,Casual
My Little Work – Garage,FAMILY,4.3,560,44M,"10,000+",Paid,$3.99,Everyone,Casual;Education,2015-06-17,2.0.1,2.3 and up,10000.0,3.99,44.0,Casual
"Alizay, pirate girl",FAMILY,4.5,197,11M,"1,000+",Paid,$2.99,Everyone,Casual;Action & Adventure,2017-03-23,4.0.2,2.3 and up,1000.0,2.99,11.0,Casual
Word Search Games in english,FAMILY,4.3,63186,16M,"10,000,000+",Free,0,Everyone,Puzzle;Brain Games,2018-07-12,7.5,4.0.3 and up,10000000.0,0.0,16.0,Puzzle
Chess Free,FAMILY,4.3,23772,17M,"5,000,000+",Free,0,Everyone,Board;Brain Games,2017-08-02,1.15.3028.0,2.3 and up,5000000.0,0.0,17.0,Board
Tic Tac Toe,FAMILY,4.1,6007,18M,"1,000,000+",Free,0,Everyone,Board;Action & Adventure,2017-07-03,1.6.3028.0,2.3 and up,1000000.0,0.0,18.0,Board
Dominos Game ✔️,FAMILY,4.1,2903,16M,"1,000,000+",Free,0,Everyone,Board;Brain Games,2018-07-05,5.2,4.1 and up,1000000.0,0.0,16.0,Board
Checkers ✔️,FAMILY,4.1,3617,19M,"1,000,000+",Free,0,Everyone,Board;Brain Games,2018-07-24,4.0.2,4.1 and up,1000000.0,0.0,19.0,Board
Crazy Colors: Bubbles Matching,FAMILY,4.6,3063,1.6M,"100,000+",Free,0,Everyone,Board;Brain Games,2018-05-24,2.9.7,3.0 and up,100000.0,0.0,1.6,Board
Chess for Kids - Play & Learn,FAMILY,4.1,3234,47M,"100,000+",Free,0,Everyone,Puzzle;Brain Games,2018-05-15,2.2.3,4.1 and up,100000.0,0.0,47.0,Puzzle
Block Puzzle : Night in Egypt,FAMILY,4.4,276,16M,"50,000+",Free,0,Everyone,Puzzle;Brain Games,2017-09-12,1.2.16,2.3 and up,50000.0,0.0,16.0,Puzzle
Mosaic puzzles,FAMILY,4.4,1595,14M,"500,000+",Free,0,Everyone,Puzzle;Brain Games,2018-07-04,2.8,4.0.3 and up,500000.0,0.0,14.0,Puzzle
Chess School for Beginners,FAMILY,4.3,879,Varies with device,"100,000+",Free,0,Everyone,Board;Brain Games,2018-05-22,1.1.0,4.1 and up,100000.0,0.0,,Board
RISK: Global Domination,FAMILY,4.0,68559,75M,"5,000,000+",Free,0,Everyone,Board;Action & Adventure,2018-07-31,1.19.56.434,4.4 and up,5000000.0,0.0,75.0,Board
Pino chess,FAMILY,4.8,61,25M,"1,000+",Free,0,Everyone,Casual;Brain Games,2017-01-26,0.1.0,4.0 and up,1000.0,0.0,25.0,Casual
Chess PRO Free,FAMILY,3.8,1123,5.7M,"100,000+",Free,0,Everyone,Board;Brain Games,2016-09-08,4.2,2.3 and up,100000.0,0.0,5.7,Board
Children Educational Game Full,FAMILY,4.7,30,Varies with device,"1,000+",Paid,$7.49,Everyone,Educational;Education,2018-05-16,Varies with device,Varies with device,1000.0,7.49,,Educational
All-in-One Mahjong 3 FREE,FAMILY,4.5,566,17M,"50,000+",Free,0,Everyone,Board;Brain Games,2018-06-13,20180609,4.0 and up,50000.0,0.0,17.0,Board
Hactar Go,FAMILY,4.8,97,3.5M,"1,000+",Paid,$2.99,Everyone,Board;Brain Games,2018-03-30,2.4.15,4.0 and up,1000.0,2.99,3.5,Board
All-in-One Mahjong 3,FAMILY,4.4,38,16M,100+,Paid,$0.99,Everyone,Board;Brain Games,2018-06-14,20180609,4.0 and up,100.0,0.99,16.0,Board
World Racers family board game,FAMILY,4.8,4,42M,100+,Paid,$0.99,Everyone,Board;Pretend Play,2015-09-03,1.1,5.1 and up,100.0,0.99,42.0,Board
SweetLand — Family Board Game,FAMILY,4.2,38,47M,"1,000+",Paid,$0.99,Everyone,Casual;Pretend Play,2014-11-14,1.2,2.3.3 and up,1000.0,0.99,47.0,Casual
Steam: Rails to Riches,FAMILY,4.2,214,67M,"5,000+",Paid,$4.99,Everyone,Board;Brain Games,2017-12-13,3.3.1,4.1 and up,5000.0,4.99,67.0,Board
Whoowasit? - Best kids game!,FAMILY,4.0,248,26M,"5,000+",Paid,$2.99,Everyone,Board;Action & Adventure,2018-07-24,1.6,4.1 and up,5000.0,2.99,26.0,Board
Lanterns: The Harvest Festival,FAMILY,4.7,185,72M,"1,000+",Paid,$4.99,Everyone,Board;Brain Games,2018-05-01,1.16.5,4.1 and up,1000.0,4.99,72.0,Board
Tsuro - The Game of the Path,FAMILY,4.7,2195,37M,"10,000+",Paid,$2.99,Everyone,Board;Brain Games,2016-08-02,1.3.3,2.3 and up,10000.0,2.99,37.0,Board
THE aMAZEing Labyrinth,FAMILY,3.9,1615,1.2M,"10,000+",Paid,$4.99,Everyone,Board;Brain Games,2016-02-09,1.0.3,4.0 and up,10000.0,4.99,1.2,Board
Chess and Mate,FAMILY,4.5,359,17M,"5,000+",Paid,$4.99,Everyone,Board;Brain Games,2015-08-12,2.0.5,2.3 and up,5000.0,4.99,17.0,Board
Kids Balloon Pop Game Free 🎈,FAMILY,4.1,38021,19M,"10,000,000+",Free,0,Everyone,Casual;Music & Video,2018-07-06,18.2,4.0.3 and up,10000000.0,0.0,19.0,Casual
Sounds for Toddlers FREE,FAMILY,4.4,6190,23M,"1,000,000+",Free,0,Everyone,Educational;Education,2015-08-24,1.7.1,4.0 and up,1000000.0,0.0,23.0,Educational
Elmo Calls by Sesame Street,FAMILY,3.9,6903,25M,"1,000,000+",Free,0,Everyone,Educational;Pretend Play,2018-01-31,2.0.7,2.3 and up,1000000.0,0.0,25.0,Educational
Sago Mini Friends,FAMILY,4.4,13155,83M,"1,000,000+",Free,0,Everyone,Education;Pretend Play,2016-06-16,1.3,4.0.3 and up,1000000.0,0.0,83.0,Education
Tee and Mo Bath Time Free,FAMILY,3.6,418,97M,"100,000+",Free,0,Everyone,Educational;Education,2016-11-07,1.0.3,4.0.3 and up,100000.0,0.0,97.0,Educational
Bita and the Animals - Pelos Ares,FAMILY,4.4,1160,37M,"100,000+",Free,0,Everyone,Education;Music & Video,2013-05-22,1.0,2.2 and up,100000.0,0.0,37.0,Education
TO-FU Oh!SUSHI,FAMILY,4.1,59917,92M,"5,000,000+",Free,0,Everyone,Education;Pretend Play,2018-07-31,2.3,4.4 and up,5000000.0,0.0,92.0,Education
DreamWorks Friends,FAMILY,3.6,1042,48M,"100,000+",Free,0,Everyone,Role Playing;Pretend Play,2017-08-04,2.5,4.3 and up,100000.0,0.0,48.0,Role Playing
Avokiddo Emotions,FAMILY,4.6,73,12M,"1,000+",Paid,$2.99,Everyone,Education;Pretend Play,2018-05-21,1.7.0,4.0.3 and up,1000.0,2.99,12.0,Education
Nighty Night Circus,FAMILY,4.3,382,15M,"10,000+",Paid,$2.99,Everyone,Education;Action & Adventure,2017-03-07,2.6,2.3 and up,10000.0,2.99,15.0,Education
Sago Mini Babies,FAMILY,4.5,253,83M,"10,000+",Paid,$3.99,Everyone,Education;Pretend Play,2016-10-28,1.1,4.0.3 and up,10000.0,3.99,83.0,Education
Dr. Panda & Toto's Treehouse,FAMILY,4.4,3396,9.5M,"50,000+",Paid,$3.99,Everyone,Casual;Pretend Play,2014-12-09,1.8,4.0 and up,50000.0,3.99,9.5,Casual
Fun Kid Racing - Motocross,FAMILY,4.1,59729,Varies with device,"10,000,000+",Free,0,Everyone,Racing;Action & Adventure,2018-06-27,3.46,4.2 and up,10000000.0,0.0,,Racing
Barbie Life™,FAMILY,3.9,133117,63M,"5,000,000+",Free,0,Everyone,Casual;Pretend Play,2018-07-12,2.6,4.1 and up,5000000.0,0.0,63.0,Casual
Palace Pets in Whisker Haven,FAMILY,4.1,47213,14M,"5,000,000+",Free,0,Everyone,Entertainment;Pretend Play,2017-12-09,1.8,4.2 and up,5000000.0,0.0,14.0,Entertainment
Sweet Baby Girl - Dream House and Play Time,FAMILY,3.9,95537,58M,"10,000,000+",Free,0,Everyone,Educational;Education,2018-07-13,2.2.54,4.4 and up,10000000.0,0.0,58.0,Educational
Hello Kitty Lunchbox,FAMILY,4.2,51838,15M,"5,000,000+",Free,0,Everyone,Casual;Creativity,2017-11-21,1.6,4.1 and up,5000000.0,0.0,15.0,Casual
Sweet Baby Girl Newborn Baby,FAMILY,3.8,36028,50M,"5,000,000+",Free,0,Everyone,Educational;Education,2018-07-02,1.3.51,4.4 and up,5000000.0,0.0,50.0,Educational
COOKING MAMA Let's Cook!,FAMILY,4.3,528745,59M,"10,000,000+",Free,0,Everyone,Educational;Pretend Play,2018-07-26,1.38.0,4.1 and up,10000000.0,0.0,59.0,Educational
Ever After High™ Charmed Style,FAMILY,3.9,44062,54M,"1,000,000+",Free,0,Everyone,Casual;Pretend Play,2016-12-30,1.3,4.0.3 and up,1000000.0,0.0,54.0,Casual
Fun Kid Racing,FAMILY,4.0,79667,Varies with device,"10,000,000+",Free,0,Everyone,Racing;Action & Adventure,2018-08-03,3.52,4.2 and up,10000000.0,0.0,,Racing
Learn to Read with Tommy Turtle,FAMILY,4.0,20763,Varies with device,"5,000,000+",Free,0,Everyone,Educational;Education,2018-03-06,3.6.17,2.3 and up,5000000.0,0.0,,Educational
Mad Libs,FAMILY,4.0,8126,61M,"1,000,000+",Free,0,Everyone,Entertainment;Brain Games,2018-07-31,1.1.1,6.0 and up,1000000.0,0.0,61.0,Entertainment
ABCmouse.com,FAMILY,4.3,50887,91M,"5,000,000+",Free,0,Everyone,Education;Education,2018-07-03,7.2.0,4.4 and up,5000000.0,0.0,91.0,Education
My Little Pony Celebration,FAMILY,4.3,63160,17M,"1,000,000+",Free,0,Everyone,Simulation;Pretend Play,2016-07-22,1.0.0,2.3 and up,1000000.0,0.0,17.0,Simulation
Thomas & Friends: Delivery,FAMILY,4.2,28737,17M,"1,000,000+",Free,0,Everyone,Casual;Action & Adventure,2016-02-05,1.0,2.3 and up,1000000.0,0.0,17.0,Casual
Nasty Goats,FAMILY,4.3,45579,64M,"1,000,000+",Free,0,Everyone,Arcade;Action & Adventure,2016-04-14,1.1.0,4.0 and up,1000000.0,0.0,64.0,Arcade
Starfall Free & Member,FAMILY,4.2,19720,41M,"1,000,000+",Free,0,Everyone,Education;Education,2017-11-07,1.35.23,4.0 and up,1000000.0,0.0,41.0,Education
Animal Jam - Play Wild!,FAMILY,4.6,361970,58M,"5,000,000+",Free,0,Everyone,Casual;Pretend Play,2018-08-02,28.0.14,4.1 and up,5000000.0,0.0,58.0,Casual
Video Editor,FAMILY,4.1,159619,23M,"5,000,000+",Free,0,Everyone,Video Players & Editors;Creativity,2018-07-17,6.14.091,4.3 and up,5000000.0,0.0,23.0,Video Players & Editors
Real Racing 3,FAMILY,4.5,354384,71M,"10,000,000+",Free,0,Everyone,Racing;Action & Adventure,2018-07-02,6.4.0,4.1 and up,10000000.0,0.0,71.0,Racing
Minecraft,FAMILY,4.5,2376564,Varies with device,"10,000,000+",Paid,$6.99,Everyone 10+,Arcade;Action & Adventure,2018-07-24,1.5.2.1,Varies with device,10000000.0,6.99,,Arcade
Card Wars - Adventure Time,FAMILY,4.3,129603,23M,"1,000,000+",Paid,$2.99,Everyone 10+,Card;Action & Adventure,2016-02-11,1.11.0,2.3.3 and up,1000000.0,2.99,23.0,Card
Monash Uni Low FODMAP Diet,MEDICAL,4.2,1135,12M,"100,000+",Paid,$9.00,Everyone,Medical,2018-07-16,2.0.7,4.0 and up,100000.0,9.0,12.0,Medical
iBP Blood Pressure,MEDICAL,4.4,578,704k,"10,000+",Paid,$0.99,Everyone,Medical,2014-11-30,7.0.1,2.2 and up,10000.0,0.99,0.6875,Medical
Pedi STAT,MEDICAL,4.6,129,2.9M,"10,000+",Paid,$5.49,Everyone,Medical,2018-04-06,3.0.1.0,4.1 and up,10000.0,5.49,2.9,Medical
ASCCP Mobile,MEDICAL,4.5,63,25M,"10,000+",Paid,$9.99,Everyone,Medical,2016-10-03,2.1.1,2.2 and up,10000.0,9.99,25.0,Medical
Journal Club: Medicine,MEDICAL,4.8,216,Varies with device,"10,000+",Paid,$6.99,Everyone,Medical,2017-06-17,Varies with device,Varies with device,10000.0,6.99,,Medical
Paramedic Protocol Provider,MEDICAL,4.5,171,20M,"10,000+",Paid,$10.00,Everyone 10+,Medical,2017-09-21,1.8.3,4.1 and up,10000.0,10.0,20.0,Medical
MommyMeds,MEDICAL,3.2,45,21M,"5,000+",Paid,$3.99,Everyone,Medical,2017-11-15,2.0.1,6.0 and up,5000.0,3.99,21.0,Medical
Medical ID - In Case of Emergency (ICE),MEDICAL,4.6,717,5.4M,"5,000+",Paid,$5.99,Everyone,Medical,2018-05-31,6.5.0,5.0 and up,5000.0,5.99,5.4,Medical
Human Anatomy Atlas 2018: Complete 3D Human Body,MEDICAL,4.5,2921,25M,"100,000+",Paid,$24.99,Everyone,Medical,2018-05-25,2018.5.47,5.0 and up,100000.0,24.99,25.0,Medical
Essential Anatomy 3,MEDICAL,4.1,1533,42M,"50,000+",Paid,$11.99,Mature 17+,Medical,2014-08-07,1.1.3,4.0.3 and up,50000.0,11.99,42.0,Medical
Vargo Anesthesia Mega App,MEDICAL,4.6,92,32M,"1,000+",Paid,$79.99,Everyone,Medical,2018-06-18,19.0,4.0.3 and up,1000.0,79.99,32.0,Medical
EMT Review Plus,MEDICAL,4.5,199,1.8M,"10,000+",Paid,$11.99,Everyone,Medical,2018-06-27,3.0.5,4.4W and up,10000.0,11.99,1.8,Medical
Muscle Trigger Point Anatomy,MEDICAL,4.4,1361,33M,"50,000+",Paid,$2.99,Everyone,Medical,2018-07-17,2.4.4,4.0.3 and up,50000.0,2.99,33.0,Medical
2017 EMRA Antibiotic Guide,MEDICAL,4.4,12,3.8M,"1,000+",Paid,$16.99,Everyone,Medical,2017-01-27,1.0.5,4.0.3 and up,1000.0,16.99,3.8,Medical
ASRA Coags,MEDICAL,4.4,15,5.8M,"1,000+",Paid,$3.99,Everyone,Medical,2018-08-01,2.1,4.1 and up,1000.0,3.99,5.8,Medical
IBM Micromedex Drug Info,MEDICAL,3.8,206,9.5M,"10,000+",Paid,$2.99,Everyone,Medical,2018-04-25,1.17.0,4.0 and up,10000.0,2.99,9.5,Medical
Diabetes & Diet Tracker,MEDICAL,4.6,395,19M,"1,000+",Paid,$9.99,Everyone,Medical,2018-07-16,6.5.1,5.0 and up,1000.0,9.99,19.0,Medical
VeinSeek,MEDICAL,2.5,79,Varies with device,"1,000+",Paid,$3.99,Everyone,Medical,2017-12-06,Varies with device,Varies with device,1000.0,3.99,,Medical
Block Buddy,MEDICAL,4.0,15,5.0M,"1,000+",Paid,$14.99,Everyone,Medical,2018-08-01,7.6.14,4.0 and up,1000.0,14.99,5.0,Medical
Super Hearing Secret Voices Recorder PRO,MEDICAL,5.0,3,23M,100+,Paid,$2.99,Everyone,Medical,2018-04-20,1.0,4.1 and up,100.0,2.99,23.0,Medical
EMT Study - NREMT Test Prep,MEDICAL,4.3,35,862k,"5,000+",Paid,$3.99,Everyone,Medical,2014-12-03,1.1,4.0.3 and up,5000.0,3.99,0.841796875,Medical
Calcium Pro,MEDICAL,3.4,77,9.9M,"5,000+",Paid,$2.99,Everyone,Medical,2017-04-18,1.6.2,4.0.3 and up,5000.0,2.99,9.9,Medical
Arrhythmias and Dysrhythmias,MEDICAL,,3,24M,500+,Paid,$1.00,Everyone,Medical,2016-01-24,1.0,4.2 and up,500.0,1.0,24.0,Medical
EMT PASS,MEDICAL,3.4,51,2.4M,"1,000+",Paid,$29.99,Everyone,Medical,2014-10-22,2.0.2,4.0 and up,1000.0,29.99,2.4,Medical
Pocket Lab Values,MEDICAL,4.3,214,899k,"10,000+",Paid,$2.99,Everyone,Medical,2012-11-22,2.5,2.1 and up,10000.0,2.99,0.8779296875,Medical
Medical terms (OFFLINE),MEDICAL,4.4,104,38M,"1,000+",Paid,$2.99,Teen,Medical,2018-05-24,3.2.0,4.1 and up,1000.0,2.99,38.0,Medical
"Cardiac diagnosis (heart rate, arrhythmia)",MEDICAL,4.4,8,6.5M,100+,Paid,$12.99,Everyone,Medical,2018-07-25,7,3.0 and up,100.0,12.99,6.5,Medical
ERres- Emergency Medicine,MEDICAL,4.2,45,14M,"1,000+",Paid,$4.99,Everyone,Medical,2015-08-18,6.0,4.0 and up,1000.0,4.99,14.0,Medical
FHR 5-Tier 2.0,MEDICAL,5.0,2,1.2M,500+,Paid,$2.99,Everyone,Medical,2015-12-16,1.0,4.0 and up,500.0,2.99,1.2,Medical
AnatomyMapp,MEDICAL,4.1,80,48M,"5,000+",Paid,$14.99,Everyone,Medical,2013-11-05,1.0,3.0 and up,5000.0,14.99,48.0,Medical
OptoDrum,MEDICAL,3.9,10,378k,"1,000+",Paid,$5.99,Everyone,Medical,2015-05-26,1.0,3.0 and up,1000.0,5.99,0.369140625,Medical
"Migraine, Headache Diary HeadApp Pro",MEDICAL,4.6,156,22M,500+,Paid,$3.49,Everyone,Medical,2018-03-14,1.10.0.user.pro.release,4.4 and up,500.0,3.49,22.0,Medical
Blood Pressure Companion,MEDICAL,4.2,178,4.8M,"1,000+",Paid,$0.99,Everyone,Medical,2018-07-22,4.1.5 (Steglitz),4.1 and up,1000.0,0.99,4.8,Medical
Visual Anatomy 2,MEDICAL,4.4,576,Varies with device,"5,000+",Paid,$2.49,Everyone,Medical,2017-08-05,Varies with device,Varies with device,5000.0,2.49,,Medical
"Muscle Premium - Human Anatomy, Kinesiology, Bones",MEDICAL,4.2,168,25M,"10,000+",Paid,$24.99,Everyone,Medical,2017-08-11,7.1.17,4.4 and up,10000.0,24.99,25.0,Medical
CCHT PREP,MEDICAL,3.6,25,266k,"1,000+",Paid,$10.99,Everyone,Medical,2016-12-08,1.2,2.1 and up,1000.0,10.99,0.259765625,Medical
Paramedic Meds,MEDICAL,4.5,163,375k,"10,000+",Paid,$1.99,Everyone,Medical,2015-08-03,3.4.3,1.6 and up,10000.0,1.99,0.3662109375,Medical
Advanced Comprehension Therapy,MEDICAL,,3,62M,100+,Paid,$24.99,Everyone,Medical,2017-10-05,1.2,4.0.3 and up,100.0,24.99,62.0,Medical
OmniMedix Medical Calculator,MEDICAL,4.7,25,1.2M,"1,000+",Paid,$4.99,Everyone,Medical,2016-06-11,3.1.6,3.0 and up,1000.0,4.99,1.2,Medical
Breathing Zone,MEDICAL,4.6,319,Varies with device,"5,000+",Paid,$3.99,Everyone,Medical,2018-03-06,Varies with device,Varies with device,5000.0,3.99,,Medical
Lab Values + Medical Reference,MEDICAL,4.5,133,2.8M,"10,000+",Paid,$2.99,Everyone,Medical,2014-08-02,3.0,2.3 and up,10000.0,2.99,2.8,Medical
Recognise Foot,MEDICAL,4.2,9,95M,"1,000+",Paid,$7.49,Everyone,Medical,2017-09-14,1.0.3,4.1 and up,1000.0,7.49,95.0,Medical
Anti Mosquito simulation,MEDICAL,4.2,74,2.6M,"1,000+",Paid,$1.50,Everyone,Medical,2014-09-06,1.0,2.3.3 and up,1000.0,1.5,2.6,Medical
Pain Tracker & Diary,MEDICAL,4.3,3,4.6M,100+,Paid,$2.99,Everyone,Medical,2018-01-02,1.50,4.1 and up,100.0,2.99,4.6,Medical
Menstrual Calendar Premium,MEDICAL,4.4,4207,Varies with device,"50,000+",Paid,$3.99,Everyone,Medical,2013-07-26,Varies with device,Varies with device,50000.0,3.99,,Medical
Whist - Tinnitus Relief,MEDICAL,4.1,12,5.1M,"1,000+",Paid,$1.99,Everyone,Medical,2017-03-02,1.2,4.1 and up,1000.0,1.99,5.1,Medical
Critical Care Paramedic Review,MEDICAL,4.4,17,1.8M,"1,000+",Paid,$9.99,Everyone 10+,Medical,2018-05-14,2.0.5,4.4W and up,1000.0,9.99,1.8,Medical
With Helper Pro Pill Reminder,MEDICAL,4.6,358,Varies with device,"5,000+",Paid,$3.99,Everyone,Medical,2017-10-25,Varies with device,Varies with device,5000.0,3.99,,Medical
Manage My Pain Pro,MEDICAL,4.4,726,Varies with device,"5,000+",Paid,$3.99,Everyone,Medical,2018-03-05,Varies with device,Varies with device,5000.0,3.99,,Medical
"End Anxiety Pro - Stress, Panic Attack Help",MEDICAL,4.2,33,53M,"1,000+",Paid,$3.99,Everyone,Medical,2018-05-08,2.29,4.2 and up,1000.0,3.99,53.0,Medical
Acupuncture Assistant,MEDICAL,4.5,492,39M,"10,000+",Paid,$7.99,Everyone,Medical,2018-04-13,4.4.5,4.1 and up,10000.0,7.99,39.0,Medical
Number Therapy,MEDICAL,,0,5.3M,50+,Paid,$14.99,Everyone,Medical,2017-10-03,1.0,4.0.3 and up,50.0,14.99,5.3,Medical
InfantRisk Center HCP,MEDICAL,2.6,41,14M,"1,000+",Paid,$9.99,Everyone,Medical,2015-05-06,1.3.4,2.3.3 and up,1000.0,9.99,14.0,Medical
EMT Tutor NREMT-B Study Guide,MEDICAL,4.6,625,8.4M,"10,000+",Paid,$3.99,Everyone,Medical,2017-01-08,2.1,2.1 and up,10000.0,3.99,8.4,Medical
Hospitalist Handbook,MEDICAL,4.8,12,18M,"1,000+",Paid,$19.99,Everyone,Medical,2017-06-05,6.0.4,4.1 and up,1000.0,19.99,18.0,Medical
PTA Content Master,MEDICAL,4.2,64,41M,"1,000+",Paid,$29.99,Everyone,Medical,2015-12-22,2.1,2.2 and up,1000.0,29.99,41.0,Medical
Navi Radiography Pro,MEDICAL,4.7,11,100M,500+,Paid,$15.99,Everyone,Medical,2018-01-14,1.2.0,4.0.3 and up,500.0,15.99,100.0,Medical
Nursing Care Plan NANDA Tables,MEDICAL,3.0,4,3.4M,500+,Paid,$0.99,Everyone,Medical,2017-05-09,1.0,2.3.3 and up,500.0,0.99,3.4,Medical
A Manual of Acupuncture,MEDICAL,3.5,214,68M,"1,000+",Paid,$33.99,Everyone,Medical,2017-10-02,2.1.35,4.0 and up,1000.0,33.99,68.0,Medical
palmPEDi: Pediatric Tape,MEDICAL,4.6,66,2.6M,"5,000+",Paid,$0.99,Everyone,Medical,2013-12-02,4.1,3.2 and up,5000.0,0.99,2.6,Medical
GoodRx Drug Prices and Coupons,MEDICAL,4.8,59158,11M,"1,000,000+",Free,0,Everyone,Medical,2018-07-26,5.4.8,4.1 and up,1000000.0,0.0,11.0,Medical
MyChart,MEDICAL,4.2,19473,Varies with device,"1,000,000+",Free,0,Everyone,Medical,2018-07-24,Varies with device,Varies with device,1000000.0,0.0,,Medical
FollowMyHealth®,MEDICAL,4.6,73118,37M,"1,000,000+",Free,0,Everyone,Medical,2018-05-10,3.3,4.4 and up,1000000.0,0.0,37.0,Medical
CareZone,MEDICAL,4.4,27524,Varies with device,"1,000,000+",Free,0,Everyone,Medical,2018-07-30,Varies with device,Varies with device,1000000.0,0.0,,Medical
Ovia Pregnancy Tracker & Baby Countdown Calendar,MEDICAL,4.8,102858,9.8M,"1,000,000+",Free,0,Everyone,Medical,2018-08-03,2.2.4,4.3 and up,1000000.0,0.0,9.8,Medical
Teladoc Member,MEDICAL,4.0,2094,23M,"500,000+",Free,0,Everyone,Medical,2018-07-26,3.19,4.3 and up,500000.0,0.0,23.0,Medical
myAir™ for Air10™ by ResMed,MEDICAL,3.7,236,18M,"50,000+",Free,0,Everyone,Medical,2018-07-25,1.1.0.0.1487,5.0 and up,50000.0,0.0,18.0,Medical
Blood Pressure,MEDICAL,4.2,33033,7.4M,"5,000,000+",Free,0,Everyone,Medical,2018-07-24,3.27.3,4.1 and up,5000000.0,0.0,7.4,Medical
Pregnancy Week By Week,MEDICAL,4.8,78825,11M,"1,000,000+",Free,0,Everyone,Medical,2018-08-02,1.2.16,4.1 and up,1000000.0,0.0,11.0,Medical
Doctor On Demand,MEDICAL,4.7,18674,Varies with device,"1,000,000+",Free,0,Everyone,Medical,2018-07-27,3.25.0,4.4 and up,1000000.0,0.0,,Medical
BioLife Plasma Services,MEDICAL,3.5,250,23M,"100,000+",Free,0,Everyone,Medical,2018-07-09,1.2.0,4.4 and up,100000.0,0.0,23.0,Medical
OneTouch Reveal,MEDICAL,3.9,6266,34M,"500,000+",Free,0,Everyone,Medical,2018-05-22,3.5,5.1 and up,500000.0,0.0,34.0,Medical
To,MEDICAL,4.2,22,15M,"10,000+",Free,0,Everyone,Medical,2018-05-30,Varies with device,Varies with device,10000.0,0.0,15.0,Medical
Ovia Fertility Tracker & Ovulation Calculator,MEDICAL,4.8,53743,13M,"1,000,000+",Free,0,Everyone,Medical,2018-07-27,Varies with device,4.3 and up,1000000.0,0.0,13.0,Medical
Anthem Anywhere,MEDICAL,2.7,2657,24M,"500,000+",Free,0,Everyone,Medical,2018-07-27,8.0.226,4.4 and up,500000.0,0.0,24.0,Medical
Blood Donor,MEDICAL,4.2,4476,20M,"500,000+",Free,0,Everyone,Medical,2018-07-31,1.6.2,4.1 and up,500000.0,0.0,20.0,Medical
My Calendar - Period Tracker,MEDICAL,4.7,156410,14M,"5,000,000+",Free,0,Everyone,Medical,2018-08-03,5.9.6,4.1 and up,5000000.0,0.0,14.0,Medical
Youper - AI Therapy,MEDICAL,4.6,2006,69M,"50,000+",Free,0,Everyone,Medical,2018-08-03,6.02.000,6.0 and up,50000.0,0.0,69.0,Medical
Zocdoc: Find Doctors & Book Appointments,MEDICAL,4.5,6099,38M,"500,000+",Free,0,Everyone,Medical,2018-07-31,3.18.2,4.3 and up,500000.0,0.0,38.0,Medical
1800 Contacts - Lens Store,MEDICAL,4.7,23160,26M,"1,000,000+",Free,0,Everyone,Medical,2018-07-27,7.4.1,5.0 and up,1000000.0,0.0,26.0,Medical
Blood Pressure Log - MyDiary,MEDICAL,4.7,8348,2.6M,"500,000+",Free,0,Everyone,Medical,2018-04-13,1.4.6,4.0 and up,500000.0,0.0,2.6,Medical
PulsePoint Respond,MEDICAL,4.5,7837,21M,"100,000+",Free,0,Everyone,Medical,2018-07-31,2.4,4.1 and up,100000.0,0.0,21.0,Medical
Ovia Parenting & Baby Development Tracker,MEDICAL,4.7,6185,38M,"100,000+",Free,0,Everyone,Medical,2018-08-03,1.2.0,4.3 and up,100000.0,0.0,38.0,Medical
MyQuest for Patients,MEDICAL,4.0,3803,16M,"100,000+",Free,0,Everyone,Medical,2018-03-13,2.17,4.0 and up,100000.0,0.0,16.0,Medical
OptumRx,MEDICAL,3.4,1838,21M,"100,000+",Free,0,Everyone,Medical,2018-07-02,2.11.0,4.0.3 and up,100000.0,0.0,21.0,Medical
CVS Caremark,MEDICAL,3.5,3707,10M,"500,000+",Free,0,Everyone,Medical,2018-07-28,4.36,4.4 and up,500000.0,0.0,10.0,Medical
fred's Pharmacy,MEDICAL,3.0,315,22M,"100,000+",Free,0,Everyone,Medical,2017-10-10,1.0.02,4.0 and up,100000.0,0.0,22.0,Medical
Ada - Your Health Guide,MEDICAL,4.7,87418,14M,"1,000,000+",Free,0,Everyone,Medical,2018-07-16,2.25.0,4.4 and up,1000000.0,0.0,14.0,Medical
mySugr: the blood sugar tracker made just for you,MEDICAL,4.6,21189,36M,"1,000,000+",Free,0,Everyone,Medical,2018-08-06,3.52.1,5.0 and up,1000000.0,0.0,36.0,Medical
ClearCareGo Caregiver,MEDICAL,4.2,1746,16M,"50,000+",Free,0,Everyone,Medical,2018-07-25,2.1.3,4.1 and up,50000.0,0.0,16.0,Medical
Pregnancy Calculator and Tracker app,MEDICAL,4.8,69126,61M,"1,000,000+",Free,0,Everyone,Medical,2018-06-01,2.6.1,4.1 and up,1000000.0,0.0,61.0,Medical
All Mental disorders,MEDICAL,4.5,453,11M,"100,000+",Free,0,Everyone,Medical,2017-07-07,1.1,4.0.3 and up,100000.0,0.0,11.0,Medical
DreamMapper,MEDICAL,4.2,10710,8.5M,"100,000+",Free,0,Everyone,Medical,2018-07-03,2.15,5.0 and up,100000.0,0.0,8.5,Medical
ScriptSave WellRx Rx Discounts,MEDICAL,3.8,700,37M,"100,000+",Free,0,Everyone,Medical,2018-06-21,3.3.0,4.4 and up,100000.0,0.0,37.0,Medical
Delta Dental,MEDICAL,3.0,914,Varies with device,"100,000+",Free,0,Everyone,Medical,2018-07-17,4.6.0,5.0 and up,100000.0,0.0,,Medical
Drugs.com Medication Guide,MEDICAL,4.4,15875,Varies with device,"1,000,000+",Free,0,Everyone,Medical,2018-05-22,Varies with device,4.4 and up,1000000.0,0.0,,Medical
MoodSpace,MEDICAL,4.5,503,22M,"50,000+",Free,0,Everyone,Medical,2018-06-10,3.2.4,5.0 and up,50000.0,0.0,22.0,Medical
Pill Identifier and Drug list,MEDICAL,4.0,488,17M,"100,000+",Free,0,Everyone,Medical,2018-08-01,3.8,4.1 and up,100000.0,0.0,17.0,Medical
HealtheLife,MEDICAL,3.6,190,7.7M,"100,000+",Free,0,Everyone,Medical,2018-01-02,2.4.0,4.4 and up,100000.0,0.0,7.7,Medical
SonicCloud: Hearing App,MEDICAL,4.4,15,39M,"1,000+",Free,0,Everyone,Medical,2018-07-19,1.16.0,4.1 and up,1000.0,0.0,39.0,Medical
Migraine Buddy - The Migraine and Headache tracker,MEDICAL,4.7,26862,30M,"500,000+",Free,0,Everyone,Medical,2018-06-25,25.3.1,4.0.3 and up,500000.0,0.0,30.0,Medical
LabCorp | Patient,MEDICAL,3.6,27,28M,"10,000+",Free,0,Everyone,Medical,2018-04-19,1.0.0,4.1 and up,10000.0,0.0,28.0,Medical
Anatomy Learning - 3D Atlas,MEDICAL,4.5,72167,16M,"1,000,000+",Free,0,Everyone,Medical,2018-07-18,2.0,4.1 and up,1000000.0,0.0,16.0,Medical
Super Hearing Super Ear Amplifier,MEDICAL,4.1,21,20M,"1,000+",Free,0,Everyone,Medical,2018-06-11,1.1,4.1 and up,1000.0,0.0,20.0,Medical
Moodpath - Depression & Anxiety Test,MEDICAL,4.6,6035,8.9M,"100,000+",Free,0,Everyone,Medical,2018-07-05,1.2.0,4.4 and up,100000.0,0.0,8.9,Medical
Teach Me Anatomy,MEDICAL,4.7,9945,97M,"500,000+",Free,0,Everyone,Medical,2018-07-05,5.11,4.1 and up,500000.0,0.0,97.0,Medical
Baritastic - Bariatric Tracker,MEDICAL,4.7,4318,12M,"100,000+",Free,0,Everyone,Medical,2018-07-26,1.3.185,4.1 and up,100000.0,0.0,12.0,Medical
Brilliant Distinctions®,MEDICAL,2.8,78,72M,"50,000+",Free,0,Everyone,Medical,2018-06-27,2.2.12,4.4 and up,50000.0,0.0,72.0,Medical
Mayo Clinic,MEDICAL,4.3,2218,Varies with device,"500,000+",Free,0,Everyone,Medical,2018-08-01,Varies with device,Varies with device,500000.0,0.0,,Medical
98point6,MEDICAL,4.6,47,21M,"10,000+",Free,0,Everyone,Medical,2018-08-02,1.7.1 (946),5.0 and up,10000.0,0.0,21.0,Medical
Epocrates Plus,MEDICAL,4.3,23889,Varies with device,"1,000,000+",Free,0,Everyone,Medical,2018-07-10,Varies with device,4.0 and up,1000000.0,0.0,,Medical
MDLIVE: Talk to a Doctor 24/7,MEDICAL,3.4,650,27M,"100,000+",Free,0,Everyone,Medical,2018-07-23,4.23.0,4.4 and up,100000.0,0.0,27.0,Medical
Free Blood Pressure,MEDICAL,,7,5.7M,"5,000+",Free,0,Everyone,Medical,2016-10-13,3.0.0,4.0.3 and up,5000.0,0.0,5.7,Medical
Super Ear,MEDICAL,4.0,3498,6.6M,"100,000+",Free,0,Everyone,Medical,2018-05-01,1.7.2,4.0 and up,100000.0,0.0,6.6,Medical
VitusVet: Pet Health Care App,MEDICAL,4.8,3052,12M,"100,000+",Free,0,Everyone,Medical,2018-07-31,3.8.0,4.1 and up,100000.0,0.0,12.0,Medical
Banfield Pet Health Tracker,MEDICAL,4.2,1747,5.9M,"100,000+",Free,0,Everyone,Medical,2016-10-17,1.2.2,4.0 and up,100000.0,0.0,5.9,Medical
Dexcom G6,MEDICAL,3.0,45,20M,"5,000+",Free,0,Everyone,Medical,2018-07-16,1.2.3.2,6.0 and up,5000.0,0.0,20.0,Medical
Nurse Grid,MEDICAL,4.5,1686,15M,"100,000+",Free,0,Everyone,Medical,2018-07-30,2.9,4.4 and up,100000.0,0.0,15.0,Medical
Castlight Mobile,MEDICAL,3.7,529,26M,"100,000+",Free,0,Everyone,Medical,2018-07-30,4.4.7,5.0 and up,100000.0,0.0,26.0,Medical
Sanford Guide:Antimicrobial Rx,MEDICAL,4.5,1388,3.3M,"100,000+",Free,0,Everyone,Medical,2018-07-03,2.1.11,4.1 and up,100000.0,0.0,3.3,Medical
Davis's Drug Guide for Nurses,MEDICAL,4.5,572,44M,"50,000+",Free,0,Everyone,Medical,2018-07-13,4.3.2.315,4.4 and up,50000.0,0.0,44.0,Medical
live Point,MEDICAL,3.6,54,17M,"5,000+",Free,0,Mature 17+,Medical,2018-07-03,2.6.5,4.1 and up,5000.0,0.0,17.0,Medical
Tarascon Pharmacopoeia,MEDICAL,4.4,275,5.8M,"10,000+",Free,0,Everyone 10+,Medical,2018-03-16,3.16.4.1669,4.4 and up,10000.0,0.0,5.8,Medical
Official NBSTSA CST Exam Prep,MEDICAL,4.4,2159,11M,"10,000+",Free,0,Everyone,Medical,2018-05-17,4.5.1,4.4 and up,10000.0,0.0,11.0,Medical
EMT-B Pocket Prep,MEDICAL,4.5,2951,16M,"50,000+",Free,0,Everyone,Medical,2018-07-11,4.5.2,4.4 and up,50000.0,0.0,16.0,Medical
5-Minute Clinical Consult,MEDICAL,4.1,84,6.1M,"10,000+",Free,0,Everyone,Medical,2017-12-11,2.7.36,4.1 and up,10000.0,0.0,6.1,Medical
Diabetes:M,MEDICAL,4.6,15545,Varies with device,"100,000+",Free,0,Everyone,Medical,2018-08-01,6.1.3,Varies with device,100000.0,0.0,,Medical
"Pzizz - Sleep, Nap, Focus",MEDICAL,4.3,5521,22M,"100,000+",Free,0,Everyone,Medical,2018-07-01,4.9.6,4.1 and up,100000.0,0.0,22.0,Medical
HESI A2 Pocket Prep,MEDICAL,4.3,2108,28M,"50,000+",Free,0,Everyone,Medical,2018-05-02,4.5.1,4.4 and up,50000.0,0.0,28.0,Medical
Johns Hopkins Guides ABX...,MEDICAL,4.7,73,6.3M,"10,000+",Free,0,Everyone,Medical,2017-12-08,2.7.36,4.1 and up,10000.0,0.0,6.3,Medical
FP Notebook,MEDICAL,4.5,408,60M,"50,000+",Free,0,Everyone,Medical,2018-03-24,2.1.0.372,4.4 and up,50000.0,0.0,60.0,Medical
5 Minute Clinical Consult 2019 - #1 for 25 years,MEDICAL,4.2,33,8.0M,"10,000+",Free,0,Everyone,Medical,2018-05-02,2.6.2,4.2 and up,10000.0,0.0,8.0,Medical
Open Sesame - Touch Free Control,MEDICAL,4.4,197,20M,"10,000+",Free,0,Everyone,Medical,2018-08-02,3.5.7,7.0 and up,10000.0,0.0,20.0,Medical
Davis's Drug Guide,MEDICAL,3.9,272,6.4M,"50,000+",Free,0,Everyone,Medical,2017-12-11,2.7.36,4.1 and up,50000.0,0.0,6.4,Medical
Deep Sleep and Relax Hypnosis,MEDICAL,4.2,4852,34M,"100,000+",Free,0,Everyone,Medical,2013-10-22,1.3,2.2 and up,100000.0,0.0,34.0,Medical
Christella VoiceUp,MEDICAL,4.1,38,70M,"5,000+",Free,0,Everyone,Medical,2018-07-12,2.1.4,4.1 and up,5000.0,0.0,70.0,Medical
Language Therapy: Aphasia,MEDICAL,,10,28M,"1,000+",Paid,$74.99,Everyone,Medical,2018-06-25,3.1.1,4.0.3 and up,1000.0,74.99,28.0,Medical
Complete Anatomy for Android,MEDICAL,4.1,90,21M,"1,000+",Free,0,Everyone,Medical,2018-07-11,1.0.0,7.0 and up,1000.0,0.0,21.0,Medical
GlassesOff,MEDICAL,3.5,1288,38M,"100,000+",Free,0,Everyone,Medical,2018-07-10,1.0.0.10,3.0 and up,100000.0,0.0,38.0,Medical
Free Hypnosis,MEDICAL,4.2,4303,Varies with device,"100,000+",Free,0,Everyone,Medical,2016-09-06,Varies with device,Varies with device,100000.0,0.0,,Medical
e-Anatomy,MEDICAL,4.0,1545,74M,"100,000+",Free,0,Everyone,Medical,2018-07-30,4.8.2,4.0.3 and up,100000.0,0.0,74.0,Medical
Registered Dietitian Pocket Prep,MEDICAL,4.3,283,12M,"5,000+",Free,0,Everyone,Medical,2018-07-12,4.5.3,4.4 and up,5000.0,0.0,12.0,Medical
Paramedic Pocket Prep,MEDICAL,4.3,460,13M,"10,000+",Free,0,Everyone,Medical,2018-07-12,4.5.2,4.4 and up,10000.0,0.0,13.0,Medical
5 Minute Veterinary Consult: Canine & Feline,MEDICAL,2.3,17,6.8M,"1,000+",Free,0,Everyone,Medical,2018-03-29,2.6,4.2 and up,1000.0,0.0,6.8,Medical
Wide address pocket prep,MEDICAL,4.5,513,12M,"5,000+",Free,0,Everyone,Medical,2018-07-11,4.5.2,4.4 and up,5000.0,0.0,12.0,Medical
Nursing Central,MEDICAL,4.3,168,5.8M,"10,000+",Free,0,Everyone,Medical,2018-01-29,2.7.38,4.1 and up,10000.0,0.0,5.8,Medical
Tinnitus Alleviator,MEDICAL,3.1,82,42M,"5,000+",Free,0,Everyone,Medical,2017-12-23,1.6.17,4.1 and up,5000.0,0.0,42.0,Medical
PMHNP-BC Pocket Prep,MEDICAL,4.4,112,13M,"1,000+",Free,0,Everyone,Medical,2018-07-12,4.5.2,4.4 and up,1000.0,0.0,13.0,Medical
Dialysis of Drugs,MEDICAL,2.9,92,1.5M,"10,000+",Free,0,Everyone,Medical,2018-06-15,3.1-2018 – (13),4.0 and up,10000.0,0.0,1.5,Medical
abeoCoder,MEDICAL,3.1,83,3.2M,"10,000+",Free,0,Everyone,Medical,2018-07-30,6.6,4.1 and up,10000.0,0.0,3.2,Medical
Saunders Comprehensive Review NCLEX-PN Examination,MEDICAL,3.7,3,7.7M,"5,000+",Free,0,Everyone,Medical,2018-07-16,2.7.6,5.0 and up,5000.0,0.0,7.7,Medical
LTC AS Legal,MEDICAL,4.0,6,1.3M,100+,Paid,$39.99,Everyone,Medical,2018-04-04,3.0.1,4.1 and up,100.0,39.99,1.3,Medical
Lippincott Nursing Advisor,MEDICAL,3.8,343,26M,"50,000+",Free,0,Everyone,Medical,2018-05-01,3.3.1,4.1 and up,50000.0,0.0,26.0,Medical
Official NBSTSA CSFA Exam Prep,MEDICAL,4.4,137,11M,"1,000+",Free,0,Everyone,Medical,2018-05-17,4.5.1,4.4 and up,1000.0,0.0,11.0,Medical
Dosecast - Medication Reminder,MEDICAL,4.3,4107,Varies with device,"100,000+",Free,0,Everyone,Medical,2018-04-17,Varies with device,Varies with device,100000.0,0.0,,Medical
Visualmed,MEDICAL,,0,3.1M,1+,Paid,$2.99,Everyone,Medical,2018-08-01,1.0,4.1 and up,1.0,2.99,3.1,Medical
ABG Master,MEDICAL,,2,1.8M,50+,Paid,$0.99,Everyone,Medical,2018-08-04,1.1,4.1 and up,50.0,0.99,1.8,Medical
OrthoFlow,MEDICAL,,0,66M,10+,Paid,$5.99,Everyone,Medical,2018-07-15,1.0.0,4.2 and up,10.0,5.99,66.0,Medical
Be the Expert in Phlebotomy - Professional Nursing,MEDICAL,,0,5.0M,1+,Paid,$0.99,Everyone,Medical,2018-07-24,1.0,4.0.3 and up,1.0,0.99,5.0,Medical
JH Blood Pressure Monitor,MEDICAL,3.7,9,2.9M,500+,Free,0,Everyone,Medical,2018-07-21,1.1,4.0.3 and up,500.0,0.0,2.9,Medical
Sway Medical,MEDICAL,5.0,3,22M,100+,Free,0,Everyone,Medical,2018-07-25,3.0.0,5.0 and up,100.0,0.0,22.0,Medical
Exposure Ed,MEDICAL,3.0,2,16M,500+,Free,0,Everyone,Medical,2018-07-17,1.2.9,4.4 and up,500.0,0.0,16.0,Medical
Nucleus Smart,MEDICAL,3.7,20,19M,"1,000+",Free,0,Everyone,Medical,2018-06-27,1.830.0.564-(e405bb2),5.0 and up,1000.0,0.0,19.0,Medical
Penn State Health OnDemand,MEDICAL,,0,40M,50+,Free,0,Everyone,Medical,2018-07-24,10.4.1.018_06,4.0.3 and up,50.0,0.0,40.0,Medical
Breastfeeding Tracker Baby Log,MEDICAL,,6,23M,100+,Free,0,Everyone,Medical,2018-07-20,1.3.5,5.0 and up,100.0,0.0,23.0,Medical
Lego Ninjago Wallpaper,MEDICAL,,2,15M,100+,Free,0,Everyone,Medical,2018-08-02,1.2,3.0 and up,100.0,0.0,15.0,Medical
RT 516 VET,MEDICAL,,0,29M,10+,Free,0,Everyone,Medical,2018-07-13,300000.1.11,4.0.3 and up,10.0,0.0,29.0,Medical
EXOGEN Connects (US),MEDICAL,,0,16M,10+,Free,0,Everyone,Medical,2018-08-01,1.0.1,4.1 and up,10.0,0.0,16.0,Medical
Full Code - Emergency Medicine Simulation,MEDICAL,,0,65M,100+,Free,0,Everyone,Medical,2018-07-23,2.0,5.0 and up,100.0,0.0,65.0,Medical
Maricopa AH,MEDICAL,,0,29M,100+,Free,0,Everyone,Medical,2018-07-16,300000.1.11,4.0.3 and up,100.0,0.0,29.0,Medical
Dare EMS Protocols,MEDICAL,,0,20M,10+,Free,0,Everyone 10+,Medical,2018-07-26,1.8.3,4.1 and up,10.0,0.0,20.0,Medical
Pediatric Emergency Guide,MEDICAL,,0,3.8M,100+,Free,0,Everyone,Medical,2018-07-09,3.1.1,4.4 and up,100.0,0.0,3.8,Medical
Weill Cornell Medicine,MEDICAL,,0,19M,50+,Free,0,Everyone,Medical,2018-07-16,1.0.10,5.0 and up,50.0,0.0,19.0,Medical
Doctors Care,MEDICAL,,0,25M,10+,Free,0,Everyone,Medical,2018-07-24,2.0.0 (35717),4.4 and up,10.0,0.0,25.0,Medical
PCOS Guide - Fight PCOS naturally,MEDICAL,,0,5.1M,100+,Free,0,Everyone,Medical,2018-08-04,1.0,5.0 and up,100.0,0.0,5.1,Medical
EVA - Menstrual calendar and fertility,MEDICAL,,25,16M,"1,000+",Free,0,Everyone,Medical,2018-08-02,1.1,4.1 and up,1000.0,0.0,16.0,Medical
Hello Face,MEDICAL,,0,1.5M,10+,Free,0,Everyone,Medical,2018-07-31,1.0,4.4 and up,10.0,0.0,1.5,Medical
Cochrane Library,MEDICAL,3.7,3,10.0M,100+,Free,0,Everyone,Medical,2018-07-17,1.5.0,4.1 and up,100.0,0.0,10.0,Medical
Labs on Demand,MEDICAL,5.0,1,22M,10+,Free,0,Everyone,Medical,2018-08-03,1.2,4.2 and up,10.0,0.0,22.0,Medical
Diabetes Testing,MEDICAL,,1,3.6M,500+,Free,0,Mature 17+,Medical,2018-07-26,1.0,4.0.3 and up,500.0,0.0,3.6,Medical
GGDE: Prevent & Beat Depression Symptoms,MEDICAL,,2,20M,50+,Free,0,Everyone,Medical,2018-07-24,2.01.12,4.0 and up,50.0,0.0,20.0,Medical
Dermatology Atlas (Colored & Illustrative),MEDICAL,5.0,3,20M,100+,Free,0,Everyone,Medical,2018-07-19,1.0,4.1 and up,100.0,0.0,20.0,Medical
Jaylex,MEDICAL,,0,13M,10+,Free,0,Everyone,Medical,2018-07-30,1.2.3-DEBUG,4.2 and up,10.0,0.0,13.0,Medical
Tablet Reminder,MEDICAL,5.0,4,2.5M,5+,Free,0,Everyone,Medical,2018-08-03,1.0,4.1 and up,5.0,0.0,2.5,Medical
Clinical Pharmacology,MEDICAL,,0,3.6M,10+,Free,0,Everyone,Medical,2018-08-01,1.0,4.1 and up,10.0,0.0,3.6,Medical
Galaxies of Hope,MEDICAL,5.0,2,24M,50+,Free,0,Everyone,Medical,2018-07-27,1.0,4.1 and up,50.0,0.0,24.0,Medical
Smartshading AI,MEDICAL,,0,10M,10+,Free,0,Everyone,Medical,2018-06-21,1.0,4.1 and up,10.0,0.0,10.0,Medical
KBA-EZ Health Guide,MEDICAL,5.0,4,25M,1+,Free,0,Everyone,Medical,2018-08-02,1.0.72,4.0.3 and up,1.0,0.0,25.0,Medical
FoothillsVet,MEDICAL,5.0,2,29M,50+,Free,0,Everyone,Medical,2018-07-11,300000.1.11,4.0.3 and up,50.0,0.0,29.0,Medical
Eversense,MEDICAL,,3,17M,100+,Free,0,Everyone,Medical,2018-07-18,2.0.101,4.4 and up,100.0,0.0,17.0,Medical
PrimeDelivery,MEDICAL,5.0,3,53M,10+,Free,0,Everyone,Medical,2018-07-13,0.1,4.1 and up,10.0,0.0,53.0,Medical
You're an Anime,MEDICAL,5.0,2,83M,10+,Free,0,Everyone,Medical,2018-07-12,1.0,5.0 and up,10.0,0.0,83.0,Medical
Anatomy & Physiology Vocabulary Exam Review App,MEDICAL,5.0,1,4.6M,5+,Free,0,Everyone,Medical,2018-08-02,2.0,4.0 and up,5.0,0.0,4.6,Medical
Drug Calculator,MEDICAL,,0,4.6M,10+,Free,0,Everyone,Medical,2018-07-27,1.0,4.4 and up,10.0,0.0,4.6,Medical
HACH Cares,MEDICAL,,0,28M,10+,Free,0,Everyone,Medical,2018-07-25,300000.1.11,4.0.3 and up,10.0,0.0,28.0,Medical
WAH 247,MEDICAL,,0,29M,1+,Free,0,Everyone,Medical,2018-07-20,300000.1.11,4.0.3 and up,1.0,0.0,29.0,Medical
CT Scan Cross Sectional Anatomy,MEDICAL,4.3,10,46M,100+,Free,0,Everyone,Medical,2018-07-19,5.0.16,4.1 and up,100.0,0.0,46.0,Medical
VetCode,MEDICAL,4.9,28,5.7M,"5,000+",Free,0,Everyone,Medical,2018-07-07,1.0,4.4 and up,5000.0,0.0,5.7,Medical
ear super hearing,MEDICAL,,0,1.4M,5+,Free,0,Everyone,Medical,2018-07-31,1.0 Super Ear Hearing,4.0 and up,5.0,0.0,1.4,Medical
Traditional Chinese Medicine Fangfang Liangfang Daquan - Practical and ancient Chinese medicine and old prescriptions for the treatment of various incurable diseases,MEDICAL,,1,12M,10+,Free,0,Everyone,Medical,2018-07-21,1.0.0,4.0 and up,10.0,0.0,12.0,Medical
COPD GOLD 2017,MEDICAL,,5,2.2M,10+,Free,0,Everyone,Medical,2018-07-13,1.0,4.0 and up,10.0,0.0,2.2,Medical
Summit Medical Video Visits,MEDICAL,,0,27M,10+,Free,0,Everyone,Medical,2018-07-12,1.1.1,4.1 and up,10.0,0.0,27.0,Medical
ExtendedCare Virtual Care Room,MEDICAL,,0,18M,5+,Free,0,Everyone,Medical,2018-07-30,1.0,5.1 and up,5.0,0.0,18.0,Medical
Lord Fairfax EMS Council,MEDICAL,,0,30M,50+,Free,0,Everyone,Medical,2018-07-17,1,4.0.3 and up,50.0,0.0,30.0,Medical
MyWoundDoctor - Provider,MEDICAL,,0,3.5M,1+,Free,0,Everyone,Medical,2018-07-27,1.2.1,5.0 and up,1.0,0.0,3.5,Medical
NCLEX Multi-topic Nursing Exam Review-Quiz & notes,MEDICAL,5.0,1,4.2M,10+,Free,0,Everyone,Medical,2018-07-24,1.0,4.0.3 and up,10.0,0.0,4.2,Medical
Warfarin Dose Calculator,MEDICAL,,0,6.9M,50+,Free,0,Everyone,Medical,2018-07-15,3.0.0,4.1 and up,50.0,0.0,6.9,Medical
Renesas PMA,MEDICAL,,0,6.6M,5+,Free,0,Everyone,Medical,2018-07-18,1.2.9,4.4 and up,5.0,0.0,6.6,Medical
Pediatric Nursing,MEDICAL,4.9,14,7.0M,100+,Free,0,Everyone,Medical,2018-07-13,PN.1.0,4.0.3 and up,100.0,0.0,7.0,Medical
Interpret Chest X-Ray With 100 Cases,MEDICAL,4.6,5,11M,100+,Free,0,Everyone,Medical,2018-08-03,1.0,4.1 and up,100.0,0.0,11.0,Medical
Basics of Orthopaedics,MEDICAL,5.0,1,5.6M,10+,Free,0,Everyone,Medical,2018-07-27,1.0,4.1 and up,10.0,0.0,5.6,Medical
4 Paws PH,MEDICAL,,1,29M,5+,Free,0,Everyone,Medical,2018-07-25,300000.1.11,4.0.3 and up,5.0,0.0,29.0,Medical
high cholesterol levels,MEDICAL,,0,3.3M,100+,Free,0,Everyone,Medical,2018-07-23,1.0,4.1 and up,100.0,0.0,3.3,Medical
Thyroid Nodules,MEDICAL,,0,20M,10+,Free,0,Everyone,Medical,2018-07-14,1.0,4.3 and up,10.0,0.0,20.0,Medical
Training course: Learn Nursing,MEDICAL,,0,7.0M,100+,Free,0,Everyone,Medical,2018-07-08,1.0.0,4.1 and up,100.0,0.0,7.0,Medical
Familyfirst Messenger,MEDICAL,4.0,1,3.3M,10+,Free,0,Everyone,Medical,2018-07-12,0.1.2,4.4 and up,10.0,0.0,3.3,Medical
14thStreetVet,MEDICAL,,0,29M,5+,Free,0,Everyone,Medical,2018-07-16,300000.1.11,4.0.3 and up,5.0,0.0,29.0,Medical
Clinic Doctor EHr,MEDICAL,5.0,2,7.1M,5+,Free,0,Everyone,Medical,2018-08-03,1.0.51.0.3,8.0 and up,5.0,0.0,7.1,Medical
OMD Protocols,MEDICAL,,0,Varies with device,10+,Free,0,Everyone,Medical,2018-07-27,1.0,Varies with device,10.0,0.0,,Medical
Anthem BC Anywhere,MEDICAL,2.6,496,24M,"100,000+",Free,0,Everyone,Medical,2018-07-27,8.0.226,4.4 and up,100000.0,0.0,24.0,Medical
My Cancer Coach,MEDICAL,4.3,44,34M,"10,000+",Free,0,Everyone,Medical,2018-04-12,3.4.0.10,4.0.3 and up,10000.0,0.0,34.0,Medical
IHSS Help,MEDICAL,4.7,10,4.3M,"1,000+",Free,0,Everyone,Medical,2018-06-05,1.0,5.0 and up,1000.0,0.0,4.3,Medical
mobileRx Pharmacy,MEDICAL,2.5,124,43M,"10,000+",Free,0,Everyone,Medical,2017-01-13,3.0.2,3.0 and up,10000.0,0.0,43.0,Medical
BURST Professionals,MEDICAL,4.5,11,25M,"1,000+",Free,0,Everyone,Medical,2018-01-17,1.0.7,4.2 and up,1000.0,0.0,25.0,Medical
LactMed,MEDICAL,4.3,573,2.0M,"100,000+",Free,0,Everyone,Medical,2017-06-01,3.1,3.0 and up,100000.0,0.0,2.0,Medical
Blue CareOnDemand,MEDICAL,4.4,163,40M,"10,000+",Free,0,Everyone,Medical,2018-06-29,10.4.1.015_05,4.0.3 and up,10000.0,0.0,40.0,Medical
HHS,MEDICAL,,0,4.3M,500+,Free,0,Everyone,Medical,2017-05-30,Initial,4.0 and up,500.0,0.0,4.3,Medical
Every disease has a drug without internet,MEDICAL,,44,4.0M,"10,000+",Free,0,Everyone,Medical,2018-04-24,1.0,4.1 and up,10000.0,0.0,4.0,Medical
PulsePoint AED,MEDICAL,4.5,330,17M,"50,000+",Free,0,Everyone,Medical,2018-07-31,1.12,4.0.3 and up,50000.0,0.0,17.0,Medical
Deaf Interpreter,MEDICAL,3.8,24,4.4M,"1,000+",Free,0,Everyone,Medical,2017-09-26,5.51,3.0 and up,1000.0,0.0,4.4,Medical
High Blood Pressure Symptoms,MEDICAL,4.0,531,2.3M,"100,000+",Free,0,Everyone,Medical,2015-01-18,1.0,3.0 and up,100000.0,0.0,2.3,Medical
MedStar eVisit,MEDICAL,4.5,20,40M,"5,000+",Free,0,Everyone,Medical,2018-04-10,10.4.1.000_00,4.0.3 and up,5000.0,0.0,40.0,Medical
Blood Pressure(BP) Diary,MEDICAL,3.7,3596,8.4M,"1,000,000+",Free,0,Everyone,Medical,2018-07-18,4.0.9,4.0.3 and up,1000000.0,0.0,8.4,Medical
REDCap Mobile App,MEDICAL,4.3,56,11M,"10,000+",Free,0,Everyone,Medical,2018-07-31,3.0.8,4.3 and up,10000.0,0.0,11.0,Medical
VITAS Hospice Referral App for Healthcare Pros,MEDICAL,4.4,27,15M,"5,000+",Free,0,Everyone,Medical,2018-07-20,2.5.0 b665,5.0 and up,5000.0,0.0,15.0,Medical
AAFP,MEDICAL,3.8,63,24M,"10,000+",Free,0,Everyone,Medical,2018-06-22,2.3.1,5.0 and up,10000.0,0.0,24.0,Medical
Airway Ex - Intubate. Anesthetize. Train.,MEDICAL,4.3,123,86M,"10,000+",Free,0,Everyone,Medical,2018-06-01,0.6.88,5.0 and up,10000.0,0.0,86.0,Medical
myvi by,MEDICAL,3.8,122,Varies with device,"10,000+",Free,0,Everyone,Medical,2018-08-03,Varies with device,Varies with device,10000.0,0.0,,Medical
420 BZ Budeze Delivery,MEDICAL,5.0,2,11M,100+,Free,0,Mature 17+,Medical,2018-06-06,1.0.1,4.1 and up,100.0,0.0,11.0,Medical
Fever Meter,MEDICAL,3.6,26,975k,"5,000+",Free,0,Everyone,Medical,2015-05-10,1.1,2.2 and up,5000.0,0.0,0.9521484375,Medical
Super Ear Super Hearing,MEDICAL,4.0,122,980k,"10,000+",Free,0,Everyone,Medical,2018-07-13,1.4,4.0 and up,10000.0,0.0,0.95703125,Medical
Blood Pressure Monitor,MEDICAL,4.3,17,6.0M,"10,000+",Free,0,Everyone,Medical,2017-02-25,1.0.1,4.4 and up,10000.0,0.0,6.0,Medical
BELONG Beating Cancer Together,MEDICAL,4.7,623,20M,"50,000+",Free,0,Teen,Medical,2018-07-29,4.0.5,4.3 and up,50000.0,0.0,20.0,Medical
BP Journal - Blood Pressure Diary,MEDICAL,5.0,6,26M,"1,000+",Free,0,Everyone,Medical,2018-05-25,1.0.32,4.4 and up,1000.0,0.0,26.0,Medical
TelaDoc,MEDICAL,4.7,6,13M,"1,000+",Free,0,Everyone,Medical,2018-03-31,1.3.0,5.0 and up,1000.0,0.0,13.0,Medical
Blood Pressure - Stay Healthy,MEDICAL,4.6,7,2.7M,"1,000+",Free,0,Everyone,Medical,2018-04-16,43.0,4.0.3 and up,1000.0,0.0,2.7,Medical
ConnectLine,MEDICAL,3.1,253,4.2M,"50,000+",Free,0,Everyone,Medical,2016-09-12,1.3.4,2.3.3 and up,50000.0,0.0,4.2,Medical
Club,MEDICAL,4.4,3786,28M,"50,000+",Free,0,Everyone,Medical,2018-07-16,4.4.3,4.0.3 and up,50000.0,0.0,28.0,Medical
Zen Leaf,MEDICAL,5.0,1,6.1M,100+,Free,0,Mature 17+,Medical,2018-03-08,2.3.5,4.1 and up,100.0,0.0,6.1,Medical
Homeopathic Medicine Finder,MEDICAL,3.6,10,15M,"1,000+",Free,0,Everyone,Medical,2017-11-20,0.0.1,4.0 and up,1000.0,0.0,15.0,Medical
Patient Portal,MEDICAL,2.8,66,1.2M,"50,000+",Free,0,Everyone,Medical,2016-10-25,1.0,4.0.3 and up,50000.0,0.0,1.2,Medical
Nemours CareConnect,MEDICAL,4.4,65,37M,"10,000+",Free,0,Everyone,Medical,2018-04-05,10.4.1.000_00,4.0.3 and up,10000.0,0.0,37.0,Medical
tökr,MEDICAL,4.6,17,14M,"1,000+",Free,0,Everyone,Medical,2018-07-11,1.9.0.0,4.1 and up,1000.0,0.0,14.0,Medical
Low Blood Pressure Symptoms,MEDICAL,4.2,28,2.3M,"10,000+",Free,0,Everyone,Medical,2015-01-20,1.0,3.0 and up,10000.0,0.0,2.3,Medical
PatientPORTAL by InteliChart,MEDICAL,,1,32M,500+,Free,0,Everyone,Medical,2018-05-24,1.0.1,5.0 and up,500.0,0.0,32.0,Medical
